time,Open,High,Low,Close,Volume
2026-07-23 04:09:00+00:00,7525.0,7525.75,7524.0,7524.0,0
2026-07-23 04:10:00+00:00,7523.75,7525.0,7523.75,7524.5,51
2026-07-23 04:11:00+00:00,7524.25,7524.5,7524.0,7524.5,40
2026-07-23 04:12:00+00:00,7524.75,7526.75,7524.25,7526.75,98
2026-07-23 04:13:00+00:00,7526.75,7527.75,7526.5,7527.75,105
2026-07-23 04:14:00+00:00,7527.5,7529.0,7527.5,7528.5,141
2026-07-23 04:15:00+00:00,7529.0,7529.5,7528.75,7529.25,81
2026-07-23 04:16:00+00:00,7529.0,7529.5,7527.5,7527.5,109
2026-07-23 04:17:00+00:00,7527.25,7528.0,7527.25,7527.5,57
2026-07-23 04:18:00+00:00,7527.75,7528.25,7527.75,7527.75,49
2026-07-23 04:19:00+00:00,7528.0,7528.25,7527.5,7527.5,49
2026-07-23 04:20:00+00:00,7527.5,7528.75,7527.5,7528.25,84
2026-07-23 04:21:00+00:00,7528.25,7529.25,7528.25,7529.25,62
2026-07-23 04:22:00+00:00,7529.5,7530.5,7529.0,7530.25,98
2026-07-23 04:23:00+00:00,7530.5,7530.75,7530.0,7530.25,50
2026-07-23 04:24:00+00:00,7530.5,7530.75,7530.0,7530.5,35
2026-07-23 04:25:00+00:00,7530.5,7533.5,7530.5,7533.5,228
2026-07-23 04:26:00+00:00,7533.25,7533.75,7532.75,7533.0,128
2026-07-23 04:27:00+00:00,7533.25,7533.5,7532.0,7532.25,94
2026-07-23 04:28:00+00:00,7532.0,7532.25,7529.5,7530.5,108
2026-07-23 04:29:00+00:00,7530.75,7533.0,7530.0,7532.25,256
2026-07-23 04:30:00+00:00,7532.0,7532.75,7531.5,7532.5,178
2026-07-23 04:31:00+00:00,7532.5,7532.5,7530.5,7530.75,107
2026-07-23 04:32:00+00:00,7530.75,7531.5,7530.25,7531.25,57
2026-07-23 04:33:00+00:00,7531.25,7532.5,7531.25,7532.25,116
2026-07-23 04:34:00+00:00,7532.0,7533.0,7532.0,7532.75,44
2026-07-23 04:35:00+00:00,7533.0,7533.25,7531.5,7531.75,71
2026-07-23 04:36:00+00:00,7531.75,7532.75,7531.0,7532.75,112
2026-07-23 04:37:00+00:00,7533.0,7533.25,7532.0,7532.5,107
2026-07-23 04:38:00+00:00,7532.25,7532.5,7531.5,7532.0,99
2026-07-23 04:39:00+00:00,7532.25,7532.75,7532.0,7532.75,49
2026-07-23 04:40:00+00:00,7533.0,7533.0,7532.25,7532.75,49
2026-07-23 04:41:00+00:00,7532.75,7532.75,7531.5,7531.75,47
2026-07-23 04:42:00+00:00,7531.5,7531.5,7530.5,7531.5,103
2026-07-23 04:43:00+00:00,7531.0,7531.0,7529.75,7530.0,93
2026-07-23 04:44:00+00:00,7530.25,7530.75,7530.0,7530.0,44
2026-07-23 04:45:00+00:00,7530.0,7530.75,7529.25,7530.75,58
2026-07-23 04:46:00+00:00,7531.0,7531.5,7530.5,7531.25,67
2026-07-23 04:47:00+00:00,7530.75,7531.75,7530.75,7531.25,27
2026-07-23 04:48:00+00:00,7531.5,7531.5,7529.75,7529.75,55
2026-07-23 04:49:00+00:00,7529.75,7529.75,7528.25,7528.25,114
2026-07-23 04:50:00+00:00,7528.25,7528.25,7527.0,7527.25,52
2026-07-23 04:51:00+00:00,7527.5,7527.75,7526.5,7526.5,64
2026-07-23 04:52:00+00:00,7526.75,7527.5,7526.25,7526.25,92
2026-07-23 04:53:00+00:00,7526.5,7527.0,7525.75,7527.0,68
2026-07-23 04:54:00+00:00,7526.75,7527.5,7526.5,7526.75,75
2026-07-23 04:55:00+00:00,7526.75,7527.75,7526.5,7526.5,35
2026-07-23 04:56:00+00:00,7526.5,7526.75,7526.0,7526.75,51
2026-07-23 04:57:00+00:00,7526.75,7527.5,7526.5,7527.5,37
2026-07-23 04:58:00+00:00,7527.5,7528.0,7527.0,7527.5,67
2026-07-23 04:59:00+00:00,7527.25,7527.5,7527.25,7527.25,11
2026-07-23 05:00:00+00:00,7527.5,7528.0,7526.0,7526.75,147
2026-07-23 05:01:00+00:00,7526.5,7526.5,7525.75,7525.75,60
2026-07-23 05:02:00+00:00,7525.75,7527.0,7525.0,7525.75,95
2026-07-23 05:03:00+00:00,7525.5,7526.75,7525.5,7526.0,41
2026-07-23 05:04:00+00:00,7525.75,7526.0,7525.5,7526.0,45
2026-07-23 05:05:00+00:00,7526.25,7526.5,7525.75,7525.75,43
2026-07-23 05:06:00+00:00,7525.75,7526.5,7525.5,7526.25,38
2026-07-23 05:07:00+00:00,7526.0,7526.75,7525.5,7526.25,48
2026-07-23 05:08:00+00:00,7526.5,7526.5,7525.75,7525.75,39
2026-07-23 05:09:00+00:00,7526.0,7526.25,7525.75,7526.0,24
2026-07-23 05:10:00+00:00,7526.25,7526.5,7525.5,7526.0,41
2026-07-23 05:11:00+00:00,7526.25,7526.25,7525.25,7525.25,41
2026-07-23 05:12:00+00:00,7525.25,7525.75,7524.0,7525.75,117
2026-07-23 05:13:00+00:00,7525.5,7526.5,7525.0,7526.25,80
2026-07-23 05:14:00+00:00,7526.25,7527.25,7526.0,7527.0,74
2026-07-23 05:15:00+00:00,7526.75,7526.75,7525.75,7526.75,46
2026-07-23 05:16:00+00:00,7526.75,7526.75,7525.5,7525.5,41
2026-07-23 05:17:00+00:00,7525.5,7526.0,7525.0,7525.75,78
2026-07-23 05:18:00+00:00,7525.75,7526.75,7525.5,7526.0,51
2026-07-23 05:19:00+00:00,7525.75,7526.0,7525.0,7526.0,39
2026-07-23 05:20:00+00:00,7526.0,7527.5,7526.0,7527.0,76
2026-07-23 05:21:00+00:00,7527.25,7528.0,7527.25,7528.0,61
2026-07-23 05:22:00+00:00,7528.0,7528.5,7526.75,7526.75,113
2026-07-23 05:23:00+00:00,7526.75,7526.75,7525.0,7525.0,62
2026-07-23 05:24:00+00:00,7525.0,7527.25,7524.5,7527.25,105
2026-07-23 05:25:00+00:00,7527.0,7529.0,7527.0,7528.5,71
2026-07-23 05:26:00+00:00,7528.25,7531.25,7528.25,7531.25,74
2026-07-23 05:27:00+00:00,7531.5,7532.25,7531.25,7531.5,129
2026-07-23 05:28:00+00:00,7531.25,7531.5,7531.0,7531.25,50
2026-07-23 05:29:00+00:00,7531.5,7533.75,7531.5,7533.75,147
2026-07-23 05:30:00+00:00,7533.75,7535.25,7533.0,7534.75,231
2026-07-23 05:31:00+00:00,7534.75,7535.5,7534.5,7535.0,118
2026-07-23 05:32:00+00:00,7534.75,7535.25,7534.25,7534.5,82
2026-07-23 05:33:00+00:00,7534.25,7534.5,7533.5,7534.0,83
2026-07-23 05:34:00+00:00,7534.0,7534.25,7533.0,7533.25,136
2026-07-23 05:35:00+00:00,7533.5,7533.5,7532.25,7532.75,89
2026-07-23 05:36:00+00:00,7532.75,7533.25,7531.75,7532.0,92
2026-07-23 05:37:00+00:00,7532.5,7532.75,7532.0,7532.0,40
2026-07-23 05:38:00+00:00,7532.5,7532.5,7530.0,7530.25,70
2026-07-23 05:39:00+00:00,7530.0,7530.5,7529.0,7529.5,89
2026-07-23 05:40:00+00:00,7529.5,7530.75,7528.75,7530.5,92
2026-07-23 05:41:00+00:00,7530.5,7531.75,7530.25,7530.5,66
2026-07-23 05:42:00+00:00,7530.5,7530.5,7530.0,7530.0,80
2026-07-23 05:43:00+00:00,7530.25,7531.0,7528.75,7528.75,66
2026-07-23 05:44:00+00:00,7528.5,7530.0,7528.25,7529.75,47
2026-07-23 05:45:00+00:00,7529.75,7530.0,7528.25,7528.25,57
2026-07-23 05:46:00+00:00,7528.5,7529.25,7528.25,7528.5,29
2026-07-23 05:47:00+00:00,7528.5,7528.5,7527.75,7527.75,85
2026-07-23 05:48:00+00:00,7527.5,7527.5,7525.75,7526.25,103
2026-07-23 05:49:00+00:00,7526.25,7526.5,7525.0,7525.0,155
2026-07-23 05:50:00+00:00,7525.0,7525.75,7524.0,7525.5,171
2026-07-23 05:51:00+00:00,7525.5,7526.0,7524.5,7524.75,45
2026-07-23 05:52:00+00:00,7524.75,7524.75,7524.0,7524.5,66
2026-07-23 05:53:00+00:00,7524.25,7524.75,7524.25,7524.5,94
2026-07-23 05:54:00+00:00,7524.25,7524.5,7521.5,7521.5,295
2026-07-23 05:55:00+00:00,7521.5,7523.75,7521.5,7523.25,323
2026-07-23 05:56:00+00:00,7523.5,7525.0,7523.25,7524.75,85
2026-07-23 05:57:00+00:00,7524.75,7525.0,7522.75,7524.25,110
2026-07-23 05:58:00+00:00,7524.0,7524.25,7522.75,7523.0,56
2026-07-23 05:59:00+00:00,7523.25,7523.25,7522.0,7522.75,138
2026-07-23 06:00:00+00:00,7522.5,7524.0,7522.5,7524.0,211
2026-07-23 06:01:00+00:00,7524.0,7526.25,7524.0,7525.75,261
2026-07-23 06:02:00+00:00,7525.5,7525.5,7524.5,7524.75,129
2026-07-23 06:03:00+00:00,7524.75,7525.25,7524.25,7525.0,86
2026-07-23 06:04:00+00:00,7525.0,7525.0,7524.0,7524.5,83
2026-07-23 06:05:00+00:00,7524.5,7525.75,7524.5,7525.5,123
2026-07-23 06:06:00+00:00,7525.25,7525.5,7522.75,7522.75,119
2026-07-23 06:07:00+00:00,7523.25,7523.5,7522.25,7522.75,94
2026-07-23 06:08:00+00:00,7522.75,7523.25,7522.5,7522.75,81
2026-07-23 06:09:00+00:00,7522.75,7523.0,7522.0,7522.5,119
2026-07-23 06:10:00+00:00,7522.5,7524.0,7522.5,7523.75,95
2026-07-23 06:11:00+00:00,7523.5,7523.75,7522.5,7523.0,145
2026-07-23 06:12:00+00:00,7523.0,7524.25,7522.25,7524.0,175
2026-07-23 06:13:00+00:00,7524.25,7524.75,7523.75,7524.5,121
2026-07-23 06:14:00+00:00,7524.5,7525.0,7524.0,7524.25,90
2026-07-23 06:15:00+00:00,7524.25,7524.5,7523.5,7523.75,137
2026-07-23 06:16:00+00:00,7523.75,7524.25,7523.0,7523.75,263
2026-07-23 06:17:00+00:00,7523.75,7525.75,7523.75,7525.0,186
2026-07-23 06:18:00+00:00,7525.25,7525.75,7524.25,7524.25,96
2026-07-23 06:19:00+00:00,7524.25,7526.0,7523.5,7526.0,252
2026-07-23 06:20:00+00:00,7526.0,7526.5,7525.5,7525.75,168
2026-07-23 06:21:00+00:00,7526.0,7526.25,7525.5,7526.0,132
2026-07-23 06:22:00+00:00,7526.25,7526.25,7523.25,7523.5,187
2026-07-23 06:23:00+00:00,7523.25,7523.75,7522.5,7522.75,133
2026-07-23 06:24:00+00:00,7523.0,7524.0,7523.0,7523.75,132
2026-07-23 06:25:00+00:00,7523.75,7525.5,7523.75,7525.0,166
2026-07-23 06:26:00+00:00,7525.0,7525.75,7525.0,7525.25,156
2026-07-23 06:27:00+00:00,7525.25,7525.25,7524.25,7524.75,110
2026-07-23 06:28:00+00:00,7524.75,7525.5,7524.5,7525.5,56
2026-07-23 06:29:00+00:00,7525.0,7526.25,7524.75,7525.75,799
2026-07-23 06:30:00+00:00,7525.75,7526.5,7524.75,7524.75,245
2026-07-23 06:31:00+00:00,7524.75,7524.75,7524.25,7524.25,120
2026-07-23 06:32:00+00:00,7524.25,7524.5,7523.75,7523.75,186
2026-07-23 06:33:00+00:00,7523.75,7524.0,7523.0,7523.0,156
2026-07-23 06:34:00+00:00,7523.0,7523.0,7521.75,7522.75,305
2026-07-23 06:35:00+00:00,7522.75,7523.0,7521.5,7522.5,218
2026-07-23 06:36:00+00:00,7522.5,7523.0,7522.25,7522.75,174
2026-07-23 06:37:00+00:00,7522.75,7522.75,7521.75,7522.0,124
2026-07-23 06:38:00+00:00,7521.75,7522.25,7521.5,7522.0,133
2026-07-23 06:39:00+00:00,7522.0,7522.25,7521.75,7521.75,96
2026-07-23 06:40:00+00:00,7521.75,7522.0,7521.0,7521.25,179
2026-07-23 06:41:00+00:00,7521.25,7521.25,7520.75,7521.25,112
2026-07-23 06:42:00+00:00,7521.5,7522.0,7521.5,7521.75,89
2026-07-23 06:43:00+00:00,7521.75,7522.25,7521.5,7521.75,119
2026-07-23 06:44:00+00:00,7521.75,7521.75,7520.0,7520.25,144
2026-07-23 06:45:00+00:00,7520.25,7521.75,7520.0,7521.5,144
2026-07-23 06:46:00+00:00,7521.5,7525.5,7521.5,7525.25,360
2026-07-23 06:47:00+00:00,7525.0,7525.25,7523.75,7523.75,120
2026-07-23 06:48:00+00:00,7524.0,7524.25,7523.5,7523.75,36
2026-07-23 06:49:00+00:00,7523.75,7523.75,7523.25,7523.25,83
2026-07-23 06:50:00+00:00,7523.0,7523.25,7522.5,7523.25,138
2026-07-23 06:51:00+00:00,7523.25,7523.25,7521.0,7521.5,100
2026-07-23 06:52:00+00:00,7521.25,7521.25,7520.0,7520.5,172
2026-07-23 06:53:00+00:00,7520.5,7521.25,7520.5,7521.25,104
2026-07-23 06:54:00+00:00,7521.0,7521.5,7520.5,7521.0,162
2026-07-23 06:55:00+00:00,7521.0,7521.0,7520.0,7520.5,154
2026-07-23 06:56:00+00:00,7520.5,7521.0,7520.25,7520.5,96
2026-07-23 06:57:00+00:00,7520.75,7520.75,7520.25,7520.25,100
2026-07-23 06:58:00+00:00,7520.25,7520.5,7519.5,7520.0,194
2026-07-23 06:59:00+00:00,7519.75,7520.25,7519.25,7519.75,143
2026-07-23 07:00:00+00:00,7519.75,7520.5,7513.75,7513.75,1207
2026-07-23 07:01:00+00:00,7513.75,7514.25,7512.25,7513.25,670
2026-07-23 07:02:00+00:00,7513.5,7517.0,7512.75,7516.5,688
2026-07-23 07:03:00+00:00,7516.25,7517.25,7515.75,7516.25,295
2026-07-23 07:04:00+00:00,7516.0,7516.25,7513.5,7514.75,382
2026-07-23 07:05:00+00:00,7514.75,7515.75,7514.25,7514.75,337
2026-07-23 07:06:00+00:00,7515.0,7515.0,7513.0,7513.75,307
2026-07-23 07:07:00+00:00,7514.0,7514.0,7512.25,7512.5,301
2026-07-23 07:08:00+00:00,7512.75,7513.0,7511.75,7511.75,384
2026-07-23 07:09:00+00:00,7511.75,7511.75,7510.25,7510.25,640
2026-07-23 07:10:00+00:00,7510.25,7510.25,7505.5,7505.5,1047
2026-07-23 07:11:00+00:00,7505.5,7505.75,7501.75,7501.75,1512
2026-07-23 07:12:00+00:00,7501.75,7503.25,7498.5,7499.75,1189
2026-07-23 07:13:00+00:00,7499.75,7502.75,7499.25,7502.0,839
2026-07-23 07:14:00+00:00,7501.75,7506.0,7501.5,7505.0,789
2026-07-23 07:15:00+00:00,7505.25,7507.25,7505.25,7506.75,581
2026-07-23 07:16:00+00:00,7506.5,7508.0,7505.75,7508.0,511
2026-07-23 07:17:00+00:00,7507.75,7508.5,7506.5,7508.25,274
2026-07-23 07:18:00+00:00,7508.5,7509.0,7506.5,7508.0,314
2026-07-23 07:19:00+00:00,7508.0,7509.0,7506.5,7508.5,490
2026-07-23 07:20:00+00:00,7509.0,7511.5,7509.0,7511.25,549
2026-07-23 07:21:00+00:00,7511.25,7511.25,7509.0,7509.75,359
2026-07-23 07:22:00+00:00,7509.75,7510.0,7509.0,7509.0,173
2026-07-23 07:23:00+00:00,7509.0,7510.25,7508.5,7510.0,153
2026-07-23 07:24:00+00:00,7509.75,7510.25,7507.25,7507.5,254
2026-07-23 07:25:00+00:00,7507.5,7512.0,7507.5,7511.0,310
2026-07-23 07:26:00+00:00,7511.0,7513.25,7510.75,7513.0,407
2026-07-23 07:27:00+00:00,7512.5,7513.0,7511.5,7512.0,258
2026-07-23 07:28:00+00:00,7511.75,7511.75,7510.75,7510.75,149
2026-07-23 07:29:00+00:00,7510.75,7511.0,7509.0,7509.5,181
2026-07-23 07:30:00+00:00,7509.5,7510.25,7508.0,7508.0,327
2026-07-23 07:31:00+00:00,7507.75,7508.0,7506.25,7507.25,293
2026-07-23 07:32:00+00:00,7507.0,7507.25,7504.75,7505.0,236
2026-07-23 07:33:00+00:00,7505.0,7506.25,7505.0,7505.25,346
2026-07-23 07:34:00+00:00,7505.25,7505.25,7502.0,7503.0,319
2026-07-23 07:35:00+00:00,7503.0,7503.25,7502.5,7503.0,230
2026-07-23 07:36:00+00:00,7502.5,7505.0,7502.25,7504.5,168
2026-07-23 07:37:00+00:00,7504.5,7504.75,7503.0,7504.0,177
2026-07-23 07:38:00+00:00,7503.75,7505.0,7503.25,7504.25,214
2026-07-23 07:39:00+00:00,7504.5,7505.5,7502.75,7503.25,239
2026-07-23 07:40:00+00:00,7503.5,7503.75,7501.0,7501.5,267
2026-07-23 07:41:00+00:00,7501.75,7503.0,7501.25,7501.5,150
2026-07-23 07:42:00+00:00,7501.5,7501.5,7499.25,7499.25,415
2026-07-23 07:43:00+00:00,7499.5,7500.5,7497.5,7500.5,684
2026-07-23 07:44:00+00:00,7500.25,7500.5,7497.75,7498.5,287
2026-07-23 07:45:00+00:00,7498.25,7498.5,7496.25,7498.0,368
2026-07-23 07:46:00+00:00,7497.75,7498.0,7495.25,7497.75,467
2026-07-23 07:47:00+00:00,7497.5,7497.5,7496.25,7497.25,362
2026-07-23 07:48:00+00:00,7497.0,7498.75,7496.25,7498.25,410
2026-07-23 07:49:00+00:00,7498.5,7498.5,7496.5,7497.5,355
2026-07-23 07:50:00+00:00,7497.5,7498.5,7496.0,7498.5,448
2026-07-23 07:51:00+00:00,7498.25,7498.5,7497.0,7497.0,309
2026-07-23 07:52:00+00:00,7496.75,7499.75,7496.5,7498.5,460
2026-07-23 07:53:00+00:00,7498.25,7499.0,7497.25,7497.25,349
2026-07-23 07:54:00+00:00,7497.25,7500.75,7497.25,7500.0,628
2026-07-23 07:55:00+00:00,7500.25,7503.75,7500.25,7502.75,641
2026-07-23 07:56:00+00:00,7502.5,7503.0,7502.0,7502.75,274
2026-07-23 07:57:00+00:00,7503.0,7504.25,7503.0,7503.5,245
2026-07-23 07:58:00+00:00,7503.25,7504.25,7503.0,7503.5,218
2026-07-23 07:59:00+00:00,7503.5,7504.5,7503.25,7504.5,176
2026-07-23 08:00:00+00:00,7504.25,7505.25,7501.75,7502.5,567
2026-07-23 08:01:00+00:00,7502.5,7502.75,7499.0,7499.25,756
2026-07-23 08:02:00+00:00,7499.0,7501.0,7498.75,7499.75,286
2026-07-23 08:03:00+00:00,7499.5,7501.75,7498.75,7501.5,337
2026-07-23 08:04:00+00:00,7501.75,7503.75,7501.25,7503.0,203
2026-07-23 08:05:00+00:00,7503.0,7504.25,7502.75,7503.75,221
2026-07-23 08:06:00+00:00,7503.5,7507.0,7503.5,7506.0,582
2026-07-23 08:07:00+00:00,7506.0,7508.5,7505.25,7508.5,472
2026-07-23 08:08:00+00:00,7508.5,7509.75,7508.0,7509.5,284
2026-07-23 08:09:00+00:00,7509.25,7511.75,7509.25,7511.75,366
2026-07-23 08:10:00+00:00,7511.5,7511.75,7510.0,7510.25,223
2026-07-23 08:11:00+00:00,7510.25,7511.0,7509.0,7510.75,217
2026-07-23 08:12:00+00:00,7510.5,7512.75,7510.25,7512.0,260
2026-07-23 08:13:00+00:00,7512.0,7512.75,7511.5,7511.5,194
2026-07-23 08:14:00+00:00,7511.25,7511.5,7510.75,7511.25,222
2026-07-23 08:15:00+00:00,7511.0,7511.75,7510.0,7510.0,243
2026-07-23 08:16:00+00:00,7510.0,7512.25,7508.75,7512.25,274
2026-07-23 08:17:00+00:00,7512.0,7515.25,7512.0,7514.5,624
2026-07-23 08:18:00+00:00,7514.5,7515.25,7513.5,7515.25,375
2026-07-23 08:19:00+00:00,7515.0,7515.25,7513.0,7513.75,223
2026-07-23 08:20:00+00:00,7514.0,7514.5,7513.25,7513.5,181
2026-07-23 08:21:00+00:00,7513.5,7513.75,7512.0,7512.0,177
2026-07-23 08:22:00+00:00,7512.0,7512.75,7511.0,7511.0,323
2026-07-23 08:23:00+00:00,7510.75,7511.25,7508.75,7509.0,263
2026-07-23 08:24:00+00:00,7509.0,7510.0,7508.75,7509.75,124
2026-07-23 08:25:00+00:00,7509.75,7510.75,7509.25,7510.5,391
2026-07-23 08:26:00+00:00,7510.5,7512.75,7509.75,7512.75,229
2026-07-23 08:27:00+00:00,7512.75,7513.5,7512.0,7513.0,237
2026-07-23 08:28:00+00:00,7513.0,7514.0,7511.75,7512.5,146
2026-07-23 08:29:00+00:00,7512.25,7513.75,7511.75,7513.5,178
2026-07-23 08:30:00+00:00,7513.25,7513.75,7512.75,7513.75,135
2026-07-23 08:31:00+00:00,7513.75,7514.5,7512.75,7513.5,310
2026-07-23 08:32:00+00:00,7513.5,7513.75,7510.75,7511.0,394
2026-07-23 08:33:00+00:00,7510.75,7513.0,7510.25,7512.75,125
2026-07-23 08:34:00+00:00,7512.75,7513.25,7512.25,7513.0,128
2026-07-23 08:35:00+00:00,7513.0,7513.5,7511.25,7511.5,126
2026-07-23 08:36:00+00:00,7511.75,7512.0,7511.25,7511.5,118
2026-07-23 08:37:00+00:00,7511.25,7512.0,7511.25,7511.75,72
2026-07-23 08:38:00+00:00,7511.75,7512.5,7511.5,7512.0,174
2026-07-23 08:39:00+00:00,7512.0,7512.0,7510.75,7510.75,145
2026-07-23 08:40:00+00:00,7511.25,7511.25,7508.75,7508.75,227
2026-07-23 08:41:00+00:00,7509.0,7509.75,7508.75,7509.0,140
2026-07-23 08:42:00+00:00,7509.0,7511.5,7508.25,7511.5,203
2026-07-23 08:43:00+00:00,7511.5,7512.0,7508.25,7508.5,236
2026-07-23 08:44:00+00:00,7508.25,7509.0,7507.75,7508.25,258
2026-07-23 08:45:00+00:00,7508.0,7508.5,7507.5,7508.5,243
2026-07-23 08:46:00+00:00,7508.5,7509.5,7508.25,7509.25,170
2026-07-23 08:47:00+00:00,7509.5,7510.0,7508.25,7509.5,213
2026-07-23 08:48:00+00:00,7509.5,7510.0,7509.25,7509.75,91
2026-07-23 08:49:00+00:00,7509.75,7511.0,7509.75,7510.5,147
2026-07-23 08:50:00+00:00,7510.5,7512.25,7509.5,7511.75,157
2026-07-23 08:51:00+00:00,7511.75,7512.25,7510.75,7512.25,142
2026-07-23 08:52:00+00:00,7512.5,7513.0,7511.25,7511.75,284
2026-07-23 08:53:00+00:00,7512.0,7514.5,7512.0,7514.0,197
2026-07-23 08:54:00+00:00,7514.0,7514.75,7514.0,7514.75,198
2026-07-23 08:55:00+00:00,7514.5,7515.25,7514.25,7515.25,148
2026-07-23 08:56:00+00:00,7515.0,7517.75,7515.0,7517.25,424
2026-07-23 08:57:00+00:00,7517.25,7518.0,7516.75,7516.75,165
2026-07-23 08:58:00+00:00,7516.75,7517.75,7516.75,7517.75,209
2026-07-23 08:59:00+00:00,7518.0,7519.5,7518.0,7518.75,462
2026-07-23 09:00:00+00:00,7518.75,7518.75,7516.75,7517.25,321
2026-07-23 09:01:00+00:00,7517.5,7519.0,7517.25,7518.5,306
2026-07-23 09:02:00+00:00,7518.5,7520.25,7518.25,7519.5,369
2026-07-23 09:03:00+00:00,7519.75,7526.0,7519.5,7522.5,1607
2026-07-23 09:04:00+00:00,7522.5,7523.75,7521.25,7523.25,475
2026-07-23 09:05:00+00:00,7523.25,7523.5,7521.0,7521.25,253
2026-07-23 09:06:00+00:00,7521.5,7522.75,7521.5,7522.0,254
2026-07-23 09:07:00+00:00,7522.0,7522.0,7519.75,7520.0,277
2026-07-23 09:08:00+00:00,7519.75,7519.75,7519.0,7519.25,221
2026-07-23 09:09:00+00:00,7519.25,7519.5,7518.0,7518.25,184
2026-07-23 09:10:00+00:00,7518.25,7519.25,7517.5,7519.25,259
2026-07-23 09:11:00+00:00,7519.5,7519.5,7517.5,7518.25,199
2026-07-23 09:12:00+00:00,7518.75,7518.75,7517.5,7517.75,161
2026-07-23 09:13:00+00:00,7517.5,7518.25,7516.75,7517.5,132
2026-07-23 09:14:00+00:00,7517.25,7517.5,7515.25,7515.25,281
2026-07-23 09:15:00+00:00,7515.25,7515.75,7514.75,7515.75,333
2026-07-23 09:16:00+00:00,7515.5,7516.25,7515.0,7516.25,212
2026-07-23 09:17:00+00:00,7516.5,7517.0,7516.0,7516.75,88
2026-07-23 09:18:00+00:00,7516.75,7517.0,7515.5,7515.75,75
2026-07-23 09:19:00+00:00,7515.75,7516.0,7514.5,7515.0,206
2026-07-23 09:20:00+00:00,7514.75,7515.5,7514.5,7514.5,131
2026-07-23 09:21:00+00:00,7514.75,7515.0,7513.25,7513.25,137
2026-07-23 09:22:00+00:00,7513.5,7514.25,7513.5,7514.0,82
2026-07-23 09:23:00+00:00,7513.75,7515.25,7513.75,7514.75,93
2026-07-23 09:24:00+00:00,7514.5,7516.0,7514.5,7514.75,186
2026-07-23 09:25:00+00:00,7514.75,7515.0,7513.75,7514.25,128
2026-07-23 09:26:00+00:00,7514.5,7514.5,7513.25,7514.0,176
2026-07-23 09:27:00+00:00,7514.25,7515.0,7514.0,7514.5,101
2026-07-23 09:28:00+00:00,7514.5,7514.75,7514.0,7514.0,108
2026-07-23 09:29:00+00:00,7514.25,7514.25,7512.5,7513.75,127
2026-07-23 09:30:00+00:00,7513.75,7513.75,7512.25,7512.75,169
2026-07-23 09:31:00+00:00,7512.75,7513.75,7512.75,7513.25,71
2026-07-23 09:32:00+00:00,7513.25,7513.5,7512.25,7512.25,126
2026-07-23 09:33:00+00:00,7512.0,7513.25,7511.75,7512.25,142
2026-07-23 09:34:00+00:00,7512.0,7512.0,7510.0,7511.0,259
2026-07-23 09:35:00+00:00,7511.0,7511.75,7510.5,7510.75,145
2026-07-23 09:36:00+00:00,7510.75,7511.75,7510.5,7511.0,107
2026-07-23 09:37:00+00:00,7511.0,7512.0,7511.0,7511.25,99
2026-07-23 09:38:00+00:00,7511.0,7512.0,7511.0,7512.0,56
2026-07-23 09:39:00+00:00,7512.0,7512.25,7511.5,7512.25,94
2026-07-23 09:40:00+00:00,7512.0,7512.5,7511.25,7512.25,326
2026-07-23 09:41:00+00:00,7512.25,7512.75,7512.0,7512.5,131
2026-07-23 09:42:00+00:00,7512.5,7512.75,7511.75,7511.75,117
2026-07-23 09:43:00+00:00,7512.0,7513.75,7512.0,7513.25,134
2026-07-23 09:44:00+00:00,7513.5,7514.0,7513.25,7513.25,116
2026-07-23 09:45:00+00:00,7513.5,7515.5,7513.5,7515.0,217
2026-07-23 09:46:00+00:00,7515.0,7515.0,7513.5,7513.75,131
2026-07-23 09:47:00+00:00,7513.75,7514.5,7513.75,7514.25,50
2026-07-23 09:48:00+00:00,7514.25,7514.5,7513.75,7513.75,56
2026-07-23 09:49:00+00:00,7513.5,7514.25,7513.5,7513.5,93
2026-07-23 09:50:00+00:00,7513.25,7513.25,7511.75,7511.75,118
2026-07-23 09:51:00+00:00,7512.0,7512.0,7510.25,7510.75,136
2026-07-23 09:52:00+00:00,7511.0,7512.0,7510.5,7511.25,98
2026-07-23 09:53:00+00:00,7511.5,7514.25,7511.5,7513.0,360
2026-07-23 09:54:00+00:00,7513.25,7513.25,7512.25,7512.5,107
2026-07-23 09:55:00+00:00,7512.5,7513.5,7512.0,7513.0,192
2026-07-23 09:56:00+00:00,7513.0,7513.0,7511.75,7512.0,70
2026-07-23 09:57:00+00:00,7511.75,7511.75,7511.25,7511.5,129
2026-07-23 09:58:00+00:00,7511.5,7512.0,7509.5,7510.0,218
2026-07-23 09:59:00+00:00,7510.0,7511.25,7509.25,7511.25,224
2026-07-23 10:00:00+00:00,7511.25,7512.75,7510.0,7510.0,439
2026-07-23 10:01:00+00:00,7510.25,7512.25,7510.25,7511.5,296
2026-07-23 10:02:00+00:00,7511.75,7513.0,7511.5,7512.0,207
2026-07-23 10:03:00+00:00,7512.0,7512.75,7511.5,7512.5,71
2026-07-23 10:04:00+00:00,7512.5,7513.5,7512.5,7513.0,116
2026-07-23 10:05:00+00:00,7512.75,7513.25,7512.5,7512.75,180
2026-07-23 10:06:00+00:00,7512.5,7513.5,7511.5,7512.25,450
2026-07-23 10:07:00+00:00,7512.25,7514.0,7511.75,7513.75,151
2026-07-23 10:08:00+00:00,7514.0,7514.25,7510.75,7511.5,181
2026-07-23 10:09:00+00:00,7511.5,7511.5,7510.5,7510.75,89
2026-07-23 10:10:00+00:00,7510.75,7510.75,7509.25,7509.75,108
2026-07-23 10:11:00+00:00,7509.75,7510.0,7508.75,7508.75,170
2026-07-23 10:12:00+00:00,7508.75,7510.0,7508.5,7509.75,122
2026-07-23 10:13:00+00:00,7509.75,7509.75,7508.75,7509.25,63
2026-07-23 10:14:00+00:00,7509.25,7509.75,7508.5,7509.25,132
2026-07-23 10:15:00+00:00,7509.25,7510.0,7509.0,7510.0,163
2026-07-23 10:16:00+00:00,7510.0,7511.75,7508.75,7511.0,93
2026-07-23 10:17:00+00:00,7510.75,7511.0,7509.75,7510.25,65
2026-07-23 10:18:00+00:00,7510.0,7512.0,7509.75,7510.75,114
2026-07-23 10:19:00+00:00,7510.5,7511.25,7510.0,7510.25,101
2026-07-23 10:20:00+00:00,7510.25,7511.75,7510.0,7511.0,208
2026-07-23 10:21:00+00:00,7510.75,7513.0,7510.25,7512.5,139
2026-07-23 10:22:00+00:00,7512.5,7512.75,7512.0,7512.5,68
2026-07-23 10:23:00+00:00,7512.5,7513.25,7511.5,7512.0,70
2026-07-23 10:24:00+00:00,7511.75,7512.5,7511.0,7512.5,130
2026-07-23 10:25:00+00:00,7512.75,7513.75,7512.0,7513.5,93
2026-07-23 10:26:00+00:00,7513.75,7514.0,7512.5,7513.75,110
2026-07-23 10:27:00+00:00,7513.75,7514.25,7513.25,7513.25,83
2026-07-23 10:28:00+00:00,7513.25,7513.5,7512.25,7512.25,85
2026-07-23 10:29:00+00:00,7512.25,7513.25,7512.25,7512.5,75
2026-07-23 10:30:00+00:00,7512.25,7518.0,7511.75,7516.25,1115
2026-07-23 10:31:00+00:00,7516.0,7518.25,7516.0,7517.0,328
2026-07-23 10:32:00+00:00,7517.25,7518.25,7516.75,7518.0,174
2026-07-23 10:33:00+00:00,7518.0,7519.75,7518.0,7519.25,349
2026-07-23 10:34:00+00:00,7519.0,7519.0,7517.5,7518.0,131
2026-07-23 10:35:00+00:00,7518.0,7520.25,7518.0,7520.0,371
2026-07-23 10:36:00+00:00,7520.0,7522.5,7519.75,7521.0,395
2026-07-23 10:37:00+00:00,7521.0,7521.75,7520.25,7521.25,121
2026-07-23 10:38:00+00:00,7521.0,7522.25,7521.0,7521.5,159
2026-07-23 10:39:00+00:00,7521.5,7521.75,7520.5,7521.25,200
2026-07-23 10:40:00+00:00,7521.25,7522.0,7520.75,7522.0,110
2026-07-23 10:41:00+00:00,7522.0,7524.25,7522.0,7522.75,542
2026-07-23 10:42:00+00:00,7523.0,7524.0,7522.5,7522.5,199
2026-07-23 10:43:00+00:00,7522.0,7522.75,7520.5,7520.5,122
2026-07-23 10:44:00+00:00,7520.25,7520.5,7519.75,7520.5,104
2026-07-23 10:45:00+00:00,7520.5,7521.5,7520.25,7520.5,84
2026-07-23 10:46:00+00:00,7520.5,7521.25,7520.25,7520.75,150
2026-07-23 10:47:00+00:00,7520.5,7521.25,7520.5,7521.0,79
2026-07-23 10:48:00+00:00,7521.0,7522.5,7521.0,7521.25,174
2026-07-23 10:49:00+00:00,7521.25,7522.0,7521.0,7521.75,136
2026-07-23 10:50:00+00:00,7521.75,7522.0,7520.25,7520.25,186
2026-07-23 10:51:00+00:00,7520.0,7520.25,7519.5,7520.25,117
2026-07-23 10:52:00+00:00,7520.75,7521.25,7520.25,7521.25,139
2026-07-23 10:53:00+00:00,7521.25,7521.25,7520.5,7520.75,87
2026-07-23 10:54:00+00:00,7520.75,7521.0,7520.25,7520.5,145
2026-07-23 10:55:00+00:00,7520.25,7521.75,7520.25,7520.75,176
2026-07-23 10:56:00+00:00,7520.5,7521.25,7520.0,7520.25,237
2026-07-23 10:57:00+00:00,7520.25,7521.5,7520.25,7520.5,88
2026-07-23 10:58:00+00:00,7520.0,7520.75,7519.75,7520.25,150
2026-07-23 10:59:00+00:00,7520.0,7520.5,7519.5,7520.5,395
2026-07-23 11:00:00+00:00,7520.25,7521.75,7518.25,7518.75,567
2026-07-23 11:01:00+00:00,7518.75,7519.0,7516.75,7516.75,279
2026-07-23 11:02:00+00:00,7516.75,7516.75,7513.75,7515.25,323
2026-07-23 11:03:00+00:00,7515.0,7516.0,7514.5,7515.75,146
2026-07-23 11:04:00+00:00,7515.5,7516.0,7514.25,7514.5,183
2026-07-23 11:05:00+00:00,7514.5,7514.75,7512.25,7512.5,191
2026-07-23 11:06:00+00:00,7512.25,7513.0,7512.0,7513.0,205
2026-07-23 11:07:00+00:00,7513.25,7513.25,7512.25,7512.25,93
2026-07-23 11:08:00+00:00,7512.0,7513.0,7511.25,7513.0,228
2026-07-23 11:09:00+00:00,7512.75,7512.75,7511.0,7511.25,293
2026-07-23 11:10:00+00:00,7511.25,7511.75,7511.0,7511.25,109
2026-07-23 11:11:00+00:00,7511.25,7512.75,7510.5,7512.25,160
2026-07-23 11:12:00+00:00,7512.5,7513.5,7512.5,7513.0,122
2026-07-23 11:13:00+00:00,7512.75,7513.75,7512.25,7513.0,173
2026-07-23 11:14:00+00:00,7513.0,7514.25,7512.5,7514.0,77
2026-07-23 11:15:00+00:00,7513.75,7515.75,7513.75,7514.25,197
2026-07-23 11:16:00+00:00,7514.25,7514.75,7513.75,7514.25,182
2026-07-23 11:17:00+00:00,7514.25,7514.25,7512.5,7512.5,141
2026-07-23 11:18:00+00:00,7512.75,7513.25,7512.0,7512.75,220
2026-07-23 11:19:00+00:00,7512.75,7513.25,7512.0,7512.25,156
2026-07-23 11:20:00+00:00,7512.0,7512.25,7509.25,7510.0,470
2026-07-23 11:21:00+00:00,7510.25,7510.25,7509.25,7509.25,741
2026-07-23 11:22:00+00:00,7509.25,7509.5,7506.5,7506.5,532
2026-07-23 11:23:00+00:00,7506.75,7507.5,7505.5,7505.5,583
2026-07-23 11:24:00+00:00,7505.5,7506.75,7505.25,7506.25,230
2026-07-23 11:25:00+00:00,7506.0,7507.0,7506.0,7506.75,206
2026-07-23 11:26:00+00:00,7506.75,7508.25,7506.25,7507.0,198
2026-07-23 11:27:00+00:00,7507.0,7507.5,7505.75,7505.75,148
2026-07-23 11:28:00+00:00,7506.0,7507.25,7505.75,7505.75,319
2026-07-23 11:29:00+00:00,7505.75,7505.75,7502.5,7504.5,874
2026-07-23 11:30:00+00:00,7504.5,7505.75,7501.25,7504.5,845
2026-07-23 11:31:00+00:00,7504.25,7505.25,7504.0,7504.75,281
2026-07-23 11:32:00+00:00,7504.75,7505.5,7502.5,7502.5,332
2026-07-23 11:33:00+00:00,7502.75,7503.0,7499.75,7500.25,937
2026-07-23 11:34:00+00:00,7500.25,7502.0,7500.0,7501.75,517
2026-07-23 11:35:00+00:00,7501.5,7501.5,7493.0,7493.5,3433
2026-07-23 11:36:00+00:00,7493.5,7494.75,7493.25,7493.5,960
2026-07-23 11:37:00+00:00,7493.25,7494.0,7492.25,7493.75,731
2026-07-23 11:38:00+00:00,7493.5,7494.0,7491.25,7491.75,642
2026-07-23 11:39:00+00:00,7492.0,7494.25,7491.0,7493.5,590
2026-07-23 11:40:00+00:00,7493.5,7493.75,7491.0,7492.5,855
2026-07-23 11:41:00+00:00,7492.5,7492.5,7490.0,7491.75,564
2026-07-23 11:42:00+00:00,7492.0,7496.25,7491.75,7494.75,841
2026-07-23 11:43:00+00:00,7494.5,7495.0,7491.75,7492.25,1103
2026-07-23 11:44:00+00:00,7492.25,7493.25,7491.5,7493.0,585
2026-07-23 11:45:00+00:00,7492.75,7495.0,7492.5,7493.75,544
2026-07-23 11:46:00+00:00,7493.5,7493.5,7491.5,7492.0,300
2026-07-23 11:47:00+00:00,7491.75,7493.25,7490.75,7493.25,661
2026-07-23 11:48:00+00:00,7493.25,7496.25,7493.0,7494.0,1026
2026-07-23 11:49:00+00:00,7494.0,7495.0,7493.5,7494.5,422
2026-07-23 11:50:00+00:00,7494.25,7497.25,7494.25,7496.0,791
2026-07-23 11:51:00+00:00,7496.0,7496.75,7495.0,7495.25,400
2026-07-23 11:52:00+00:00,7495.5,7503.25,7495.5,7497.5,2103
2026-07-23 11:53:00+00:00,7497.5,7499.25,7497.0,7497.75,773
2026-07-23 11:54:00+00:00,7498.0,7499.5,7497.0,7498.0,743
2026-07-23 11:55:00+00:00,7498.0,7499.0,7497.75,7498.25,237
2026-07-23 11:56:00+00:00,7498.25,7498.5,7496.75,7497.75,323
2026-07-23 11:57:00+00:00,7497.75,7498.25,7496.75,7497.75,248
2026-07-23 11:58:00+00:00,7497.75,7499.25,7497.75,7499.25,272
2026-07-23 11:59:00+00:00,7499.0,7501.25,7499.0,7500.0,498
2026-07-23 12:00:00+00:00,7500.0,7500.25,7496.75,7498.0,783
2026-07-23 12:01:00+00:00,7497.75,7498.25,7497.0,7498.0,937
2026-07-23 12:02:00+00:00,7498.0,7500.0,7498.0,7498.75,699
2026-07-23 12:03:00+00:00,7499.0,7499.75,7498.75,7499.25,398
2026-07-23 12:04:00+00:00,7499.0,7501.5,7498.5,7498.5,774
2026-07-23 12:05:00+00:00,7498.5,7499.5,7495.25,7495.5,698
2026-07-23 12:06:00+00:00,7495.25,7496.75,7494.5,7495.75,519
2026-07-23 12:07:00+00:00,7495.5,7496.75,7495.0,7496.75,329
2026-07-23 12:08:00+00:00,7496.5,7496.75,7493.75,7494.25,224
2026-07-23 12:09:00+00:00,7494.25,7495.25,7494.25,7494.75,228
2026-07-23 12:10:00+00:00,7494.5,7495.75,7493.75,7495.75,433
2026-07-23 12:11:00+00:00,7495.75,7496.5,7493.25,7494.75,723
2026-07-23 12:12:00+00:00,7494.5,7495.0,7492.25,7492.75,470
2026-07-23 12:13:00+00:00,7492.75,7494.75,7492.75,7494.5,246
2026-07-23 12:14:00+00:00,7494.75,7494.75,7492.25,7492.5,204
2026-07-23 12:15:00+00:00,7492.75,7496.75,7492.0,7495.25,844
2026-07-23 12:16:00+00:00,7495.25,7496.25,7487.0,7491.25,2588
2026-07-23 12:17:00+00:00,7491.0,7493.5,7489.75,7492.0,1268
2026-07-23 12:18:00+00:00,7491.75,7492.5,7490.75,7491.0,896
2026-07-23 12:19:00+00:00,7491.0,7492.5,7487.75,7488.5,1112
2026-07-23 12:20:00+00:00,7488.25,7488.25,7485.25,7486.25,1267
2026-07-23 12:21:00+00:00,7486.25,7489.0,7485.0,7488.0,928
2026-07-23 12:22:00+00:00,7488.0,7488.25,7486.5,7487.25,833
2026-07-23 12:23:00+00:00,7487.25,7487.25,7484.25,7484.75,893
2026-07-23 12:24:00+00:00,7484.5,7484.75,7482.0,7483.0,1235
2026-07-23 12:25:00+00:00,7483.0,7483.5,7481.5,7482.75,1017
2026-07-23 12:26:00+00:00,7483.0,7483.5,7481.25,7481.5,883
2026-07-23 12:27:00+00:00,7481.5,7484.0,7481.25,7483.0,813
2026-07-23 12:28:00+00:00,7483.25,7483.5,7477.75,7480.5,1576
2026-07-23 12:29:00+00:00,7480.5,7482.25,7479.75,7481.5,588
2026-07-23 12:30:00+00:00,7481.25,7482.5,7479.0,7480.75,1093
2026-07-23 12:31:00+00:00,7480.5,7481.25,7477.5,7477.5,1163
2026-07-23 12:32:00+00:00,7477.5,7479.5,7476.5,7478.25,1371
2026-07-23 12:33:00+00:00,7478.25,7479.0,7475.0,7476.5,1840
2026-07-23 12:34:00+00:00,7476.75,7478.0,7475.5,7477.75,711
2026-07-23 12:35:00+00:00,7477.75,7478.5,7476.25,7478.25,596
2026-07-23 12:36:00+00:00,7478.25,7478.25,7473.0,7473.25,1923
2026-07-23 12:37:00+00:00,7473.0,7474.0,7471.25,7472.5,1475
2026-07-23 12:38:00+00:00,7472.25,7475.75,7472.25,7474.5,1041
2026-07-23 12:39:00+00:00,7474.5,7475.25,7472.25,7473.75,795
2026-07-23 12:40:00+00:00,7473.5,7473.5,7470.0,7471.5,1765
2026-07-23 12:41:00+00:00,7471.25,7473.5,7470.25,7472.5,1236
2026-07-23 12:42:00+00:00,7472.5,7472.75,7467.25,7468.0,3703
2026-07-23 12:43:00+00:00,7467.75,7469.25,7466.75,7468.5,1619
2026-07-23 12:44:00+00:00,7468.5,7471.0,7468.5,7470.75,1393
2026-07-23 12:45:00+00:00,7470.75,7471.25,7467.75,7470.25,1322
2026-07-23 12:46:00+00:00,7470.0,7471.5,7468.5,7471.5,1032
2026-07-23 12:47:00+00:00,7471.75,7471.75,7465.75,7465.75,1475
2026-07-23 12:48:00+00:00,7465.5,7466.75,7462.0,7463.0,2939
2026-07-23 12:49:00+00:00,7463.0,7468.75,7462.5,7468.25,1156
2026-07-23 12:50:00+00:00,7468.0,7469.75,7467.5,7469.25,973
2026-07-23 12:51:00+00:00,7469.25,7470.25,7468.25,7468.75,1279
2026-07-23 12:52:00+00:00,7469.0,7469.5,7465.5,7467.25,1107
2026-07-23 12:53:00+00:00,7467.5,7471.0,7467.5,7469.25,1054
2026-07-23 12:54:00+00:00,7469.25,7469.25,7465.0,7467.25,999
2026-07-23 12:55:00+00:00,7467.25,7468.25,7465.75,7466.0,996
2026-07-23 12:56:00+00:00,7466.0,7468.25,7466.0,7468.25,296
2026-07-23 12:57:00+00:00,7468.0,7469.0,7467.25,7468.5,669
2026-07-23 12:58:00+00:00,7468.5,7469.0,7463.75,7464.0,1513
2026-07-23 12:59:00+00:00,7464.25,7466.5,7463.75,7466.0,760
2026-07-23 13:00:00+00:00,7465.75,7466.75,7463.75,7466.5,1352
2026-07-23 13:01:00+00:00,7466.5,7467.5,7465.25,7467.5,712
2026-07-23 13:02:00+00:00,7467.5,7468.0,7463.75,7464.5,968
2026-07-23 13:03:00+00:00,7464.5,7465.5,7463.25,7464.5,927
2026-07-23 13:04:00+00:00,7464.5,7465.75,7461.0,7462.75,1642
2026-07-23 13:05:00+00:00,7462.75,7463.25,7459.75,7460.5,1899
2026-07-23 13:06:00+00:00,7460.5,7460.75,7456.5,7457.5,2959
2026-07-23 13:07:00+00:00,7457.5,7462.0,7457.5,7461.75,1402
2026-07-23 13:08:00+00:00,7461.75,7464.0,7460.25,7460.75,2915
2026-07-23 13:09:00+00:00,7460.5,7460.75,7457.5,7457.75,873
2026-07-23 13:10:00+00:00,7457.75,7458.75,7455.75,7457.5,2087
2026-07-23 13:11:00+00:00,7457.5,7458.75,7454.75,7455.25,2601
2026-07-23 13:12:00+00:00,7455.25,7459.5,7453.25,7458.5,2112
2026-07-23 13:13:00+00:00,7458.25,7459.5,7456.5,7457.0,1323
2026-07-23 13:14:00+00:00,7457.0,7458.25,7456.25,7458.25,807
2026-07-23 13:15:00+00:00,7458.25,7459.0,7456.25,7456.5,791
2026-07-23 13:16:00+00:00,7456.75,7457.75,7454.5,7455.5,1391
2026-07-23 13:17:00+00:00,7455.5,7457.25,7453.25,7457.0,2513
2026-07-23 13:18:00+00:00,7457.0,7457.5,7455.0,7457.25,1781
2026-07-23 13:19:00+00:00,7457.25,7457.25,7454.5,7456.75,1491
2026-07-23 13:20:00+00:00,7456.5,7457.0,7453.25,7453.75,2091
2026-07-23 13:21:00+00:00,7454.0,7456.5,7453.75,7454.75,968
2026-07-23 13:22:00+00:00,7454.75,7456.0,7452.5,7453.75,1039
2026-07-23 13:23:00+00:00,7453.75,7454.5,7451.5,7454.5,1625
2026-07-23 13:24:00+00:00,7454.5,7454.75,7451.0,7451.25,1447
2026-07-23 13:25:00+00:00,7451.5,7454.0,7451.25,7453.0,1527
2026-07-23 13:26:00+00:00,7453.0,7453.0,7450.25,7452.75,1511
2026-07-23 13:27:00+00:00,7452.75,7453.5,7450.25,7450.25,1682
2026-07-23 13:28:00+00:00,7450.25,7453.75,7449.25,7453.75,2146
2026-07-23 13:29:00+00:00,7453.75,7454.5,7452.0,7453.5,2971
2026-07-23 13:30:00+00:00,7453.5,7454.25,7445.0,7450.75,17144
2026-07-23 13:31:00+00:00,7450.75,7458.25,7448.75,7458.0,10839
2026-07-23 13:32:00+00:00,7458.25,7465.0,7458.0,7464.25,7878
2026-07-23 13:33:00+00:00,7464.25,7468.5,7462.0,7468.0,7661
2026-07-23 13:34:00+00:00,7468.0,7474.5,7468.0,7473.75,7797
2026-07-23 13:35:00+00:00,7473.5,7477.0,7471.0,7472.75,8278
2026-07-23 13:36:00+00:00,7472.75,7473.75,7468.75,7473.5,6666
2026-07-23 13:37:00+00:00,7473.5,7477.5,7472.5,7476.75,4912
2026-07-23 13:38:00+00:00,7476.5,7479.25,7472.5,7474.75,4694
2026-07-23 13:39:00+00:00,7475.0,7477.0,7472.0,7474.5,4295
2026-07-23 13:40:00+00:00,7474.5,7478.0,7474.5,7475.75,6157
2026-07-23 13:41:00+00:00,7475.5,7479.0,7474.5,7478.75,4335
2026-07-23 13:42:00+00:00,7478.75,7483.75,7477.75,7483.0,4906
2026-07-23 13:43:00+00:00,7483.0,7486.25,7482.5,7484.25,5164
2026-07-23 13:44:00+00:00,7484.5,7484.75,7478.5,7479.0,5780
2026-07-23 13:45:00+00:00,7479.0,7480.5,7473.25,7478.5,8039
2026-07-23 13:46:00+00:00,7478.5,7478.5,7473.0,7476.25,5346
2026-07-23 13:47:00+00:00,7476.25,7476.5,7472.5,7472.75,4443
2026-07-23 13:48:00+00:00,7472.75,7473.75,7465.75,7469.0,7714
2026-07-23 13:49:00+00:00,7468.75,7470.25,7462.25,7464.25,5529
2026-07-23 13:50:00+00:00,7464.0,7466.0,7461.5,7464.25,5925
2026-07-23 13:51:00+00:00,7464.25,7465.0,7458.5,7459.0,4303
2026-07-23 13:52:00+00:00,7459.25,7461.75,7457.25,7461.25,4907
2026-07-23 13:53:00+00:00,7461.0,7463.75,7459.5,7462.75,4970
2026-07-23 13:54:00+00:00,7462.75,7469.75,7461.75,7469.75,5473
2026-07-23 13:55:00+00:00,7469.75,7473.75,7467.5,7467.5,5567
2026-07-23 13:56:00+00:00,7467.5,7468.0,7461.0,7461.0,4609
2026-07-23 13:57:00+00:00,7460.75,7461.25,7456.0,7457.75,4722
2026-07-23 13:58:00+00:00,7458.0,7458.5,7453.0,7458.25,4689
2026-07-23 13:59:00+00:00,7458.0,7459.5,7455.5,7455.75,3397
2026-07-23 14:00:00+00:00,7455.75,7466.5,7455.75,7463.0,6569
2026-07-23 14:01:00+00:00,7463.0,7463.75,7457.25,7457.5,4231
2026-07-23 14:02:00+00:00,7457.5,7462.5,7457.25,7459.25,4003
2026-07-23 14:03:00+00:00,7459.25,7462.0,7458.75,7460.25,3539
2026-07-23 14:04:00+00:00,7460.25,7465.5,7459.75,7463.75,4148
2026-07-23 14:05:00+00:00,7463.75,7467.75,7460.75,7467.5,5265
2026-07-23 14:06:00+00:00,7467.5,7469.75,7465.5,7466.25,4445
2026-07-23 14:07:00+00:00,7466.25,7468.0,7463.75,7465.25,3624
2026-07-23 14:08:00+00:00,7465.0,7468.0,7453.0,7454.25,5793
2026-07-23 14:09:00+00:00,7454.0,7455.5,7448.75,7453.75,6666
2026-07-23 14:10:00+00:00,7453.5,7460.5,7453.5,7456.25,6084
2026-07-23 14:11:00+00:00,7456.5,7460.25,7452.25,7459.75,4413
2026-07-23 14:12:00+00:00,7459.75,7463.75,7457.75,7463.75,5070
2026-07-23 14:13:00+00:00,7463.5,7465.75,7460.75,7461.0,3989
2026-07-23 14:14:00+00:00,7460.75,7463.0,7455.0,7457.0,6175
2026-07-23 14:15:00+00:00,7456.75,7460.25,7454.75,7456.25,4788
2026-07-23 14:16:00+00:00,7456.25,7461.0,7455.25,7460.25,4537
2026-07-23 14:17:00+00:00,7460.25,7462.75,7457.75,7462.0,4393
2026-07-23 14:18:00+00:00,7461.75,7463.75,7460.0,7460.25,3821
2026-07-23 14:19:00+00:00,7460.25,7460.25,7454.25,7455.0,5415
2026-07-23 14:20:00+00:00,7455.25,7458.75,7453.75,7455.25,3558
2026-07-23 14:21:00+00:00,7455.25,7462.25,7454.5,7461.0,4277
2026-07-23 14:22:00+00:00,7461.0,7464.75,7459.0,7462.5,3872
2026-07-23 14:23:00+00:00,7462.5,7463.5,7457.75,7458.25,3371
2026-07-23 14:24:00+00:00,7458.25,7459.0,7451.5,7454.0,4700
2026-07-23 14:25:00+00:00,7454.0,7458.0,7452.5,7456.5,3412
2026-07-23 14:26:00+00:00,7456.5,7456.75,7450.0,7453.0,4017
2026-07-23 14:27:00+00:00,7453.0,7453.75,7450.0,7452.0,3267
2026-07-23 14:28:00+00:00,7452.0,7456.5,7451.75,7452.25,4499
2026-07-23 14:29:00+00:00,7452.25,7459.75,7452.0,7457.75,3793
2026-07-23 14:30:00+00:00,7457.75,7460.0,7454.0,7455.75,3311
2026-07-23 14:31:00+00:00,7455.75,7460.25,7453.5,7454.0,2888
2026-07-23 14:32:00+00:00,7454.25,7455.0,7449.75,7450.5,3212
2026-07-23 14:33:00+00:00,7450.5,7451.75,7446.5,7448.0,4114
2026-07-23 14:34:00+00:00,7448.0,7451.5,7447.0,7449.75,3136
2026-07-23 14:35:00+00:00,7450.0,7451.0,7446.25,7446.5,4279
2026-07-23 14:36:00+00:00,7446.5,7449.5,7446.0,7448.75,2731
2026-07-23 14:37:00+00:00,7449.0,7463.25,7449.0,7463.25,6632
2026-07-23 14:38:00+00:00,7463.25,7463.25,7456.75,7460.0,4430
2026-07-23 14:39:00+00:00,7460.0,7465.5,7459.25,7464.0,3995
2026-07-23 14:40:00+00:00,7464.0,7467.0,7460.0,7460.0,3855
2026-07-23 14:41:00+00:00,7460.0,7461.0,7453.25,7454.5,3922
2026-07-23 14:42:00+00:00,7454.75,7456.5,7449.5,7452.0,4257
2026-07-23 14:43:00+00:00,7452.0,7453.25,7446.5,7448.5,3972
2026-07-23 14:44:00+00:00,7448.5,7450.75,7446.75,7448.75,3703
2026-07-23 14:45:00+00:00,7448.5,7451.25,7446.75,7447.25,4658
2026-07-23 14:46:00+00:00,7447.25,7452.0,7446.75,7450.75,3784
2026-07-23 14:47:00+00:00,7450.75,7454.75,7450.75,7452.0,3371
2026-07-23 14:48:00+00:00,7451.75,7452.0,7448.5,7449.5,2560
2026-07-23 14:49:00+00:00,7449.5,7450.5,7446.75,7448.5,3654
2026-07-23 14:50:00+00:00,7448.5,7451.0,7444.0,7445.5,5032
2026-07-23 14:51:00+00:00,7445.25,7445.5,7440.25,7440.5,4739
2026-07-23 14:52:00+00:00,7440.75,7445.0,7440.0,7443.5,5035
2026-07-23 14:53:00+00:00,7443.5,7443.5,7440.25,7441.5,3012
2026-07-23 14:54:00+00:00,7441.5,7443.0,7440.25,7441.75,3267
2026-07-23 14:55:00+00:00,7441.75,7443.75,7440.75,7441.0,3891
2026-07-23 14:56:00+00:00,7441.0,7444.5,7441.0,7444.25,2961
2026-07-23 14:57:00+00:00,7444.25,7446.0,7443.5,7445.25,3230
2026-07-23 14:58:00+00:00,7445.0,7445.25,7441.75,7442.25,2789
2026-07-23 14:59:00+00:00,7442.25,7445.75,7441.5,7443.5,2584
2026-07-23 15:00:00+00:00,7443.75,7445.0,7441.75,7442.75,4901
2026-07-23 15:01:00+00:00,7442.5,7443.25,7437.5,7439.25,4339
2026-07-23 15:02:00+00:00,7439.25,7440.5,7437.25,7437.25,3296
2026-07-23 15:03:00+00:00,7437.5,7440.25,7436.5,7437.75,3415
2026-07-23 15:04:00+00:00,7437.5,7437.5,7435.0,7436.75,3278
2026-07-23 15:05:00+00:00,7436.75,7437.25,7433.0,7433.25,3679
2026-07-23 15:06:00+00:00,7433.0,7433.25,7429.25,7429.75,6370
2026-07-23 15:07:00+00:00,7430.0,7435.25,7429.5,7433.0,4433
2026-07-23 15:08:00+00:00,7433.25,7434.25,7432.0,7433.25,4180
2026-07-23 15:09:00+00:00,7433.25,7435.5,7431.25,7431.25,4168
2026-07-23 15:10:00+00:00,7431.5,7434.5,7429.5,7432.25,4217
2026-07-23 15:11:00+00:00,7432.25,7432.5,7428.25,7428.25,4072
2026-07-23 15:12:00+00:00,7428.5,7429.0,7425.0,7426.25,5423
2026-07-23 15:13:00+00:00,7426.25,7428.75,7425.5,7428.0,3883
2026-07-23 15:14:00+00:00,7428.0,7428.75,7424.25,7426.25,5097
2026-07-23 15:15:00+00:00,7426.25,7431.0,7425.75,7428.75,5553
2026-07-23 15:16:00+00:00,7428.75,7429.75,7426.25,7428.75,4873
2026-07-23 15:17:00+00:00,7428.75,7432.25,7428.5,7431.0,4161
2026-07-23 15:18:00+00:00,7431.0,7432.25,7429.5,7430.25,2986
2026-07-23 15:19:00+00:00,7430.25,7433.0,7429.5,7432.0,2896
2026-07-23 15:20:00+00:00,7432.25,7437.0,7432.0,7435.25,6146
2026-07-23 15:21:00+00:00,7435.0,7435.75,7429.0,7429.25,3144
2026-07-23 15:22:00+00:00,7429.5,7431.75,7420.0,7423.25,9847
2026-07-23 15:23:00+00:00,7423.25,7427.5,7423.25,7425.0,6829
2026-07-23 15:24:00+00:00,7424.75,7428.0,7424.75,7426.75,3153
2026-07-23 15:25:00+00:00,7426.75,7427.5,7422.0,7423.25,3477
2026-07-23 15:26:00+00:00,7423.25,7423.25,7420.25,7421.75,4179
2026-07-23 15:27:00+00:00,7421.75,7422.25,7420.0,7420.75,2934
2026-07-23 15:28:00+00:00,7420.5,7423.75,7418.0,7418.5,3712
2026-07-23 15:29:00+00:00,7418.25,7420.5,7418.0,7419.25,4662
2026-07-23 15:30:00+00:00,7419.0,7420.0,7414.25,7414.5,7421
2026-07-23 15:31:00+00:00,7414.5,7418.5,7411.75,7416.75,5163
2026-07-23 15:32:00+00:00,7416.75,7420.75,7416.75,7420.25,4110
2026-07-23 15:33:00+00:00,7420.25,7423.5,7418.5,7421.5,3845
2026-07-23 15:34:00+00:00,7421.5,7424.0,7420.5,7424.0,3697
2026-07-23 15:35:00+00:00,7423.75,7428.0,7423.75,7425.75,4266
2026-07-23 15:36:00+00:00,7425.75,7427.5,7423.75,7427.5,3625
2026-07-23 15:37:00+00:00,7427.25,7432.25,7425.25,7428.75,7908
2026-07-23 15:38:00+00:00,7429.0,7434.0,7428.5,7433.5,3842
2026-07-23 15:39:00+00:00,7433.75,7434.75,7430.5,7433.75,3421
2026-07-23 15:40:00+00:00,7433.5,7437.0,7433.25,7433.25,3759
2026-07-23 15:41:00+00:00,7433.25,7435.0,7430.75,7434.75,3731
2026-07-23 15:42:00+00:00,7434.75,7436.25,7429.0,7429.5,3672
2026-07-23 15:43:00+00:00,7429.75,7430.75,7427.5,7427.5,2765
2026-07-23 15:44:00+00:00,7427.5,7429.75,7426.5,7426.5,1817
2026-07-23 15:45:00+00:00,7426.5,7429.25,7423.5,7428.0,3416
2026-07-23 15:46:00+00:00,7428.0,7429.0,7424.75,7426.0,2510
2026-07-23 15:47:00+00:00,7426.0,7427.75,7425.0,7425.75,1939
2026-07-23 15:48:00+00:00,7426.0,7428.5,7425.5,7426.5,1905
2026-07-23 15:49:00+00:00,7426.5,7430.25,7425.5,7429.25,2470
2026-07-23 15:50:00+00:00,7429.0,7430.5,7426.0,7429.75,2236
2026-07-23 15:51:00+00:00,7429.5,7430.25,7426.5,7427.5,2076
2026-07-23 15:52:00+00:00,7427.5,7430.75,7427.5,7429.0,1995
2026-07-23 15:53:00+00:00,7428.75,7430.0,7427.75,7429.25,2246
2026-07-23 15:54:00+00:00,7429.0,7433.5,7429.0,7433.5,3411
2026-07-23 15:55:00+00:00,7433.25,7434.75,7432.75,7433.5,2385
2026-07-23 15:56:00+00:00,7433.5,7436.0,7431.75,7434.0,3023
2026-07-23 15:57:00+00:00,7434.0,7434.75,7431.0,7434.25,2020
2026-07-23 15:58:00+00:00,7434.25,7437.75,7433.75,7437.0,2417
2026-07-23 15:59:00+00:00,7437.0,7439.25,7437.0,7438.25,2717
2026-07-23 16:00:00+00:00,7438.25,7439.5,7436.0,7439.5,3515
2026-07-23 16:01:00+00:00,7439.5,7439.5,7435.25,7438.5,3481
2026-07-23 16:02:00+00:00,7438.5,7442.25,7437.75,7442.0,3097
2026-07-23 16:03:00+00:00,7441.75,7443.25,7440.0,7441.25,3226
2026-07-23 16:04:00+00:00,7441.25,7441.5,7439.0,7440.25,3446
2026-07-23 16:05:00+00:00,7440.25,7441.25,7435.5,7436.0,3706
2026-07-23 16:06:00+00:00,7435.75,7440.0,7435.25,7437.75,3477
2026-07-23 16:07:00+00:00,7437.5,7439.0,7437.0,7438.25,1790
2026-07-23 16:08:00+00:00,7438.25,7443.75,7438.25,7443.0,2172
2026-07-23 16:09:00+00:00,7443.0,7444.75,7442.25,7444.5,2212
2026-07-23 16:10:00+00:00,7444.5,7446.0,7444.25,7446.0,2166
2026-07-23 16:11:00+00:00,7445.75,7447.25,7444.0,7446.5,2621
2026-07-23 16:12:00+00:00,7446.5,7448.75,7445.0,7445.0,3149
2026-07-23 16:13:00+00:00,7445.0,7447.75,7444.5,7444.75,2641
2026-07-23 16:14:00+00:00,7444.75,7447.5,7444.5,7446.0,2250
2026-07-23 16:15:00+00:00,7446.0,7447.75,7445.0,7447.0,2175
2026-07-23 16:16:00+00:00,7447.0,7447.5,7444.75,7446.25,1986
2026-07-23 16:17:00+00:00,7446.25,7448.5,7446.25,7448.0,2148
2026-07-23 16:18:00+00:00,7447.75,7448.25,7446.25,7446.5,1784
2026-07-23 16:19:00+00:00,7446.5,7446.75,7442.0,7445.5,2837
2026-07-23 16:20:00+00:00,7445.75,7449.5,7445.5,7449.25,2632
2026-07-23 16:21:00+00:00,7449.5,7451.5,7448.5,7450.5,2150
2026-07-23 16:22:00+00:00,7450.5,7453.0,7449.25,7452.75,2637
2026-07-23 16:23:00+00:00,7453.0,7457.0,7451.75,7455.75,4750
2026-07-23 16:24:00+00:00,7455.5,7457.0,7454.25,7454.75,3092
2026-07-23 16:25:00+00:00,7455.0,7455.75,7453.25,7454.5,3220
2026-07-23 16:26:00+00:00,7454.75,7454.75,7451.25,7452.0,2707
2026-07-23 16:27:00+00:00,7452.0,7455.0,7451.5,7454.5,2027
2026-07-23 16:28:00+00:00,7454.75,7455.0,7453.25,7454.5,1578
2026-07-23 16:29:00+00:00,7454.75,7456.5,7453.25,7454.75,2349
2026-07-23 16:30:00+00:00,7454.75,7455.0,7451.75,7453.75,2268
2026-07-23 16:31:00+00:00,7454.0,7455.0,7453.0,7453.5,1452
2026-07-23 16:32:00+00:00,7453.5,7453.75,7451.75,7453.0,1708
2026-07-23 16:33:00+00:00,7453.0,7454.75,7452.25,7452.75,1812
2026-07-23 16:34:00+00:00,7453.0,7454.0,7450.75,7451.5,1972
2026-07-23 16:35:00+00:00,7451.75,7454.25,7449.75,7453.25,2102
2026-07-23 16:36:00+00:00,7453.5,7454.25,7451.75,7453.75,1493
2026-07-23 16:37:00+00:00,7453.75,7453.75,7451.5,7452.75,1713
2026-07-23 16:38:00+00:00,7452.75,7456.0,7451.5,7455.75,2247
2026-07-23 16:39:00+00:00,7456.0,7457.5,7455.5,7457.0,3370
2026-07-23 16:40:00+00:00,7457.25,7457.25,7453.25,7454.25,2009
2026-07-23 16:41:00+00:00,7454.25,7454.5,7451.75,7452.25,2553
2026-07-23 16:42:00+00:00,7452.25,7452.25,7449.75,7451.0,2531
2026-07-23 16:43:00+00:00,7451.0,7452.25,7450.5,7451.5,1694
2026-07-23 16:44:00+00:00,7451.75,7451.75,7449.75,7449.75,1495
2026-07-23 16:45:00+00:00,7449.75,7449.75,7443.75,7444.0,4060
2026-07-23 16:46:00+00:00,7444.0,7445.25,7443.5,7444.25,2436
2026-07-23 16:47:00+00:00,7444.5,7445.5,7442.75,7444.25,2582
2026-07-23 16:48:00+00:00,7444.5,7444.75,7441.0,7442.0,2778
2026-07-23 16:49:00+00:00,7442.0,7443.25,7440.25,7440.25,1942
2026-07-23 16:50:00+00:00,7440.25,7441.25,7438.0,7439.25,3008
2026-07-23 16:51:00+00:00,7439.5,7441.75,7438.75,7439.75,2298
2026-07-23 16:52:00+00:00,7439.5,7443.75,7439.5,7440.5,3010
2026-07-23 16:53:00+00:00,7440.5,7440.5,7437.75,7439.0,2484
2026-07-23 16:54:00+00:00,7438.75,7441.0,7438.5,7440.25,2417
2026-07-23 16:55:00+00:00,7440.0,7444.25,7440.0,7443.0,2853
2026-07-23 16:56:00+00:00,7443.25,7444.0,7441.25,7444.0,1927
2026-07-23 16:57:00+00:00,7444.25,7444.75,7441.75,7442.5,2266
2026-07-23 16:58:00+00:00,7442.5,7443.5,7441.25,7442.0,2216
2026-07-23 16:59:00+00:00,7442.0,7447.5,7441.75,7446.75,2366
2026-07-23 17:00:00+00:00,7446.75,7449.75,7443.5,7449.0,3067
2026-07-23 17:01:00+00:00,7449.0,7449.25,7446.5,7448.25,1788
2026-07-23 17:02:00+00:00,7448.25,7448.25,7444.5,7448.25,2153
2026-07-23 17:03:00+00:00,7448.0,7448.75,7446.25,7447.5,1955
2026-07-23 17:04:00+00:00,7447.5,7447.75,7442.25,7442.5,2185
2026-07-23 17:05:00+00:00,7442.25,7442.5,7438.0,7440.25,2735
2026-07-23 17:06:00+00:00,7440.25,7442.25,7438.75,7439.5,2384
2026-07-23 17:07:00+00:00,7439.5,7442.5,7438.75,7440.5,1501
2026-07-23 17:08:00+00:00,7440.75,7444.5,7439.5,7441.75,1716
2026-07-23 17:09:00+00:00,7441.75,7445.25,7439.75,7445.0,1612
2026-07-23 17:10:00+00:00,7445.0,7448.75,7444.5,7446.5,2891
2026-07-23 17:11:00+00:00,7446.25,7446.75,7444.25,7446.0,1783
2026-07-23 17:12:00+00:00,7446.0,7448.5,7445.75,7448.0,1548
2026-07-23 17:13:00+00:00,7448.0,7448.5,7445.5,7446.0,1123
2026-07-23 17:14:00+00:00,7446.25,7447.0,7444.5,7446.0,1416
2026-07-23 17:15:00+00:00,7445.75,7447.0,7444.75,7446.5,1584
2026-07-23 17:16:00+00:00,7446.5,7449.25,7446.25,7448.0,1728
2026-07-23 17:17:00+00:00,7448.0,7449.25,7443.0,7443.0,3268
2026-07-23 17:18:00+00:00,7443.0,7445.5,7441.5,7443.75,3525
2026-07-23 17:19:00+00:00,7444.0,7445.5,7442.5,7445.5,1810
2026-07-23 17:20:00+00:00,7445.5,7449.75,7445.5,7448.0,2300
2026-07-23 17:21:00+00:00,7448.0,7449.0,7445.75,7446.0,1507
2026-07-23 17:22:00+00:00,7446.0,7447.0,7444.25,7445.25,1369
2026-07-23 17:23:00+00:00,7445.25,7449.25,7444.75,7449.25,1202
2026-07-23 17:24:00+00:00,7449.25,7450.5,7447.75,7450.0,1591
2026-07-23 17:25:00+00:00,7450.0,7451.5,7449.25,7451.0,1270
2026-07-23 17:26:00+00:00,7451.0,7452.25,7449.75,7451.5,1668
2026-07-23 17:27:00+00:00,7451.5,7451.5,7448.0,7449.0,1683
2026-07-23 17:28:00+00:00,7449.0,7450.0,7448.5,7450.0,960
2026-07-23 17:29:00+00:00,7449.75,7449.75,7447.5,7447.75,1405
2026-07-23 17:30:00+00:00,7447.5,7448.0,7444.75,7447.0,2441
2026-07-23 17:31:00+00:00,7446.75,7447.25,7441.75,7442.75,1867
2026-07-23 17:32:00+00:00,7442.75,7442.75,7440.75,7441.25,1788
2026-07-23 17:33:00+00:00,7441.5,7443.25,7440.5,7441.75,1509
2026-07-23 17:34:00+00:00,7441.75,7443.0,7440.5,7441.25,1293
2026-07-23 17:35:00+00:00,7441.0,7441.25,7436.0,7436.75,2145
2026-07-23 17:36:00+00:00,7436.5,7437.75,7434.75,7435.75,2127
2026-07-23 17:37:00+00:00,7436.0,7436.75,7434.75,7436.5,1582
2026-07-23 17:38:00+00:00,7436.5,7439.25,7436.0,7436.75,2003
2026-07-23 17:39:00+00:00,7436.5,7438.75,7436.25,7436.5,1411
2026-07-23 17:40:00+00:00,7436.5,7437.75,7433.0,7434.0,1850
2026-07-23 17:41:00+00:00,7434.0,7436.0,7433.0,7435.5,1890
2026-07-23 17:42:00+00:00,7435.5,7436.75,7434.5,7436.0,1340
2026-07-23 17:43:00+00:00,7435.75,7438.5,7435.5,7438.0,1987
2026-07-23 17:44:00+00:00,7438.0,7439.25,7436.25,7437.75,1802
2026-07-23 17:45:00+00:00,7437.5,7442.5,7435.5,7441.5,3143
2026-07-23 17:46:00+00:00,7441.5,7443.0,7439.5,7441.5,1948
2026-07-23 17:47:00+00:00,7441.5,7443.25,7441.0,7441.75,1360
2026-07-23 17:48:00+00:00,7441.75,7442.75,7440.0,7442.0,1810
2026-07-23 17:49:00+00:00,7442.0,7443.25,7441.75,7442.0,1326
2026-07-23 17:50:00+00:00,7442.0,7442.5,7439.75,7442.0,1629
2026-07-23 17:51:00+00:00,7442.0,7442.25,7439.25,7439.75,1451
2026-07-23 17:52:00+00:00,7440.0,7442.75,7439.75,7441.5,1525
2026-07-23 17:53:00+00:00,7441.25,7442.0,7438.75,7439.5,1416
2026-07-23 17:54:00+00:00,7439.5,7439.75,7437.5,7437.5,1407
2026-07-23 17:55:00+00:00,7437.25,7437.25,7434.5,7436.0,1724
2026-07-23 17:56:00+00:00,7436.0,7436.25,7433.25,7434.25,1202
2026-07-23 17:57:00+00:00,7434.25,7434.75,7432.0,7432.5,1577
2026-07-23 17:58:00+00:00,7432.5,7433.5,7431.75,7432.75,1333
2026-07-23 17:59:00+00:00,7432.75,7433.25,7431.75,7432.0,970
2026-07-23 18:00:00+00:00,7431.75,7433.5,7430.5,7432.0,2170
2026-07-23 18:01:00+00:00,7432.0,7432.25,7429.0,7430.75,1901
2026-07-23 18:02:00+00:00,7430.75,7432.0,7429.75,7431.75,1552
2026-07-23 18:03:00+00:00,7432.0,7433.25,7431.25,7432.5,1686
2026-07-23 18:04:00+00:00,7432.5,7433.5,7429.75,7430.0,1357
2026-07-23 18:05:00+00:00,7430.0,7430.75,7429.0,7430.25,1605
2026-07-23 18:06:00+00:00,7430.0,7432.0,7429.25,7431.25,1595
2026-07-23 18:07:00+00:00,7431.25,7431.25,7428.25,7428.75,1190
2026-07-23 18:08:00+00:00,7428.5,7431.0,7428.25,7430.0,1380
2026-07-23 18:09:00+00:00,7430.0,7430.75,7429.0,7429.25,1015
2026-07-23 18:10:00+00:00,7429.25,7431.25,7429.0,7430.5,1366
2026-07-23 18:11:00+00:00,7430.5,7431.5,7429.5,7431.25,1312
2026-07-23 18:12:00+00:00,7431.0,7434.25,7431.0,7433.25,1780
2026-07-23 18:13:00+00:00,7433.5,7433.5,7431.75,7432.75,1178
2026-07-23 18:14:00+00:00,7432.75,7433.25,7430.0,7430.0,1482
2026-07-23 18:15:00+00:00,7430.0,7432.75,7429.75,7432.25,1475
2026-07-23 18:16:00+00:00,7432.0,7434.25,7431.25,7432.25,1562
2026-07-23 18:17:00+00:00,7432.25,7433.0,7429.0,7429.5,1302
2026-07-23 18:18:00+00:00,7429.25,7431.5,7429.0,7429.5,1450
2026-07-23 18:19:00+00:00,7429.5,7430.75,7428.75,7430.5,913
2026-07-23 18:20:00+00:00,7430.5,7431.75,7430.0,7430.75,1243
2026-07-23 18:21:00+00:00,7430.5,7433.75,7429.75,7433.0,1692
2026-07-23 18:22:00+00:00,7433.0,7433.25,7431.5,7431.75,1066
2026-07-23 18:23:00+00:00,7431.5,7433.25,7431.0,7433.25,1064
2026-07-23 18:24:00+00:00,7433.25,7435.0,7433.0,7434.75,1336
2026-07-23 18:25:00+00:00,7434.75,7435.5,7432.0,7433.25,1556
2026-07-23 18:26:00+00:00,7433.0,7433.75,7431.5,7431.5,1068
2026-07-23 18:27:00+00:00,7431.75,7433.25,7430.75,7431.0,910
2026-07-23 18:28:00+00:00,7431.25,7434.0,7431.25,7433.25,1377
2026-07-23 18:29:00+00:00,7433.5,7435.0,7433.25,7435.0,1015
2026-07-23 18:30:00+00:00,7434.75,7436.5,7433.75,7435.25,1768
2026-07-23 18:31:00+00:00,7435.5,7437.0,7435.0,7436.0,1869
2026-07-23 18:32:00+00:00,7436.0,7436.75,7434.0,7434.75,1309
2026-07-23 18:33:00+00:00,7434.5,7435.5,7434.0,7435.5,1095
2026-07-23 18:34:00+00:00,7435.75,7437.5,7435.75,7436.75,1303
2026-07-23 18:35:00+00:00,7436.75,7437.5,7433.5,7433.5,1554
2026-07-23 18:36:00+00:00,7433.5,7434.5,7431.0,7431.0,2136
2026-07-23 18:37:00+00:00,7431.0,7431.75,7429.0,7430.75,1728
2026-07-23 18:38:00+00:00,7431.0,7431.25,7429.0,7429.75,1162
2026-07-23 18:39:00+00:00,7429.75,7431.0,7428.5,7429.75,1731
2026-07-23 18:40:00+00:00,7430.0,7430.75,7428.25,7430.75,1524
2026-07-23 18:41:00+00:00,7430.75,7430.75,7427.25,7428.0,1327
2026-07-23 18:42:00+00:00,7428.0,7429.0,7426.75,7428.75,1429
2026-07-23 18:43:00+00:00,7429.0,7429.5,7427.75,7429.0,1060
2026-07-23 18:44:00+00:00,7429.0,7429.75,7427.75,7429.0,1178
2026-07-23 18:45:00+00:00,7429.0,7432.5,7428.75,7431.75,2539
2026-07-23 18:46:00+00:00,7431.75,7433.0,7431.75,7432.75,1324
2026-07-23 18:47:00+00:00,7432.75,7434.75,7432.5,7434.75,1436
2026-07-23 18:48:00+00:00,7434.75,7435.5,7433.5,7434.5,1407
2026-07-23 18:49:00+00:00,7434.75,7435.25,7432.75,7434.0,1608
2026-07-23 18:50:00+00:00,7434.0,7434.5,7432.0,7432.75,1767
2026-07-23 18:51:00+00:00,7432.75,7434.0,7432.25,7432.75,931
2026-07-23 18:52:00+00:00,7433.0,7433.75,7431.5,7432.75,1156
2026-07-23 18:53:00+00:00,7432.5,7433.5,7431.5,7432.0,1238
2026-07-23 18:54:00+00:00,7432.0,7432.25,7427.5,7428.0,1858
2026-07-23 18:55:00+00:00,7428.0,7429.0,7427.25,7429.0,1598
2026-07-23 18:56:00+00:00,7429.0,7429.25,7427.25,7429.0,1232
2026-07-23 18:57:00+00:00,7429.0,7429.0,7428.0,7428.0,803
2026-07-23 18:58:00+00:00,7428.25,7429.0,7427.0,7428.75,1746
2026-07-23 18:59:00+00:00,7429.0,7431.5,7428.75,7431.25,1909
2026-07-23 19:00:00+00:00,7431.25,7435.0,7431.0,7433.25,2742
2026-07-23 19:01:00+00:00,7433.25,7433.5,7431.75,7432.0,1172
2026-07-23 19:02:00+00:00,7432.0,7433.75,7431.75,7433.0,992
2026-07-23 19:03:00+00:00,7433.0,7433.0,7428.75,7429.0,1479
2026-07-23 19:04:00+00:00,7429.0,7430.0,7428.5,7428.75,1275
2026-07-23 19:05:00+00:00,7428.75,7430.0,7427.75,7429.75,1101
2026-07-23 19:06:00+00:00,7429.75,7430.25,7428.75,7429.75,1114
2026-07-23 19:07:00+00:00,7429.75,7430.0,7428.5,7428.75,845
2026-07-23 19:08:00+00:00,7428.75,7430.5,7428.0,7430.5,2292
2026-07-23 19:09:00+00:00,7430.75,7430.75,7428.0,7428.25,1124
2026-07-23 19:10:00+00:00,7428.25,7428.25,7426.0,7426.25,1263
2026-07-23 19:11:00+00:00,7426.5,7428.0,7425.5,7428.0,1380
2026-07-23 19:12:00+00:00,7427.75,7430.0,7427.75,7428.25,1321
2026-07-23 19:13:00+00:00,7428.5,7428.75,7427.25,7427.75,1014
2026-07-23 19:14:00+00:00,7427.75,7428.25,7427.0,7427.0,959
2026-07-23 19:15:00+00:00,7427.25,7430.0,7427.0,7428.75,1365
2026-07-23 19:16:00+00:00,7428.75,7430.5,7428.5,7430.0,1591
2026-07-23 19:17:00+00:00,7430.0,7432.75,7429.75,7431.0,2041
2026-07-23 19:18:00+00:00,7431.25,7431.25,7428.75,7430.25,1711
2026-07-23 19:19:00+00:00,7430.5,7431.25,7430.0,7430.75,1245
2026-07-23 19:20:00+00:00,7430.75,7434.25,7430.75,7433.75,2530
2026-07-23 19:21:00+00:00,7433.75,7436.75,7433.75,7435.5,2916
2026-07-23 19:22:00+00:00,7435.75,7437.25,7433.75,7434.25,2400
2026-07-23 19:23:00+00:00,7434.5,7436.25,7434.5,7435.75,1610
2026-07-23 19:24:00+00:00,7436.0,7437.75,7435.5,7437.5,1752
2026-07-23 19:25:00+00:00,7437.75,7440.75,7437.75,7439.0,3243
2026-07-23 19:26:00+00:00,7439.0,7439.75,7438.0,7438.5,2374
2026-07-23 19:27:00+00:00,7438.75,7440.25,7438.0,7438.75,2121
2026-07-23 19:28:00+00:00,7439.0,7439.75,7435.25,7435.75,2798
2026-07-23 19:29:00+00:00,7436.0,7436.5,7434.5,7436.25,2027
2026-07-23 19:30:00+00:00,7436.25,7438.5,7435.0,7437.25,3464
2026-07-23 19:31:00+00:00,7437.25,7437.25,7431.25,7431.5,3160
2026-07-23 19:32:00+00:00,7431.5,7433.25,7431.0,7431.0,2408
2026-07-23 19:33:00+00:00,7431.25,7432.25,7428.25,7430.75,3687
2026-07-23 19:34:00+00:00,7430.75,7434.25,7430.75,7432.75,2133
2026-07-23 19:35:00+00:00,7432.75,7433.75,7431.25,7431.5,1511
2026-07-23 19:36:00+00:00,7431.75,7432.25,7430.0,7431.75,1501
2026-07-23 19:37:00+00:00,7431.75,7433.25,7431.25,7432.0,1099
2026-07-23 19:38:00+00:00,7432.0,7433.0,7429.75,7430.0,1464
2026-07-23 19:39:00+00:00,7430.25,7432.0,7430.0,7430.25,1568
2026-07-23 19:40:00+00:00,7430.5,7431.5,7429.5,7429.75,2159
2026-07-23 19:41:00+00:00,7429.75,7429.75,7427.75,7429.5,1756
2026-07-23 19:42:00+00:00,7429.25,7429.75,7425.25,7425.5,2990
2026-07-23 19:43:00+00:00,7425.5,7426.25,7424.25,7426.0,2932
2026-07-23 19:44:00+00:00,7426.25,7426.25,7424.0,7424.0,2336
2026-07-23 19:45:00+00:00,7424.25,7425.75,7423.5,7424.0,3936
2026-07-23 19:46:00+00:00,7424.25,7424.5,7421.0,7421.75,2985
2026-07-23 19:47:00+00:00,7421.75,7424.5,7420.0,7423.25,3399
2026-07-23 19:48:00+00:00,7423.0,7423.75,7421.0,7421.25,2416
2026-07-23 19:49:00+00:00,7421.25,7421.75,7418.5,7420.75,3339
2026-07-23 19:50:00+00:00,7420.75,7430.75,7420.75,7429.25,9691
2026-07-23 19:51:00+00:00,7429.25,7430.0,7425.75,7429.5,4048
2026-07-23 19:52:00+00:00,7429.5,7430.5,7426.0,7427.75,3635
2026-07-23 19:53:00+00:00,7427.75,7427.75,7423.75,7425.0,4216
2026-07-23 19:54:00+00:00,7425.25,7429.25,7423.75,7429.0,6162
2026-07-23 19:55:00+00:00,7429.25,7437.5,7429.25,7437.25,8436
2026-07-23 19:56:00+00:00,7437.25,7438.5,7436.0,7438.0,5821
2026-07-23 19:57:00+00:00,7438.0,7442.75,7437.5,7442.5,6672
2026-07-23 19:58:00+00:00,7442.25,7447.25,7442.25,7446.25,12796
2026-07-23 19:59:00+00:00,7446.5,7447.75,7441.5,7444.0,43800
2026-07-23 20:00:00+00:00,7443.75,7452.0,7443.5,7450.75,15708
2026-07-23 20:01:00+00:00,7450.5,7452.5,7448.25,7451.5,4214
2026-07-23 20:02:00+00:00,7451.75,7453.5,7449.5,7452.75,2419
2026-07-23 20:03:00+00:00,7452.75,7456.0,7452.75,7455.25,2755
2026-07-23 20:04:00+00:00,7455.25,7455.75,7452.25,7453.0,2166
2026-07-23 20:05:00+00:00,7453.0,7453.25,7450.5,7451.25,1808
2026-07-23 20:06:00+00:00,7451.25,7452.5,7450.75,7452.5,1283
2026-07-23 20:07:00+00:00,7452.25,7452.5,7449.75,7451.25,1080
2026-07-23 20:08:00+00:00,7451.5,7452.0,7450.75,7451.0,770
2026-07-23 20:09:00+00:00,7451.0,7451.75,7449.0,7451.0,1098
2026-07-23 20:10:00+00:00,7451.0,7453.5,7450.5,7450.75,1419
2026-07-23 20:11:00+00:00,7450.75,7453.5,7450.75,7453.5,842
2026-07-23 20:12:00+00:00,7453.25,7455.0,7452.75,7452.75,1145
2026-07-23 20:13:00+00:00,7452.75,7455.25,7452.0,7454.5,941
2026-07-23 20:14:00+00:00,7454.75,7455.0,7452.75,7453.25,1032
2026-07-23 20:15:00+00:00,7453.25,7454.75,7452.75,7454.0,885
2026-07-23 20:16:00+00:00,7454.5,7457.0,7454.25,7455.25,898
2026-07-23 20:17:00+00:00,7455.0,7456.0,7454.75,7455.25,476
2026-07-23 20:18:00+00:00,7455.5,7456.25,7454.75,7454.75,537
2026-07-23 20:19:00+00:00,7454.5,7455.25,7454.25,7455.25,338
2026-07-23 20:20:00+00:00,7455.25,7456.5,7454.0,7454.5,468
2026-07-23 20:21:00+00:00,7454.25,7454.75,7453.5,7454.5,320
2026-07-23 20:22:00+00:00,7454.5,7456.5,7454.5,7456.25,460
2026-07-23 20:23:00+00:00,7456.25,7456.5,7454.75,7455.75,358
2026-07-23 20:24:00+00:00,7455.75,7457.5,7455.75,7457.5,448
2026-07-23 20:25:00+00:00,7457.25,7458.0,7457.0,7457.0,513
2026-07-23 20:26:00+00:00,7457.0,7457.5,7455.0,7455.5,623
2026-07-23 20:27:00+00:00,7455.5,7456.0,7454.75,7455.75,330
2026-07-23 20:28:00+00:00,7456.0,7456.25,7454.25,7456.25,639
2026-07-23 20:29:00+00:00,7455.75,7455.75,7454.75,7455.25,308
2026-07-23 20:30:00+00:00,7455.25,7455.5,7454.25,7454.25,479
2026-07-23 20:31:00+00:00,7454.5,7456.0,7454.5,7455.5,504
2026-07-23 20:32:00+00:00,7455.75,7458.25,7455.75,7458.0,543
2026-07-23 20:33:00+00:00,7458.25,7458.25,7455.75,7456.5,749
2026-07-23 20:34:00+00:00,7456.5,7457.0,7456.25,7456.5,540
2026-07-23 20:35:00+00:00,7456.75,7457.5,7455.75,7455.75,398
2026-07-23 20:36:00+00:00,7456.0,7456.75,7455.75,7456.0,212
2026-07-23 20:37:00+00:00,7456.0,7458.0,7456.0,7457.75,518
2026-07-23 20:38:00+00:00,7457.5,7457.75,7457.0,7457.0,503
2026-07-23 20:39:00+00:00,7457.0,7457.25,7456.75,7456.75,197
2026-07-23 20:40:00+00:00,7456.75,7456.75,7454.75,7454.75,269
2026-07-23 20:41:00+00:00,7455.0,7455.25,7454.5,7454.75,148
2026-07-23 20:42:00+00:00,7454.75,7454.75,7453.0,7453.25,582
2026-07-23 20:43:00+00:00,7453.5,7454.0,7453.0,7453.25,207
2026-07-23 20:44:00+00:00,7453.0,7453.5,7452.5,7453.5,260
2026-07-23 20:45:00+00:00,7453.5,7453.75,7453.0,7453.25,188
2026-07-23 20:46:00+00:00,7453.0,7453.0,7452.25,7452.5,226
2026-07-23 20:47:00+00:00,7452.75,7453.0,7452.25,7452.75,235
2026-07-23 20:48:00+00:00,7452.5,7453.0,7452.25,7452.75,181
2026-07-23 20:49:00+00:00,7452.75,7453.75,7452.5,7452.5,259
2026-07-23 20:50:00+00:00,7452.75,7453.25,7452.5,7453.25,193
2026-07-23 20:51:00+00:00,7453.0,7453.5,7452.5,7452.75,101
2026-07-23 20:52:00+00:00,7452.75,7453.5,7452.5,7452.5,200
2026-07-23 20:53:00+00:00,7452.5,7453.5,7452.25,7453.5,225
2026-07-23 20:54:00+00:00,7453.5,7454.25,7453.5,7453.5,346
2026-07-23 20:55:00+00:00,7454.25,7454.75,7453.75,7454.0,314
2026-07-23 20:56:00+00:00,7454.0,7454.75,7453.5,7454.25,199
2026-07-23 20:57:00+00:00,7454.0,7454.25,7453.25,7453.75,326
2026-07-23 20:58:00+00:00,7454.0,7456.25,7453.75,7454.5,634
2026-07-23 20:59:00+00:00,7454.5,7456.5,7454.25,7455.75,373
2026-07-23 22:00:00+00:00,7450.5,7454.0,7448.0,7449.0,0
2026-07-23 22:01:00+00:00,7449.0,7449.25,7445.75,7446.5,327
2026-07-23 22:02:00+00:00,7446.75,7448.5,7446.0,7447.5,240
2026-07-23 22:03:00+00:00,7447.75,7449.0,7447.25,7447.5,180
2026-07-23 22:04:00+00:00,7448.0,7448.0,7446.25,7446.25,113
2026-07-23 22:05:00+00:00,7446.0,7447.25,7446.0,7446.75,153
2026-07-23 22:06:00+00:00,7446.75,7448.25,7446.5,7447.25,130
2026-07-23 22:07:00+00:00,7447.5,7447.75,7447.0,7447.25,68
2026-07-23 22:08:00+00:00,7447.5,7447.5,7446.0,7446.0,180
2026-07-23 22:09:00+00:00,7445.75,7447.0,7445.5,7447.0,122
2026-07-23 22:10:00+00:00,7446.75,7446.75,7444.5,7444.75,109
2026-07-23 22:11:00+00:00,7445.0,7445.25,7442.75,7444.25,219
2026-07-23 22:12:00+00:00,7444.0,7444.75,7443.75,7443.75,152
2026-07-23 22:13:00+00:00,7444.0,7444.0,7443.0,7443.5,189
2026-07-23 22:14:00+00:00,7443.75,7445.0,7443.25,7445.0,139
2026-07-23 22:15:00+00:00,7444.75,7445.5,7444.5,7445.0,97
2026-07-23 22:16:00+00:00,7445.0,7445.5,7444.5,7444.75,57
2026-07-23 22:17:00+00:00,7444.75,7445.0,7444.25,7444.5,60
2026-07-23 22:18:00+00:00,7444.25,7444.5,7443.75,7444.0,52
2026-07-23 22:19:00+00:00,7444.0,7444.25,7443.5,7443.75,114
2026-07-23 22:20:00+00:00,7444.0,7444.75,7443.5,7444.25,86
2026-07-23 22:21:00+00:00,7444.5,7446.5,7444.5,7446.5,92
2026-07-23 22:22:00+00:00,7446.25,7447.25,7446.0,7447.25,74
2026-07-23 22:23:00+00:00,7447.25,7448.75,7447.0,7448.75,130
2026-07-23 22:24:00+00:00,7448.5,7450.0,7448.5,7449.0,90
2026-07-23 22:25:00+00:00,7449.0,7449.0,7448.0,7448.0,52
2026-07-23 22:26:00+00:00,7447.75,7447.75,7446.75,7447.0,86
2026-07-23 22:27:00+00:00,7447.25,7448.5,7446.25,7448.5,140
2026-07-23 22:28:00+00:00,7448.5,7448.75,7448.0,7448.25,94
2026-07-23 22:29:00+00:00,7448.25,7448.25,7446.5,7446.5,64
2026-07-23 22:30:00+00:00,7447.0,7449.75,7447.0,7449.5,127
2026-07-23 22:31:00+00:00,7449.5,7450.0,7449.0,7449.5,155
2026-07-23 22:32:00+00:00,7449.5,7449.75,7449.0,7449.5,45
2026-07-23 22:33:00+00:00,7449.75,7449.75,7448.75,7448.75,35
2026-07-23 22:34:00+00:00,7449.0,7449.0,7448.25,7448.25,49
2026-07-23 22:35:00+00:00,7448.0,7449.25,7447.75,7448.5,88
2026-07-23 22:36:00+00:00,7448.0,7448.0,7447.5,7448.0,30
2026-07-23 22:37:00+00:00,7448.0,7448.0,7446.5,7447.0,66
2026-07-23 22:38:00+00:00,7447.0,7448.5,7446.75,7448.25,53
2026-07-23 22:39:00+00:00,7448.0,7449.25,7447.0,7447.25,83
2026-07-23 22:40:00+00:00,7447.25,7448.25,7446.5,7446.5,97
2026-07-23 22:41:00+00:00,7446.5,7447.25,7446.5,7447.0,106
2026-07-23 22:42:00+00:00,7447.25,7448.0,7446.75,7448.0,64
2026-07-23 22:43:00+00:00,7448.0,7448.75,7447.75,7448.75,67
2026-07-23 22:44:00+00:00,7448.5,7448.75,7448.25,7448.5,47
2026-07-23 22:45:00+00:00,7448.5,7448.75,7448.25,7448.5,34
2026-07-23 22:46:00+00:00,7448.5,7451.25,7448.5,7449.75,189
2026-07-23 22:47:00+00:00,7449.5,7450.25,7449.25,7450.0,38
2026-07-23 22:48:00+00:00,7449.75,7451.0,7449.5,7450.5,60
2026-07-23 22:49:00+00:00,7450.75,7450.75,7449.5,7449.5,46
2026-07-23 22:50:00+00:00,7449.5,7450.0,7449.25,7450.0,58
2026-07-23 22:51:00+00:00,7450.0,7451.0,7450.0,7450.75,35
2026-07-23 22:52:00+00:00,7450.5,7450.75,7450.0,7450.25,51
2026-07-23 22:53:00+00:00,7450.25,7450.5,7450.0,7450.5,27
2026-07-23 22:54:00+00:00,7450.25,7451.0,7450.25,7450.75,70
2026-07-23 22:55:00+00:00,7451.0,7452.5,7451.0,7452.25,120
2026-07-23 22:56:00+00:00,7452.25,7452.5,7452.0,7452.25,33
2026-07-23 22:57:00+00:00,7452.0,7452.5,7451.75,7452.25,80
2026-07-23 22:58:00+00:00,7452.25,7453.5,7452.25,7453.25,100
2026-07-23 22:59:00+00:00,7453.25,7454.0,7452.75,7453.25,80
2026-07-23 23:00:00+00:00,7453.25,7453.75,7453.0,7453.5,111
2026-07-23 23:01:00+00:00,7453.5,7453.5,7452.25,7452.75,109
2026-07-23 23:02:00+00:00,7452.75,7453.25,7452.5,7452.75,64
2026-07-23 23:03:00+00:00,7452.75,7452.75,7450.25,7450.5,98
2026-07-23 23:04:00+00:00,7450.75,7450.75,7448.75,7449.25,151
2026-07-23 23:05:00+00:00,7449.5,7451.25,7449.25,7449.75,246
2026-07-23 23:06:00+00:00,7449.75,7449.75,7449.25,7449.5,43
2026-07-23 23:07:00+00:00,7449.25,7450.0,7449.0,7449.25,50
2026-07-23 23:08:00+00:00,7449.0,7449.5,7448.25,7448.75,98
2026-07-23 23:09:00+00:00,7448.75,7449.75,7448.75,7449.25,59
2026-07-23 23:10:00+00:00,7449.5,7449.5,7449.25,7449.5,16
2026-07-23 23:11:00+00:00,7449.25,7449.25,7449.0,7449.25,33
2026-07-23 23:12:00+00:00,7449.25,7449.25,7447.75,7448.75,78
2026-07-23 23:13:00+00:00,7448.5,7448.75,7448.25,7448.5,10
2026-07-23 23:14:00+00:00,7449.0,7449.5,7448.5,7449.25,52
2026-07-23 23:15:00+00:00,7449.25,7449.5,7449.0,7449.25,81
2026-07-23 23:16:00+00:00,7449.25,7450.5,7449.0,7449.25,129
2026-07-23 23:17:00+00:00,7449.25,7449.5,7448.5,7449.25,51
2026-07-23 23:18:00+00:00,7449.0,7449.0,7448.75,7448.75,8
2026-07-23 23:19:00+00:00,7448.75,7449.0,7448.0,7449.0,33
2026-07-23 23:20:00+00:00,7448.75,7449.25,7448.75,7449.0,37
2026-07-23 23:21:00+00:00,7448.75,7450.0,7448.75,7449.75,59
2026-07-23 23:22:00+00:00,7450.0,7450.5,7449.25,7449.25,37
2026-07-23 23:23:00+00:00,7449.0,7449.25,7449.0,7449.25,15
2026-07-23 23:24:00+00:00,7449.25,7449.75,7449.25,7449.5,17
2026-07-23 23:25:00+00:00,7449.5,7450.0,7449.0,7449.25,50
2026-07-23 23:26:00+00:00,7449.5,7449.75,7449.25,7449.25,25
2026-07-23 23:27:00+00:00,7449.25,7449.75,7449.0,7449.5,33
2026-07-23 23:28:00+00:00,7449.75,7450.25,7449.5,7450.0,86
2026-07-23 23:29:00+00:00,7450.0,7451.0,7449.5,7450.25,105
2026-07-23 23:30:00+00:00,7449.75,7450.75,7449.25,7449.5,71
2026-07-23 23:31:00+00:00,7449.5,7449.75,7448.25,7448.25,82
2026-07-23 23:32:00+00:00,7448.5,7449.0,7448.25,7448.75,31
2026-07-23 23:33:00+00:00,7448.5,7449.75,7448.5,7449.75,40
2026-07-23 23:34:00+00:00,7449.75,7450.25,7449.25,7450.0,34
2026-07-23 23:35:00+00:00,7450.0,7450.0,7449.5,7449.5,30
2026-07-23 23:36:00+00:00,7450.0,7450.0,7448.75,7448.75,20
2026-07-23 23:37:00+00:00,7449.0,7449.0,7448.5,7448.75,22
2026-07-23 23:38:00+00:00,7448.75,7448.75,7448.5,7448.5,7
2026-07-23 23:39:00+00:00,7448.25,7448.25,7447.0,7447.25,173
2026-07-23 23:40:00+00:00,7447.25,7447.25,7444.5,7445.5,446
2026-07-23 23:41:00+00:00,7445.75,7449.0,7445.5,7448.75,297
2026-07-23 23:42:00+00:00,7448.5,7450.5,7447.5,7449.0,202
2026-07-23 23:43:00+00:00,7448.75,7449.0,7447.5,7448.0,53
2026-07-23 23:44:00+00:00,7448.25,7448.75,7448.0,7448.5,53
2026-07-23 23:45:00+00:00,7449.0,7452.25,7448.0,7451.0,393
2026-07-23 23:46:00+00:00,7450.75,7451.25,7449.75,7450.0,173
2026-07-23 23:47:00+00:00,7450.0,7450.75,7448.5,7448.75,113
2026-07-23 23:48:00+00:00,7448.5,7450.0,7447.5,7450.0,130
2026-07-23 23:49:00+00:00,7450.25,7450.5,7448.5,7448.5,42
2026-07-23 23:50:00+00:00,7448.5,7449.5,7447.75,7448.25,122
2026-07-23 23:51:00+00:00,7448.25,7448.75,7446.75,7447.25,133
2026-07-23 23:52:00+00:00,7447.25,7447.75,7446.25,7447.25,242
2026-07-23 23:53:00+00:00,7447.5,7447.75,7446.0,7446.25,56
2026-07-23 23:54:00+00:00,7446.0,7447.0,7445.0,7446.0,243
2026-07-23 23:55:00+00:00,7446.25,7447.25,7446.0,7447.25,63
2026-07-23 23:56:00+00:00,7447.5,7448.0,7446.25,7447.0,64
2026-07-23 23:57:00+00:00,7447.25,7449.0,7447.25,7449.0,53
2026-07-23 23:58:00+00:00,7448.75,7450.75,7448.75,7450.25,148
2026-07-23 23:59:00+00:00,7450.0,7450.5,7448.25,7449.0,149
2026-07-24 00:00:00+00:00,7449.25,7451.5,7449.0,7450.75,355
2026-07-24 00:01:00+00:00,7450.5,7454.75,7450.5,7452.0,649
2026-07-24 00:02:00+00:00,7452.0,7455.25,7451.75,7452.5,795
2026-07-24 00:03:00+00:00,7452.5,7452.5,7451.0,7451.5,155
2026-07-24 00:04:00+00:00,7451.5,7451.75,7447.25,7447.5,360
2026-07-24 00:05:00+00:00,7447.75,7448.25,7445.25,7446.25,412
2026-07-24 00:06:00+00:00,7446.5,7450.5,7444.75,7449.25,1276
2026-07-24 00:07:00+00:00,7448.75,7449.0,7446.0,7447.0,154
2026-07-24 00:08:00+00:00,7447.0,7447.5,7445.75,7447.0,101
2026-07-24 00:09:00+00:00,7446.75,7447.0,7445.25,7446.25,133
2026-07-24 00:10:00+00:00,7446.25,7448.0,7444.25,7445.25,279
2026-07-24 00:11:00+00:00,7445.25,7445.75,7443.5,7444.75,268
2026-07-24 00:12:00+00:00,7445.0,7447.5,7444.25,7447.5,182
2026-07-24 00:13:00+00:00,7447.5,7448.0,7445.5,7447.25,289
2026-07-24 00:14:00+00:00,7447.0,7447.75,7446.25,7447.25,157
2026-07-24 00:15:00+00:00,7447.5,7448.0,7444.5,7445.75,733
2026-07-24 00:16:00+00:00,7445.5,7448.75,7444.75,7448.75,403
2026-07-24 00:17:00+00:00,7448.75,7449.0,7446.5,7447.75,270
2026-07-24 00:18:00+00:00,7447.75,7450.75,7446.75,7449.75,383
2026-07-24 00:19:00+00:00,7449.5,7450.0,7447.0,7447.5,151
2026-07-24 00:20:00+00:00,7447.5,7449.0,7446.25,7449.0,212
2026-07-24 00:21:00+00:00,7449.0,7452.5,7448.75,7450.25,325
2026-07-24 00:22:00+00:00,7450.5,7452.0,7449.75,7451.75,383
2026-07-24 00:23:00+00:00,7451.25,7455.25,7450.5,7453.25,454
2026-07-24 00:24:00+00:00,7453.5,7454.0,7452.5,7452.75,223
2026-07-24 00:25:00+00:00,7453.0,7453.75,7451.5,7452.0,174
2026-07-24 00:26:00+00:00,7452.0,7453.25,7451.5,7452.0,106
2026-07-24 00:27:00+00:00,7451.75,7452.5,7451.0,7451.25,117
2026-07-24 00:28:00+00:00,7451.25,7451.25,7450.0,7450.0,118
2026-07-24 00:29:00+00:00,7450.25,7450.75,7449.75,7450.75,201
2026-07-24 00:30:00+00:00,7451.0,7451.25,7449.0,7449.0,118
2026-07-24 00:31:00+00:00,7449.0,7449.5,7447.25,7449.25,225
2026-07-24 00:32:00+00:00,7449.25,7449.5,7448.25,7448.5,115
2026-07-24 00:33:00+00:00,7448.5,7449.25,7447.75,7449.0,109
2026-07-24 00:34:00+00:00,7449.0,7449.25,7447.75,7448.0,87
2026-07-24 00:35:00+00:00,7448.0,7448.5,7446.75,7448.25,247
2026-07-24 00:36:00+00:00,7448.5,7451.25,7448.5,7449.75,190
2026-07-24 00:37:00+00:00,7449.5,7450.0,7449.0,7449.25,81
2026-07-24 00:38:00+00:00,7449.25,7450.0,7448.75,7450.0,68
2026-07-24 00:39:00+00:00,7450.0,7452.75,7450.0,7451.25,149
2026-07-24 00:40:00+00:00,7451.25,7452.75,7451.25,7452.75,145
2026-07-24 00:41:00+00:00,7453.0,7453.25,7451.5,7452.0,146
2026-07-24 00:42:00+00:00,7451.75,7456.0,7451.25,7455.0,385
2026-07-24 00:43:00+00:00,7454.75,7455.25,7453.5,7454.0,179
2026-07-24 00:44:00+00:00,7454.25,7455.0,7453.5,7454.25,264
2026-07-24 00:45:00+00:00,7454.5,7455.0,7453.5,7454.75,179
2026-07-24 00:46:00+00:00,7454.75,7456.25,7454.25,7455.0,253
2026-07-24 00:47:00+00:00,7454.5,7456.75,7453.75,7456.75,256
2026-07-24 00:48:00+00:00,7456.75,7457.0,7455.25,7455.5,150
2026-07-24 00:49:00+00:00,7455.25,7455.25,7454.0,7454.5,138
2026-07-24 00:50:00+00:00,7454.5,7455.0,7453.25,7455.0,175
2026-07-24 00:51:00+00:00,7455.25,7455.25,7453.5,7454.0,135
2026-07-24 00:52:00+00:00,7454.0,7454.25,7453.0,7453.25,104
2026-07-24 00:53:00+00:00,7453.25,7453.5,7451.5,7451.5,152
2026-07-24 00:54:00+00:00,7451.5,7451.5,7449.75,7450.0,181
2026-07-24 00:55:00+00:00,7450.0,7450.75,7448.5,7450.75,152
2026-07-24 00:56:00+00:00,7451.0,7452.5,7450.0,7451.75,231
2026-07-24 00:57:00+00:00,7451.75,7453.25,7451.5,7452.75,377
2026-07-24 00:58:00+00:00,7453.0,7454.25,7453.0,7453.25,100
2026-07-24 00:59:00+00:00,7453.0,7454.75,7452.75,7454.25,145
2026-07-24 01:00:00+00:00,7454.5,7456.0,7454.0,7455.0,468
2026-07-24 01:01:00+00:00,7455.0,7456.25,7454.75,7456.25,201
2026-07-24 01:02:00+00:00,7456.25,7456.75,7454.5,7454.5,171
2026-07-24 01:03:00+00:00,7454.25,7454.5,7452.5,7452.5,173
2026-07-24 01:04:00+00:00,7453.0,7456.0,7452.75,7455.75,158
2026-07-24 01:05:00+00:00,7455.75,7456.75,7455.5,7456.5,180
2026-07-24 01:06:00+00:00,7456.5,7456.5,7454.75,7455.25,154
2026-07-24 01:07:00+00:00,7455.0,7455.75,7454.75,7455.5,86
2026-07-24 01:08:00+00:00,7455.5,7457.25,7455.25,7457.0,136
2026-07-24 01:09:00+00:00,7457.0,7457.25,7455.5,7455.5,101
2026-07-24 01:10:00+00:00,7455.25,7456.0,7454.25,7454.5,122
2026-07-24 01:11:00+00:00,7454.5,7455.75,7454.0,7454.75,126
2026-07-24 01:12:00+00:00,7454.5,7455.0,7452.75,7454.75,206
2026-07-24 01:13:00+00:00,7454.75,7454.75,7454.25,7454.5,73
2026-07-24 01:14:00+00:00,7454.5,7454.75,7452.5,7453.0,167
2026-07-24 01:15:00+00:00,7453.25,7453.25,7452.25,7452.75,134
2026-07-24 01:16:00+00:00,7453.0,7455.5,7452.25,7453.0,152
2026-07-24 01:17:00+00:00,7453.0,7455.0,7453.0,7455.0,67
2026-07-24 01:18:00+00:00,7455.0,7455.0,7451.75,7452.75,123
2026-07-24 01:19:00+00:00,7452.5,7454.75,7452.5,7453.75,95
2026-07-24 01:20:00+00:00,7453.75,7454.5,7452.0,7453.75,114
2026-07-24 01:21:00+00:00,7454.0,7454.0,7452.25,7452.5,117
2026-07-24 01:22:00+00:00,7452.25,7452.75,7452.25,7452.25,55
2026-07-24 01:23:00+00:00,7452.5,7452.5,7451.0,7451.75,91
2026-07-24 01:24:00+00:00,7451.25,7453.25,7451.25,7452.75,112
2026-07-24 01:25:00+00:00,7452.75,7456.0,7452.75,7455.5,180
2026-07-24 01:26:00+00:00,7455.5,7457.25,7455.25,7456.5,176
2026-07-24 01:27:00+00:00,7456.25,7457.5,7455.75,7456.75,120
2026-07-24 01:28:00+00:00,7456.5,7456.75,7454.75,7455.0,117
2026-07-24 01:29:00+00:00,7455.0,7455.0,7453.25,7453.25,68
2026-07-24 01:30:00+00:00,7453.25,7455.0,7453.0,7454.5,171
2026-07-24 01:31:00+00:00,7454.75,7455.0,7452.5,7453.0,167
2026-07-24 01:32:00+00:00,7453.25,7453.25,7452.5,7453.0,88
2026-07-24 01:33:00+00:00,7453.0,7456.75,7453.0,7456.75,175
2026-07-24 01:34:00+00:00,7456.5,7458.0,7456.5,7457.25,296
2026-07-24 01:35:00+00:00,7457.5,7457.5,7455.75,7456.5,138
2026-07-24 01:36:00+00:00,7456.25,7457.25,7455.75,7456.5,61
2026-07-24 01:37:00+00:00,7456.25,7457.5,7456.0,7457.0,134
2026-07-24 01:38:00+00:00,7456.5,7458.0,7456.25,7457.75,98
2026-07-24 01:39:00+00:00,7457.5,7457.75,7454.5,7454.75,166
2026-07-24 01:40:00+00:00,7454.75,7455.75,7453.75,7454.5,139
2026-07-24 01:41:00+00:00,7454.5,7456.25,7454.25,7456.25,114
2026-07-24 01:42:00+00:00,7456.5,7458.0,7456.25,7457.0,248
2026-07-24 01:43:00+00:00,7457.0,7458.25,7457.0,7458.0,129
2026-07-24 01:44:00+00:00,7458.0,7459.25,7456.5,7457.0,367
2026-07-24 01:45:00+00:00,7456.75,7456.75,7456.0,7456.25,103
2026-07-24 01:46:00+00:00,7456.25,7456.75,7455.5,7456.25,77
2026-07-24 01:47:00+00:00,7456.25,7457.25,7456.0,7456.0,89
2026-07-24 01:48:00+00:00,7456.25,7456.5,7455.5,7455.75,54
2026-07-24 01:49:00+00:00,7455.5,7455.75,7453.75,7453.75,148
2026-07-24 01:50:00+00:00,7453.75,7453.75,7451.75,7452.25,141
2026-07-24 01:51:00+00:00,7452.25,7453.0,7451.75,7452.75,147
2026-07-24 01:52:00+00:00,7452.75,7452.75,7451.5,7452.5,110
2026-07-24 01:53:00+00:00,7452.5,7453.5,7451.5,7453.25,119
2026-07-24 01:54:00+00:00,7453.25,7454.5,7453.0,7454.0,97
2026-07-24 01:55:00+00:00,7453.75,7455.0,7453.5,7453.5,139
2026-07-24 01:56:00+00:00,7453.25,7453.5,7451.75,7452.0,129
2026-07-24 01:57:00+00:00,7451.75,7452.25,7451.5,7452.0,91
2026-07-24 01:58:00+00:00,7451.75,7451.75,7450.25,7451.25,208
2026-07-24 01:59:00+00:00,7451.25,7451.75,7450.75,7451.0,97
2026-07-24 02:00:00+00:00,7451.0,7451.75,7450.5,7450.75,208
2026-07-24 02:01:00+00:00,7450.5,7450.75,7449.5,7450.75,139
2026-07-24 02:02:00+00:00,7451.0,7451.0,7449.75,7450.75,83
2026-07-24 02:03:00+00:00,7450.75,7451.5,7449.75,7451.25,142
2026-07-24 02:04:00+00:00,7451.0,7451.25,7449.5,7449.75,129
2026-07-24 02:05:00+00:00,7449.75,7449.75,7448.5,7449.0,121
2026-07-24 02:06:00+00:00,7449.25,7450.0,7448.75,7449.25,94
2026-07-24 02:07:00+00:00,7449.25,7450.0,7448.75,7450.0,119
2026-07-24 02:08:00+00:00,7449.75,7450.25,7448.5,7449.25,134
2026-07-24 02:09:00+00:00,7449.25,7451.0,7449.0,7451.0,95
2026-07-24 02:10:00+00:00,7451.25,7452.5,7451.0,7451.25,153
2026-07-24 02:11:00+00:00,7451.25,7453.25,7450.75,7452.75,109
2026-07-24 02:12:00+00:00,7452.5,7453.0,7451.25,7452.0,102
2026-07-24 02:13:00+00:00,7452.0,7453.0,7451.5,7451.5,95
2026-07-24 02:14:00+00:00,7451.25,7452.0,7450.75,7451.5,74
2026-07-24 02:15:00+00:00,7451.5,7452.25,7450.5,7451.0,89
2026-07-24 02:16:00+00:00,7451.25,7451.5,7449.75,7449.75,96
2026-07-24 02:17:00+00:00,7449.75,7451.5,7449.75,7451.0,130
2026-07-24 02:18:00+00:00,7451.0,7451.0,7449.75,7450.25,96
2026-07-24 02:19:00+00:00,7450.0,7450.75,7450.0,7450.0,71
2026-07-24 02:20:00+00:00,7449.75,7450.0,7449.25,7449.5,93
2026-07-24 02:21:00+00:00,7449.5,7450.0,7448.5,7448.75,115
2026-07-24 02:22:00+00:00,7448.5,7449.25,7448.0,7448.5,111
2026-07-24 02:23:00+00:00,7448.25,7450.0,7448.25,7449.75,87
2026-07-24 02:24:00+00:00,7449.75,7451.25,7449.25,7451.0,89
2026-07-24 02:25:00+00:00,7451.0,7452.0,7450.5,7452.0,94
2026-07-24 02:26:00+00:00,7451.75,7452.5,7451.25,7452.5,133
2026-07-24 02:27:00+00:00,7452.5,7452.5,7451.25,7452.25,100
2026-07-24 02:28:00+00:00,7452.25,7452.75,7450.75,7450.75,82
2026-07-24 02:29:00+00:00,7450.75,7450.75,7449.5,7450.0,132
2026-07-24 02:30:00+00:00,7450.0,7450.0,7448.5,7449.5,165
2026-07-24 02:31:00+00:00,7449.5,7449.5,7448.75,7449.0,76
2026-07-24 02:32:00+00:00,7449.25,7449.25,7447.0,7447.0,138
2026-07-24 02:33:00+00:00,7447.0,7447.0,7445.5,7445.5,173
2026-07-24 02:34:00+00:00,7445.75,7446.5,7445.5,7446.0,120
2026-07-24 02:35:00+00:00,7446.0,7446.25,7445.0,7445.5,113
2026-07-24 02:36:00+00:00,7445.5,7445.5,7443.75,7444.0,202
2026-07-24 02:37:00+00:00,7443.75,7444.75,7442.75,7444.75,250
2026-07-24 02:38:00+00:00,7444.5,7444.5,7443.75,7443.75,135
2026-07-24 02:39:00+00:00,7443.75,7444.0,7443.0,7443.0,79
2026-07-24 02:40:00+00:00,7443.25,7444.0,7442.75,7443.5,96
2026-07-24 02:41:00+00:00,7443.25,7444.0,7442.75,7443.75,127
2026-07-24 02:42:00+00:00,7443.75,7443.75,7443.25,7443.75,78
2026-07-24 02:43:00+00:00,7443.5,7443.5,7442.75,7443.5,86
2026-07-24 02:44:00+00:00,7443.5,7443.5,7442.25,7442.25,106
2026-07-24 02:45:00+00:00,7442.25,7443.0,7441.75,7442.5,181
2026-07-24 02:46:00+00:00,7442.5,7442.75,7441.0,7441.0,143
2026-07-24 02:47:00+00:00,7441.25,7442.75,7441.0,7442.25,192
2026-07-24 02:48:00+00:00,7442.25,7442.25,7440.25,7440.75,217
2026-07-24 02:49:00+00:00,7441.0,7441.5,7440.5,7441.0,88
2026-07-24 02:50:00+00:00,7441.0,7442.0,7440.0,7441.5,186
2026-07-24 02:51:00+00:00,7441.5,7442.25,7441.25,7442.25,163
2026-07-24 02:52:00+00:00,7442.25,7442.25,7440.5,7441.0,123
2026-07-24 02:53:00+00:00,7441.0,7441.5,7440.25,7440.5,55
2026-07-24 02:54:00+00:00,7440.25,7440.5,7440.0,7440.25,54
2026-07-24 02:55:00+00:00,7440.25,7442.0,7440.0,7441.75,100
2026-07-24 02:56:00+00:00,7441.75,7442.5,7441.5,7441.75,99
2026-07-24 02:57:00+00:00,7441.75,7441.75,7440.75,7440.75,62
2026-07-24 02:58:00+00:00,7441.0,7442.25,7439.5,7440.25,398
2026-07-24 02:59:00+00:00,7440.25,7440.75,7439.25,7439.5,191
2026-07-24 03:00:00+00:00,7439.5,7441.5,7439.5,7441.0,212
2026-07-24 03:01:00+00:00,7441.25,7441.25,7439.5,7439.75,123
2026-07-24 03:02:00+00:00,7439.5,7440.25,7439.5,7440.25,95
2026-07-24 03:03:00+00:00,7440.5,7440.75,7439.25,7440.5,100
2026-07-24 03:04:00+00:00,7440.25,7442.25,7440.25,7441.5,278
2026-07-24 03:05:00+00:00,7441.5,7443.0,7441.5,7442.5,93
2026-07-24 03:06:00+00:00,7442.25,7442.5,7441.0,7441.75,98
2026-07-24 03:07:00+00:00,7442.0,7442.0,7440.5,7441.25,139
2026-07-24 03:08:00+00:00,7441.25,7441.5,7440.75,7440.75,84
2026-07-24 03:09:00+00:00,7440.75,7440.75,7439.5,7439.75,103
2026-07-24 03:10:00+00:00,7440.0,7441.0,7439.5,7440.75,138
2026-07-24 03:11:00+00:00,7440.5,7441.5,7439.25,7441.25,155
2026-07-24 03:12:00+00:00,7441.5,7442.75,7441.0,7442.25,134
2026-07-24 03:13:00+00:00,7442.5,7442.75,7441.0,7442.0,54
2026-07-24 03:14:00+00:00,7442.25,7442.5,7441.75,7441.75,121
2026-07-24 03:15:00+00:00,7441.75,7443.25,7441.5,7442.5,111
2026-07-24 03:16:00+00:00,7442.5,7443.75,7442.0,7443.5,107
2026-07-24 03:17:00+00:00,7443.5,7443.75,7442.75,7443.25,117
2026-07-24 03:18:00+00:00,7443.0,7444.0,7442.0,7442.0,168
2026-07-24 03:19:00+00:00,7442.0,7442.5,7441.0,7441.0,200
2026-07-24 03:20:00+00:00,7441.0,7441.0,7440.25,7440.5,60
2026-07-24 03:21:00+00:00,7440.5,7441.5,7440.0,7441.5,94
2026-07-24 03:22:00+00:00,7441.5,7442.5,7441.25,7441.5,97
2026-07-24 03:23:00+00:00,7441.25,7441.5,7440.0,7441.5,92
2026-07-24 03:24:00+00:00,7441.0,7441.5,7440.5,7440.75,66
2026-07-24 03:25:00+00:00,7440.5,7442.5,7440.25,7442.5,99
2026-07-24 03:26:00+00:00,7442.5,7442.5,7441.5,7441.75,48
2026-07-24 03:27:00+00:00,7442.0,7444.0,7442.0,7443.5,111
2026-07-24 03:28:00+00:00,7443.5,7443.75,7442.0,7442.5,83
2026-07-24 03:29:00+00:00,7442.5,7442.75,7442.0,7442.25,43
2026-07-24 03:30:00+00:00,7442.25,7442.5,7441.25,7441.75,119
2026-07-24 03:31:00+00:00,7442.0,7443.25,7442.0,7442.25,99
2026-07-24 03:32:00+00:00,7442.0,7442.25,7439.75,7440.25,141
2026-07-24 03:33:00+00:00,7440.25,7441.25,7439.25,7439.25,132
2026-07-24 03:34:00+00:00,7439.25,7440.0,7438.0,7440.0,259
2026-07-24 03:35:00+00:00,7439.75,7442.0,7439.75,7441.0,183
2026-07-24 03:36:00+00:00,7440.75,7440.75,7438.75,7439.75,139
2026-07-24 03:37:00+00:00,7439.5,7440.75,7439.25,7440.75,86
2026-07-24 03:38:00+00:00,7440.5,7440.75,7439.25,7440.75,97
2026-07-24 03:39:00+00:00,7440.75,7442.0,7440.25,7440.5,83
2026-07-24 03:40:00+00:00,7440.75,7441.0,7440.0,7440.75,75
2026-07-24 03:41:00+00:00,7441.0,7441.0,7440.0,7440.0,43
2026-07-24 03:42:00+00:00,7440.0,7440.0,7439.5,7439.5,59
2026-07-24 03:43:00+00:00,7439.5,7439.5,7438.75,7439.5,121
2026-07-24 03:44:00+00:00,7439.25,7439.25,7438.25,7439.0,79
2026-07-24 03:45:00+00:00,7438.75,7439.25,7437.25,7438.75,434
2026-07-24 03:46:00+00:00,7438.75,7440.25,7438.75,7440.25,222
2026-07-24 03:47:00+00:00,7440.25,7441.25,7439.25,7439.5,115
2026-07-24 03:48:00+00:00,7439.5,7439.75,7439.0,7439.75,46
2026-07-24 03:49:00+00:00,7439.5,7440.25,7439.25,7439.5,61
2026-07-24 03:50:00+00:00,7439.5,7439.75,7439.0,7439.5,109
2026-07-24 03:51:00+00:00,7439.25,7439.5,7438.75,7439.25,120
2026-07-24 03:52:00+00:00,7439.25,7439.75,7438.75,7439.75,67
2026-07-24 03:53:00+00:00,7439.5,7440.0,7439.25,7439.75,59
2026-07-24 03:54:00+00:00,7439.75,7439.75,7438.0,7438.25,78
2026-07-24 03:55:00+00:00,7438.25,7438.25,7437.0,7437.5,112
2026-07-24 03:56:00+00:00,7437.5,7437.75,7437.25,7437.5,58
2026-07-24 03:57:00+00:00,7437.25,7437.75,7437.0,7437.25,123
2026-07-24 03:58:00+00:00,7437.25,7437.5,7436.75,7437.25,41
2026-07-24 04:09:00+00:00,7440.5,7441.0,7440.0,7440.5,154
2026-07-24 04:10:00+00:00,7440.75,7440.75,7438.75,7439.0,115
2026-07-24 04:11:00+00:00,7438.75,7439.0,7437.75,7439.0,122
2026-07-24 04:12:00+00:00,7438.75,7439.0,7436.75,7437.25,63
2026-07-24 04:13:00+00:00,7437.25,7437.75,7437.0,7437.0,54
2026-07-24 04:14:00+00:00,7437.0,7437.25,7436.75,7437.0,57
2026-07-24 04:15:00+00:00,7437.25,7437.5,7436.75,7437.25,32
2026-07-24 04:16:00+00:00,7437.5,7438.75,7437.25,7438.75,69
2026-07-24 04:17:00+00:00,7438.75,7440.0,7438.0,7440.0,83
2026-07-24 04:18:00+00:00,7440.0,7440.0,7439.0,7439.25,66
2026-07-24 04:19:00+00:00,7439.25,7439.75,7438.75,7439.5,73
2026-07-24 04:20:00+00:00,7439.5,7439.5,7437.75,7437.75,52
2026-07-24 04:21:00+00:00,7437.5,7438.5,7437.0,7438.5,118
2026-07-24 04:22:00+00:00,7438.5,7441.0,7438.5,7440.5,116
2026-07-24 04:23:00+00:00,7440.5,7442.5,7440.5,7442.25,112
2026-07-24 04:24:00+00:00,7442.25,7442.75,7442.0,7442.25,129
2026-07-24 04:25:00+00:00,7442.25,7443.0,7441.5,7441.75,126
2026-07-24 04:26:00+00:00,7442.0,7442.25,7441.0,7442.25,80
2026-07-24 04:27:00+00:00,7442.25,7444.5,7442.25,7443.75,194
2026-07-24 04:28:00+00:00,7443.75,7444.75,7443.75,7444.0,146
2026-07-24 04:29:00+00:00,7444.25,7444.75,7443.75,7444.25,121
2026-07-24 04:30:00+00:00,7444.25,7444.5,7443.75,7444.0,91
2026-07-24 04:31:00+00:00,7444.25,7444.25,7443.5,7444.0,82
2026-07-24 04:32:00+00:00,7444.0,7444.25,7442.5,7442.5,94
2026-07-24 04:33:00+00:00,7442.25,7443.0,7441.75,7442.25,43
2026-07-24 04:34:00+00:00,7442.25,7443.0,7441.75,7442.5,25
2026-07-24 04:35:00+00:00,7442.5,7443.0,7442.25,7443.0,29
2026-07-24 04:36:00+00:00,7442.75,7443.5,7441.75,7442.25,58
2026-07-24 04:37:00+00:00,7442.5,7442.5,7441.75,7441.75,45
2026-07-24 04:38:00+00:00,7441.75,7441.75,7441.25,7441.75,50
2026-07-24 04:39:00+00:00,7441.5,7441.75,7440.25,7440.25,78
2026-07-24 04:40:00+00:00,7440.5,7440.75,7438.5,7438.5,125
2026-07-24 04:41:00+00:00,7438.75,7438.75,7437.5,7437.5,103
2026-07-24 04:42:00+00:00,7438.0,7439.0,7438.0,7439.0,78
2026-07-24 04:43:00+00:00,7439.0,7440.75,7439.0,7440.0,98
2026-07-24 04:44:00+00:00,7439.75,7440.0,7439.25,7439.75,88
2026-07-24 04:45:00+00:00,7439.75,7440.75,7439.75,7440.75,42
2026-07-24 04:46:00+00:00,7440.75,7441.0,7439.5,7440.0,61
2026-07-24 04:47:00+00:00,7440.25,7440.5,7439.0,7439.0,61
2026-07-24 04:48:00+00:00,7438.75,7439.25,7438.5,7438.5,41
2026-07-24 04:49:00+00:00,7438.5,7439.25,7438.5,7439.25,56
2026-07-24 04:50:00+00:00,7439.25,7441.5,7439.0,7440.25,88
2026-07-24 04:51:00+00:00,7440.0,7440.25,7439.75,7440.25,30
2026-07-24 04:52:00+00:00,7440.25,7441.25,7439.75,7441.0,63
2026-07-24 04:53:00+00:00,7441.25,7441.75,7440.75,7441.0,57
2026-07-24 04:54:00+00:00,7441.25,7442.75,7441.25,7441.5,93
2026-07-24 04:55:00+00:00,7441.75,7442.25,7441.25,7441.5,45
2026-07-24 04:56:00+00:00,7441.5,7441.75,7441.25,7441.5,27
2026-07-24 04:57:00+00:00,7441.5,7443.75,7441.5,7443.25,147
2026-07-24 04:58:00+00:00,7443.25,7443.25,7442.0,7442.5,82
2026-07-24 04:59:00+00:00,7442.75,7443.5,7442.5,7443.5,24
2026-07-24 05:00:00+00:00,7443.25,7444.5,7442.75,7442.75,151
2026-07-24 05:01:00+00:00,7442.75,7442.75,7441.5,7441.75,88
2026-07-24 05:02:00+00:00,7441.75,7442.5,7441.5,7442.5,52
2026-07-24 05:03:00+00:00,7442.5,7444.5,7442.25,7443.25,105
2026-07-24 05:04:00+00:00,7443.0,7444.0,7442.75,7443.5,87
2026-07-24 05:05:00+00:00,7443.5,7444.5,7443.5,7444.25,74
2026-07-24 05:06:00+00:00,7444.5,7444.75,7443.5,7444.75,162
2026-07-24 05:07:00+00:00,7444.5,7447.5,7444.5,7446.75,423
2026-07-24 05:08:00+00:00,7446.5,7447.5,7446.5,7447.5,154
2026-07-24 05:09:00+00:00,7447.5,7448.0,7445.75,7445.75,170
2026-07-24 05:10:00+00:00,7446.0,7446.75,7445.5,7445.5,77
2026-07-24 05:11:00+00:00,7445.25,7446.75,7445.25,7446.5,50
2026-07-24 05:12:00+00:00,7446.75,7446.75,7446.0,7446.5,62
2026-07-24 05:13:00+00:00,7446.25,7446.5,7445.75,7445.75,51
2026-07-24 05:14:00+00:00,7446.25,7446.25,7444.5,7446.25,79
2026-07-24 05:15:00+00:00,7445.75,7446.0,7445.0,7445.5,55
2026-07-24 05:16:00+00:00,7445.25,7446.25,7444.75,7446.25,105
2026-07-24 05:17:00+00:00,7446.25,7447.0,7446.0,7446.0,87
2026-07-24 05:18:00+00:00,7446.25,7446.75,7444.5,7445.0,102
2026-07-24 05:19:00+00:00,7445.0,7446.0,7444.25,7446.0,97
2026-07-24 05:20:00+00:00,7446.25,7446.75,7445.25,7446.75,76
2026-07-24 05:21:00+00:00,7446.75,7448.0,7446.25,7446.5,103
2026-07-24 05:22:00+00:00,7446.5,7447.5,7446.25,7447.0,41
2026-07-24 05:23:00+00:00,7446.75,7447.25,7446.75,7447.0,28
2026-07-24 05:24:00+00:00,7447.0,7447.25,7446.0,7447.25,178
2026-07-24 05:25:00+00:00,7447.25,7447.5,7446.5,7447.25,199
2026-07-24 05:26:00+00:00,7447.5,7449.25,7447.5,7448.0,170
2026-07-24 05:27:00+00:00,7448.25,7448.75,7447.25,7447.25,186
2026-07-24 05:28:00+00:00,7447.25,7447.5,7446.75,7447.0,79
2026-07-24 05:29:00+00:00,7447.0,7447.5,7446.5,7446.75,108
2026-07-24 05:30:00+00:00,7447.0,7448.25,7446.25,7447.0,360
2026-07-24 05:31:00+00:00,7447.0,7447.5,7446.75,7447.25,46
2026-07-24 05:32:00+00:00,7447.25,7447.75,7446.75,7446.75,39
2026-07-24 05:33:00+00:00,7446.5,7446.5,7445.25,7446.0,125
2026-07-24 05:34:00+00:00,7446.0,7447.0,7445.25,7446.75,92
2026-07-24 05:35:00+00:00,7446.75,7446.75,7444.75,7445.0,78
2026-07-24 05:36:00+00:00,7445.25,7445.75,7444.75,7445.25,87
2026-07-24 05:37:00+00:00,7445.0,7446.25,7445.0,7445.75,73
2026-07-24 05:38:00+00:00,7445.5,7447.5,7445.25,7447.5,69
2026-07-24 05:39:00+00:00,7447.25,7447.5,7446.25,7446.75,117
2026-07-24 05:40:00+00:00,7446.75,7446.75,7446.0,7446.0,114
2026-07-24 05:41:00+00:00,7445.75,7445.75,7445.0,7445.75,153
2026-07-24 05:42:00+00:00,7445.5,7447.0,7444.75,7447.0,161
2026-07-24 05:43:00+00:00,7446.75,7446.75,7446.0,7446.75,212
2026-07-24 05:44:00+00:00,7447.0,7448.0,7446.5,7447.75,116
2026-07-24 05:45:00+00:00,7447.5,7448.5,7447.25,7448.0,88
2026-07-24 05:46:00+00:00,7448.0,7448.25,7447.25,7447.75,61
2026-07-24 05:47:00+00:00,7448.0,7449.75,7447.75,7449.75,137
2026-07-24 05:48:00+00:00,7449.75,7450.5,7449.25,7449.75,104
2026-07-24 05:49:00+00:00,7449.5,7449.5,7447.75,7447.75,102
2026-07-24 05:50:00+00:00,7447.75,7448.5,7446.75,7447.0,81
2026-07-24 05:51:00+00:00,7447.0,7447.25,7446.0,7446.0,87
2026-07-24 05:52:00+00:00,7446.0,7446.0,7445.0,7445.75,179
2026-07-24 05:53:00+00:00,7445.5,7445.75,7445.5,7445.75,30
2026-07-24 05:54:00+00:00,7445.75,7446.0,7443.5,7443.5,179
2026-07-24 05:55:00+00:00,7443.75,7443.75,7442.0,7442.25,234
2026-07-24 05:56:00+00:00,7442.25,7444.25,7442.25,7443.25,98
2026-07-24 05:57:00+00:00,7443.5,7443.5,7442.75,7442.75,47
2026-07-24 05:58:00+00:00,7442.5,7443.0,7442.25,7442.25,34
2026-07-24 05:59:00+00:00,7442.25,7442.5,7442.0,7442.0,51
2026-07-24 06:00:00+00:00,7442.25,7442.75,7441.0,7441.5,192
2026-07-24 06:01:00+00:00,7441.75,7442.0,7440.75,7440.75,141
2026-07-24 06:02:00+00:00,7440.75,7441.75,7440.75,7441.75,110
2026-07-24 06:03:00+00:00,7441.75,7442.0,7440.0,7440.25,140
2026-07-24 06:04:00+00:00,7440.0,7440.25,7438.75,7439.25,167
2026-07-24 06:05:00+00:00,7439.25,7439.25,7437.75,7438.75,134
2026-07-24 06:06:00+00:00,7438.75,7439.0,7437.5,7438.75,216
2026-07-24 06:07:00+00:00,7438.75,7439.75,7438.5,7439.25,137
2026-07-24 06:08:00+00:00,7439.25,7439.5,7438.75,7439.0,132
2026-07-24 06:09:00+00:00,7439.0,7439.5,7438.5,7438.5,117
2026-07-24 06:10:00+00:00,7438.75,7440.0,7438.75,7439.5,164
2026-07-24 06:11:00+00:00,7439.5,7439.5,7438.25,7438.5,135
2026-07-24 06:12:00+00:00,7438.5,7439.0,7438.0,7438.75,157
2026-07-24 06:13:00+00:00,7439.0,7439.0,7436.75,7437.0,283
2026-07-24 06:14:00+00:00,7437.0,7437.75,7436.5,7437.5,129
2026-07-24 06:15:00+00:00,7437.75,7438.75,7437.25,7437.75,338
2026-07-24 06:16:00+00:00,7437.5,7440.0,7437.0,7439.5,375
2026-07-24 06:17:00+00:00,7439.75,7440.0,7439.25,7439.5,140
2026-07-24 06:18:00+00:00,7439.25,7440.25,7439.0,7439.5,132
2026-07-24 06:19:00+00:00,7439.75,7443.5,7439.75,7443.5,199
2026-07-24 06:20:00+00:00,7443.5,7445.25,7443.5,7444.5,224
2026-07-24 06:21:00+00:00,7444.75,7445.75,7444.75,7445.0,170
2026-07-24 06:22:00+00:00,7445.25,7445.75,7444.75,7445.75,149
2026-07-24 06:23:00+00:00,7445.5,7446.25,7444.25,7444.75,183
2026-07-24 06:24:00+00:00,7444.5,7445.25,7444.25,7445.0,146
2026-07-24 06:25:00+00:00,7445.0,7447.25,7445.0,7446.25,249
2026-07-24 06:26:00+00:00,7446.25,7446.5,7444.75,7445.5,115
2026-07-24 06:27:00+00:00,7445.5,7445.5,7443.25,7443.5,207
2026-07-24 06:28:00+00:00,7443.25,7443.25,7440.75,7440.75,207
2026-07-24 06:29:00+00:00,7440.75,7442.25,7440.0,7441.75,128
2026-07-24 06:30:00+00:00,7441.75,7441.75,7440.0,7440.25,124
2026-07-24 06:31:00+00:00,7440.25,7441.75,7440.0,7441.5,67
2026-07-24 06:32:00+00:00,7441.5,7442.0,7440.25,7440.25,141
2026-07-24 06:33:00+00:00,7440.25,7441.25,7440.25,7440.5,164
2026-07-24 06:34:00+00:00,7440.5,7442.5,7440.5,7442.5,139
2026-07-24 06:35:00+00:00,7442.5,7443.75,7442.0,7443.5,111
2026-07-24 06:36:00+00:00,7443.5,7445.0,7443.25,7444.5,153
2026-07-24 06:37:00+00:00,7444.5,7444.5,7442.75,7442.75,157
2026-07-24 06:38:00+00:00,7442.75,7442.75,7441.25,7441.75,121
2026-07-24 06:39:00+00:00,7442.0,7442.25,7441.75,7441.75,52
2026-07-24 06:40:00+00:00,7442.0,7442.25,7440.75,7441.0,57
2026-07-24 06:41:00+00:00,7440.75,7440.75,7440.25,7440.75,65
2026-07-24 06:42:00+00:00,7441.0,7441.0,7439.75,7439.75,45
2026-07-24 06:43:00+00:00,7439.75,7439.75,7438.25,7438.5,55
2026-07-24 06:44:00+00:00,7438.5,7438.5,7437.5,7437.5,79
2026-07-24 06:45:00+00:00,7437.75,7437.75,7436.25,7436.5,233
2026-07-24 06:46:00+00:00,7436.75,7437.5,7436.75,7437.0,109
2026-07-24 06:47:00+00:00,7437.0,7437.5,7436.75,7437.5,89
2026-07-24 06:48:00+00:00,7437.5,7437.5,7435.75,7436.5,86
2026-07-24 06:49:00+00:00,7436.25,7436.5,7433.75,7434.5,248
2026-07-24 06:50:00+00:00,7434.5,7436.0,7434.5,7435.5,150
2026-07-24 06:51:00+00:00,7435.25,7435.75,7434.25,7434.5,167
2026-07-24 06:52:00+00:00,7434.75,7437.0,7434.5,7437.0,119
2026-07-24 06:53:00+00:00,7437.0,7438.0,7436.75,7437.5,127
2026-07-24 06:54:00+00:00,7437.5,7439.25,7437.25,7438.75,118
2026-07-24 06:55:00+00:00,7438.5,7439.25,7437.5,7438.25,194
2026-07-24 06:56:00+00:00,7438.25,7439.75,7437.5,7439.75,116
2026-07-24 06:57:00+00:00,7439.5,7439.75,7439.0,7439.5,76
2026-07-24 06:58:00+00:00,7439.75,7442.0,7439.75,7442.0,169
2026-07-24 06:59:00+00:00,7442.0,7443.5,7442.0,7442.5,287
2026-07-24 07:00:00+00:00,7442.75,7444.25,7442.0,7443.5,792
2026-07-24 07:01:00+00:00,7443.5,7446.25,7443.25,7445.75,334
2026-07-24 07:02:00+00:00,7445.75,7448.25,7445.25,7447.5,765
2026-07-24 07:03:00+00:00,7447.75,7448.75,7447.25,7448.25,233
2026-07-24 07:04:00+00:00,7448.0,7449.5,7447.25,7447.25,182
2026-07-24 07:05:00+00:00,7447.0,7447.5,7446.25,7447.25,165
2026-07-24 07:06:00+00:00,7447.25,7448.25,7446.0,7447.75,278
2026-07-24 07:07:00+00:00,7447.5,7448.5,7447.25,7448.5,161
2026-07-24 07:08:00+00:00,7448.5,7449.5,7447.75,7449.0,193
2026-07-24 07:09:00+00:00,7449.0,7452.25,7448.75,7452.25,412
2026-07-24 07:10:00+00:00,7452.25,7453.5,7452.25,7453.5,356
2026-07-24 07:11:00+00:00,7453.5,7454.75,7453.25,7454.0,515
2026-07-24 07:12:00+00:00,7454.25,7455.5,7454.0,7454.5,561
2026-07-24 07:13:00+00:00,7454.5,7455.25,7454.0,7454.75,567
2026-07-24 07:14:00+00:00,7454.75,7456.25,7454.25,7456.0,622
2026-07-24 07:15:00+00:00,7456.0,7456.25,7454.25,7455.5,317
2026-07-24 07:16:00+00:00,7455.5,7456.75,7454.5,7456.5,342
2026-07-24 07:17:00+00:00,7456.25,7459.75,7456.0,7459.25,848
2026-07-24 07:18:00+00:00,7459.25,7459.75,7457.5,7458.5,463
2026-07-24 07:19:00+00:00,7458.5,7459.75,7458.25,7459.25,316
2026-07-24 07:20:00+00:00,7459.25,7460.75,7459.0,7459.5,476
2026-07-24 07:21:00+00:00,7459.25,7459.75,7458.25,7459.25,215
2026-07-24 07:22:00+00:00,7459.25,7460.0,7458.75,7459.0,204
2026-07-24 07:23:00+00:00,7458.75,7458.75,7457.25,7457.75,192
2026-07-24 07:24:00+00:00,7458.0,7458.75,7457.75,7458.0,183
2026-07-24 07:25:00+00:00,7458.0,7461.5,7458.0,7461.5,427
2026-07-24 07:26:00+00:00,7461.75,7462.75,7461.0,7461.25,397
2026-07-24 07:27:00+00:00,7461.25,7461.25,7460.5,7461.0,84
2026-07-24 07:28:00+00:00,7460.75,7461.75,7460.0,7460.75,201
2026-07-24 07:29:00+00:00,7461.0,7461.75,7460.5,7461.75,78
2026-07-24 07:30:00+00:00,7462.0,7463.0,7460.75,7462.25,224
2026-07-24 07:31:00+00:00,7462.25,7463.25,7459.75,7460.75,358
2026-07-24 07:32:00+00:00,7461.0,7461.0,7459.0,7459.5,183
2026-07-24 07:33:00+00:00,7459.5,7460.0,7458.75,7459.0,215
2026-07-24 07:34:00+00:00,7459.25,7460.0,7458.75,7460.0,116
2026-07-24 07:35:00+00:00,7460.0,7461.5,7459.75,7460.0,108
2026-07-24 07:36:00+00:00,7460.25,7460.75,7460.0,7460.25,130
2026-07-24 07:37:00+00:00,7460.25,7460.75,7459.25,7460.25,122
2026-07-24 07:38:00+00:00,7460.25,7460.25,7458.5,7458.5,106
2026-07-24 07:39:00+00:00,7458.75,7459.0,7458.0,7458.25,133
2026-07-24 07:40:00+00:00,7458.25,7458.5,7457.0,7457.25,125
2026-07-24 07:41:00+00:00,7457.5,7457.5,7455.25,7456.5,271
2026-07-24 07:42:00+00:00,7456.5,7456.75,7455.25,7455.75,133
2026-07-24 07:43:00+00:00,7455.75,7455.75,7454.5,7455.5,151
2026-07-24 07:44:00+00:00,7455.5,7457.75,7455.0,7456.75,233
2026-07-24 07:45:00+00:00,7456.75,7457.75,7456.5,7456.75,92
2026-07-24 07:46:00+00:00,7456.75,7457.25,7455.75,7456.5,149
2026-07-24 07:47:00+00:00,7456.5,7457.0,7456.0,7456.75,142
2026-07-24 07:48:00+00:00,7456.75,7457.5,7456.0,7456.5,200
2026-07-24 07:49:00+00:00,7456.75,7457.75,7456.5,7457.5,142
2026-07-24 07:50:00+00:00,7457.75,7458.5,7456.25,7456.75,158
2026-07-24 07:51:00+00:00,7457.0,7457.5,7456.5,7456.75,85
2026-07-24 07:52:00+00:00,7456.75,7457.0,7456.25,7456.5,110
2026-07-24 07:53:00+00:00,7456.25,7457.75,7455.5,7457.75,182
2026-07-24 07:54:00+00:00,7457.5,7458.25,7457.25,7457.5,144
2026-07-24 07:55:00+00:00,7457.5,7458.5,7457.25,7457.25,76
2026-07-24 07:56:00+00:00,7457.0,7458.25,7456.75,7457.5,170
2026-07-24 07:57:00+00:00,7457.5,7458.0,7457.0,7457.25,71
2026-07-24 07:58:00+00:00,7457.25,7457.75,7457.25,7457.5,38
2026-07-24 07:59:00+00:00,7457.5,7457.5,7456.0,7456.5,133
2026-07-24 08:00:00+00:00,7456.75,7456.75,7454.25,7454.25,366
2026-07-24 08:01:00+00:00,7454.75,7454.75,7453.25,7453.75,324
2026-07-24 08:02:00+00:00,7453.75,7454.25,7452.5,7453.75,238
2026-07-24 08:03:00+00:00,7453.25,7454.25,7452.75,7454.25,241
2026-07-24 08:04:00+00:00,7454.25,7454.75,7453.0,7453.25,216
2026-07-24 08:05:00+00:00,7453.0,7453.25,7449.75,7450.5,349
2026-07-24 08:06:00+00:00,7450.5,7452.0,7450.25,7451.25,295
2026-07-24 08:07:00+00:00,7451.0,7451.5,7450.0,7451.0,357
2026-07-24 08:08:00+00:00,7451.0,7452.0,7450.5,7452.0,231
2026-07-24 08:09:00+00:00,7451.75,7453.75,7451.5,7452.0,224
2026-07-24 08:10:00+00:00,7452.25,7453.0,7451.5,7451.75,118
2026-07-24 08:11:00+00:00,7452.0,7452.25,7450.25,7451.0,160
2026-07-24 08:12:00+00:00,7451.0,7451.0,7449.25,7449.75,233
2026-07-24 08:13:00+00:00,7449.5,7451.25,7449.5,7450.5,164
2026-07-24 08:14:00+00:00,7450.75,7452.5,7450.75,7451.25,152
2026-07-24 08:15:00+00:00,7451.25,7452.25,7451.0,7451.75,86
2026-07-24 08:16:00+00:00,7452.0,7454.75,7451.75,7454.75,200
2026-07-24 08:17:00+00:00,7454.5,7455.25,7453.25,7453.5,129
2026-07-24 08:18:00+00:00,7453.5,7454.0,7451.0,7451.0,217
2026-07-24 08:19:00+00:00,7451.25,7453.75,7451.0,7453.5,140
2026-07-24 08:20:00+00:00,7453.5,7454.5,7453.0,7454.25,115
2026-07-24 08:21:00+00:00,7454.5,7455.0,7452.5,7452.75,242
2026-07-24 08:22:00+00:00,7453.0,7454.25,7453.0,7453.5,113
2026-07-24 08:23:00+00:00,7453.5,7454.0,7453.0,7453.75,109
2026-07-24 08:24:00+00:00,7454.0,7454.25,7452.5,7452.75,140
2026-07-24 08:25:00+00:00,7452.75,7453.25,7451.5,7452.75,157
2026-07-24 08:26:00+00:00,7452.5,7456.0,7452.5,7455.25,309
2026-07-24 08:27:00+00:00,7455.25,7455.25,7454.25,7454.75,134
2026-07-24 08:28:00+00:00,7455.0,7455.75,7454.5,7455.25,240
2026-07-24 08:29:00+00:00,7455.25,7459.0,7455.25,7458.75,432
2026-07-24 08:30:00+00:00,7458.75,7459.25,7457.5,7458.25,364
2026-07-24 08:31:00+00:00,7458.0,7460.5,7457.25,7459.75,220
2026-07-24 08:32:00+00:00,7459.5,7461.0,7459.0,7460.5,258
2026-07-24 08:33:00+00:00,7460.5,7461.25,7460.25,7460.5,216
2026-07-24 08:34:00+00:00,7460.5,7461.0,7460.0,7460.0,149
2026-07-24 08:35:00+00:00,7460.0,7460.0,7458.5,7458.75,140
2026-07-24 08:36:00+00:00,7459.0,7460.0,7458.75,7460.0,165
2026-07-24 08:37:00+00:00,7460.25,7462.0,7460.25,7461.25,163
2026-07-24 08:38:00+00:00,7461.25,7461.25,7459.75,7460.0,86
2026-07-24 08:39:00+00:00,7460.0,7460.5,7459.75,7459.75,93
2026-07-24 08:40:00+00:00,7459.75,7460.25,7458.75,7459.25,210
2026-07-24 08:41:00+00:00,7459.25,7459.25,7458.0,7459.25,119
2026-07-24 08:42:00+00:00,7459.25,7459.75,7458.5,7458.5,114
2026-07-24 08:43:00+00:00,7458.5,7458.5,7457.5,7458.5,268
2026-07-24 08:44:00+00:00,7458.5,7459.5,7458.25,7459.5,86
2026-07-24 08:45:00+00:00,7459.25,7459.5,7458.5,7459.0,42
2026-07-24 08:46:00+00:00,7459.0,7459.75,7458.75,7458.75,91
2026-07-24 08:47:00+00:00,7458.75,7459.5,7457.75,7457.75,90
2026-07-24 08:48:00+00:00,7457.75,7457.75,7456.0,7456.25,107
2026-07-24 08:49:00+00:00,7456.5,7458.25,7456.5,7458.0,100
2026-07-24 08:50:00+00:00,7458.0,7458.75,7457.5,7457.5,142
2026-07-24 08:51:00+00:00,7457.25,7458.0,7457.0,7457.75,98
2026-07-24 08:52:00+00:00,7457.5,7457.5,7456.75,7457.25,58
2026-07-24 08:53:00+00:00,7457.25,7458.25,7456.25,7456.25,215
2026-07-24 08:54:00+00:00,7456.5,7458.25,7456.25,7457.75,148
2026-07-24 08:55:00+00:00,7457.5,7459.25,7457.25,7458.25,317
2026-07-24 08:56:00+00:00,7458.25,7458.25,7456.5,7457.0,225
2026-07-24 08:57:00+00:00,7457.0,7457.5,7456.5,7456.5,183
2026-07-24 08:58:00+00:00,7456.75,7457.0,7456.5,7456.75,95
2026-07-24 08:59:00+00:00,7456.5,7457.75,7456.25,7457.25,211
2026-07-24 09:00:00+00:00,7457.5,7457.75,7456.25,7456.75,273
2026-07-24 09:01:00+00:00,7456.75,7458.75,7456.25,7458.25,311
2026-07-24 09:02:00+00:00,7458.5,7459.25,7457.25,7459.0,217
2026-07-24 09:03:00+00:00,7459.0,7459.0,7457.75,7459.0,200
2026-07-24 09:04:00+00:00,7459.0,7459.0,7457.0,7457.25,141
2026-07-24 09:05:00+00:00,7457.0,7458.0,7456.75,7457.0,120
2026-07-24 09:06:00+00:00,7457.25,7458.5,7457.0,7458.5,137
2026-07-24 09:07:00+00:00,7458.75,7461.75,7458.5,7461.5,292
2026-07-24 09:08:00+00:00,7461.75,7461.75,7460.5,7461.25,318
2026-07-24 09:09:00+00:00,7461.0,7465.25,7461.0,7464.75,651
2026-07-24 09:10:00+00:00,7464.75,7465.25,7464.25,7464.5,364
2026-07-24 09:11:00+00:00,7464.25,7464.75,7462.75,7462.75,211
2026-07-24 09:12:00+00:00,7462.75,7463.0,7459.75,7460.25,270
2026-07-24 09:13:00+00:00,7460.25,7460.75,7460.0,7460.25,168
2026-07-24 09:14:00+00:00,7460.0,7460.0,7459.0,7459.75,136
2026-07-24 09:15:00+00:00,7459.5,7460.0,7457.75,7457.75,174
2026-07-24 09:16:00+00:00,7457.75,7460.5,7457.75,7460.0,180
2026-07-24 09:17:00+00:00,7460.0,7461.25,7459.5,7459.75,162
2026-07-24 09:18:00+00:00,7459.5,7459.75,7458.5,7458.75,68
2026-07-24 09:19:00+00:00,7458.5,7461.0,7458.0,7460.25,287
2026-07-24 09:20:00+00:00,7460.25,7461.0,7460.0,7460.5,261
2026-07-24 09:21:00+00:00,7460.5,7463.5,7460.5,7463.25,318
2026-07-24 09:22:00+00:00,7463.25,7463.25,7461.75,7462.0,135
2026-07-24 09:23:00+00:00,7461.75,7463.25,7461.75,7463.25,139
2026-07-24 09:24:00+00:00,7463.25,7463.5,7462.5,7463.0,145
2026-07-24 09:25:00+00:00,7462.75,7465.0,7462.75,7464.5,224
2026-07-24 09:26:00+00:00,7464.25,7465.0,7463.0,7463.25,360
2026-07-24 09:27:00+00:00,7463.25,7463.75,7462.75,7463.5,212
2026-07-24 09:28:00+00:00,7463.5,7464.25,7463.5,7464.0,194
2026-07-24 09:29:00+00:00,7464.25,7464.5,7463.5,7463.5,206
2026-07-24 09:30:00+00:00,7463.75,7464.25,7462.0,7463.25,303
2026-07-24 09:31:00+00:00,7463.25,7464.5,7463.25,7464.25,228
2026-07-24 09:32:00+00:00,7464.0,7465.0,7464.0,7465.0,150
2026-07-24 09:33:00+00:00,7465.0,7465.75,7464.5,7465.0,284
2026-07-24 09:34:00+00:00,7465.0,7465.75,7464.75,7465.5,142
2026-07-24 09:35:00+00:00,7465.75,7466.0,7464.5,7465.25,332
2026-07-24 09:36:00+00:00,7465.25,7465.75,7465.25,7465.75,239
2026-07-24 09:37:00+00:00,7465.5,7465.75,7465.25,7465.5,170
2026-07-24 09:38:00+00:00,7465.5,7465.75,7464.5,7464.75,144
2026-07-24 09:39:00+00:00,7464.5,7466.75,7464.5,7465.75,311
2026-07-24 09:40:00+00:00,7465.75,7466.25,7465.0,7465.25,206
2026-07-24 09:41:00+00:00,7465.0,7466.25,7464.75,7465.5,116
2026-07-24 09:42:00+00:00,7465.25,7466.75,7465.25,7466.5,180
2026-07-24 09:43:00+00:00,7466.5,7467.0,7466.25,7466.25,181
2026-07-24 09:44:00+00:00,7466.25,7466.75,7466.0,7466.25,79
2026-07-24 09:45:00+00:00,7466.25,7466.5,7465.5,7466.0,152
2026-07-24 09:46:00+00:00,7466.0,7466.25,7465.75,7466.0,61
2026-07-24 09:47:00+00:00,7466.0,7467.5,7465.75,7465.75,205
2026-07-24 09:48:00+00:00,7466.0,7466.25,7464.5,7465.0,220
2026-07-24 09:49:00+00:00,7465.0,7465.75,7464.5,7464.5,151
2026-07-24 09:50:00+00:00,7464.5,7465.0,7464.5,7464.5,56
2026-07-24 09:51:00+00:00,7464.5,7465.75,7464.5,7464.5,144
2026-07-24 09:52:00+00:00,7464.5,7465.25,7464.5,7464.75,88
2026-07-24 09:53:00+00:00,7464.75,7464.75,7463.75,7464.0,241
2026-07-24 09:54:00+00:00,7464.0,7464.25,7464.0,7464.0,166
2026-07-24 09:55:00+00:00,7464.25,7465.0,7464.0,7465.0,107
2026-07-24 09:56:00+00:00,7465.0,7466.0,7464.75,7465.5,161
2026-07-24 09:57:00+00:00,7465.25,7466.0,7465.25,7465.5,95
2026-07-24 09:58:00+00:00,7465.75,7466.0,7465.5,7465.75,49
2026-07-24 09:59:00+00:00,7466.0,7466.25,7464.25,7465.75,381
2026-07-24 10:00:00+00:00,7465.75,7467.0,7465.25,7466.75,234
2026-07-24 10:01:00+00:00,7466.75,7466.75,7465.0,7465.75,220
2026-07-24 10:02:00+00:00,7465.75,7466.0,7464.5,7465.0,143
2026-07-24 10:03:00+00:00,7465.25,7465.5,7464.25,7464.5,97
2026-07-24 10:04:00+00:00,7464.5,7464.5,7463.25,7463.25,300
2026-07-24 10:05:00+00:00,7463.5,7463.5,7462.75,7463.25,149
2026-07-24 10:06:00+00:00,7463.25,7464.25,7463.25,7463.5,158
2026-07-24 10:07:00+00:00,7463.5,7463.5,7461.25,7461.25,243
2026-07-24 10:08:00+00:00,7461.25,7461.5,7460.25,7460.75,318
2026-07-24 10:09:00+00:00,7460.5,7461.25,7460.25,7461.0,253
2026-07-24 10:10:00+00:00,7461.25,7461.75,7460.5,7460.75,135
2026-07-24 10:11:00+00:00,7460.75,7461.75,7460.75,7461.25,159
2026-07-24 10:12:00+00:00,7461.0,7461.25,7460.0,7460.75,185
2026-07-24 10:13:00+00:00,7460.5,7461.25,7460.5,7460.75,151
2026-07-24 10:14:00+00:00,7460.75,7461.5,7460.0,7461.5,131
2026-07-24 10:15:00+00:00,7461.25,7461.75,7460.75,7461.75,68
2026-07-24 10:16:00+00:00,7462.0,7462.25,7460.25,7460.5,103
2026-07-24 10:17:00+00:00,7460.75,7461.5,7460.75,7461.25,61
2026-07-24 10:18:00+00:00,7461.25,7461.5,7461.0,7461.25,110
2026-07-24 10:19:00+00:00,7460.75,7461.5,7460.75,7461.5,104
2026-07-24 10:20:00+00:00,7461.5,7461.5,7460.5,7461.0,126
2026-07-24 10:21:00+00:00,7461.25,7461.75,7460.25,7460.75,202
2026-07-24 10:22:00+00:00,7460.75,7461.75,7460.5,7461.75,52
2026-07-24 10:23:00+00:00,7461.75,7462.0,7461.25,7462.0,83
2026-07-24 10:24:00+00:00,7462.0,7462.25,7460.5,7461.5,133
2026-07-24 10:25:00+00:00,7461.5,7461.75,7459.25,7459.75,294
2026-07-24 10:26:00+00:00,7460.0,7461.0,7459.25,7461.0,195
2026-07-24 10:27:00+00:00,7461.25,7462.5,7461.0,7462.5,64
2026-07-24 10:28:00+00:00,7462.25,7462.75,7462.25,7462.5,69
2026-07-24 10:29:00+00:00,7462.5,7462.75,7461.75,7461.75,257
2026-07-24 10:30:00+00:00,7461.75,7462.25,7461.5,7462.0,144
2026-07-24 10:31:00+00:00,7462.0,7464.0,7461.75,7463.5,169
2026-07-24 10:32:00+00:00,7463.5,7463.75,7462.25,7462.75,121
2026-07-24 10:33:00+00:00,7463.0,7464.5,7463.0,7463.75,170
2026-07-24 10:34:00+00:00,7463.75,7463.75,7461.0,7461.5,292
2026-07-24 10:35:00+00:00,7461.5,7461.5,7459.0,7460.0,235
2026-07-24 10:36:00+00:00,7460.25,7460.75,7460.0,7460.5,91
2026-07-24 10:37:00+00:00,7460.75,7460.75,7459.75,7460.5,113
2026-07-24 10:38:00+00:00,7460.5,7460.5,7459.0,7460.0,199
2026-07-24 10:39:00+00:00,7460.0,7460.25,7459.5,7459.5,46
2026-07-24 10:40:00+00:00,7459.75,7460.0,7459.25,7459.25,102
2026-07-24 10:41:00+00:00,7459.5,7460.75,7459.25,7460.5,111
2026-07-24 10:42:00+00:00,7460.75,7460.75,7460.0,7460.0,57
2026-07-24 10:43:00+00:00,7460.0,7460.25,7459.5,7460.0,118
2026-07-24 10:44:00+00:00,7460.0,7460.75,7460.0,7460.75,60
2026-07-24 10:45:00+00:00,7460.25,7461.0,7460.0,7460.75,37
2026-07-24 10:46:00+00:00,7460.75,7460.75,7459.75,7460.25,122
2026-07-24 10:47:00+00:00,7460.25,7460.75,7459.75,7460.0,149
2026-07-24 10:48:00+00:00,7460.0,7461.75,7460.0,7461.5,164
2026-07-24 10:49:00+00:00,7461.25,7461.25,7460.75,7461.0,100
2026-07-24 10:50:00+00:00,7461.0,7461.0,7459.75,7459.75,90
2026-07-24 10:51:00+00:00,7460.0,7460.75,7459.0,7459.25,130
2026-07-24 10:52:00+00:00,7459.0,7459.0,7458.5,7459.0,234
2026-07-24 10:53:00+00:00,7459.0,7459.0,7458.25,7459.0,207
2026-07-24 10:54:00+00:00,7459.0,7459.5,7458.5,7458.75,135
2026-07-24 10:55:00+00:00,7458.75,7459.75,7458.5,7459.0,144
2026-07-24 10:56:00+00:00,7459.25,7460.0,7459.0,7460.0,129
2026-07-24 10:57:00+00:00,7460.0,7460.5,7459.75,7460.0,93
2026-07-24 10:58:00+00:00,7460.0,7460.75,7460.0,7460.25,129
2026-07-24 10:59:00+00:00,7460.25,7460.25,7457.75,7458.5,456
2026-07-24 11:00:00+00:00,7458.5,7460.0,7458.25,7459.0,718
2026-07-24 11:01:00+00:00,7459.0,7461.25,7458.0,7460.5,348
2026-07-24 11:02:00+00:00,7460.5,7461.5,7460.25,7461.0,276
2026-07-24 11:03:00+00:00,7460.75,7462.5,7460.75,7462.25,202
2026-07-24 11:04:00+00:00,7462.25,7462.5,7460.5,7461.0,154
2026-07-24 11:05:00+00:00,7461.25,7462.25,7461.0,7461.25,202
2026-07-24 11:06:00+00:00,7461.5,7462.5,7461.25,7462.5,269
2026-07-24 11:07:00+00:00,7462.5,7463.0,7461.75,7462.5,396
2026-07-24 11:08:00+00:00,7462.25,7462.5,7460.0,7460.0,189
2026-07-24 11:09:00+00:00,7460.0,7461.0,7459.5,7460.0,159
2026-07-24 11:10:00+00:00,7460.25,7460.5,7459.25,7460.25,131
2026-07-24 11:11:00+00:00,7460.0,7461.25,7459.75,7461.0,88
2026-07-24 11:12:00+00:00,7461.0,7461.0,7460.25,7460.75,50
2026-07-24 11:13:00+00:00,7461.0,7461.0,7460.25,7460.5,75
2026-07-24 11:14:00+00:00,7460.5,7461.0,7460.25,7460.75,164
2026-07-24 11:15:00+00:00,7461.0,7461.25,7460.5,7461.25,145
2026-07-24 11:16:00+00:00,7461.25,7461.5,7460.5,7461.5,87
2026-07-24 11:17:00+00:00,7461.5,7462.5,7461.25,7461.5,101
2026-07-24 11:18:00+00:00,7461.75,7462.0,7461.25,7461.75,172
2026-07-24 11:19:00+00:00,7461.75,7461.75,7460.75,7461.25,103
2026-07-24 11:20:00+00:00,7461.5,7462.0,7461.0,7461.75,81
2026-07-24 11:21:00+00:00,7461.75,7461.75,7459.25,7459.25,228
2026-07-24 11:22:00+00:00,7459.25,7459.75,7458.75,7459.5,101
2026-07-24 11:23:00+00:00,7459.5,7460.5,7459.25,7460.5,67
2026-07-24 11:24:00+00:00,7460.5,7461.75,7460.5,7460.75,180
2026-07-24 11:25:00+00:00,7461.0,7461.25,7459.75,7461.0,154
2026-07-24 11:26:00+00:00,7461.0,7461.0,7459.25,7459.25,82
2026-07-24 11:27:00+00:00,7459.0,7460.25,7458.75,7459.5,185
2026-07-24 11:28:00+00:00,7459.5,7459.75,7459.25,7459.25,93
2026-07-24 11:29:00+00:00,7459.25,7459.75,7458.75,7459.75,128
2026-07-24 11:30:00+00:00,7459.5,7459.75,7458.75,7459.0,94
2026-07-24 11:31:00+00:00,7459.25,7460.25,7457.75,7457.75,209
2026-07-24 11:32:00+00:00,7457.75,7457.75,7457.0,7457.75,343
2026-07-24 11:33:00+00:00,7457.75,7458.0,7457.0,7457.5,169
2026-07-24 11:34:00+00:00,7457.25,7457.75,7457.0,7457.0,162
2026-07-24 11:35:00+00:00,7457.0,7457.25,7456.0,7456.25,225
2026-07-24 11:36:00+00:00,7456.5,7460.75,7456.25,7460.75,419
2026-07-24 11:37:00+00:00,7460.5,7460.5,7458.75,7458.75,444
2026-07-24 11:38:00+00:00,7458.75,7459.0,7457.25,7457.25,276
2026-07-24 11:39:00+00:00,7457.25,7458.0,7457.0,7457.25,112
2026-07-24 11:40:00+00:00,7457.25,7457.25,7455.75,7456.5,258
2026-07-24 11:41:00+00:00,7456.5,7456.75,7456.0,7456.75,118
2026-07-24 11:42:00+00:00,7456.5,7457.0,7456.0,7456.5,85
2026-07-24 11:43:00+00:00,7456.5,7457.25,7456.0,7456.25,163
2026-07-24 11:44:00+00:00,7456.5,7457.25,7455.25,7455.25,398
2026-07-24 11:45:00+00:00,7455.25,7457.0,7455.25,7456.5,263
2026-07-24 11:46:00+00:00,7456.5,7457.0,7455.25,7455.75,269
2026-07-24 11:47:00+00:00,7455.75,7456.0,7454.0,7454.75,305
2026-07-24 11:48:00+00:00,7454.5,7455.0,7454.0,7454.5,166
2026-07-24 11:49:00+00:00,7454.25,7456.75,7454.0,7456.5,406
2026-07-24 11:50:00+00:00,7456.5,7457.0,7456.0,7456.5,191
2026-07-24 11:51:00+00:00,7456.5,7458.5,7456.25,7458.5,692
2026-07-24 11:52:00+00:00,7458.0,7458.5,7457.75,7458.25,186
2026-07-24 11:53:00+00:00,7458.25,7458.25,7456.25,7456.25,142
2026-07-24 11:54:00+00:00,7456.5,7457.0,7456.25,7456.25,91
2026-07-24 11:55:00+00:00,7456.25,7456.25,7454.25,7454.5,339
2026-07-24 11:56:00+00:00,7454.5,7454.75,7453.0,7453.0,277
2026-07-24 11:57:00+00:00,7453.5,7454.75,7453.5,7454.0,329
2026-07-24 11:58:00+00:00,7454.0,7465.0,7454.0,7464.5,3753
2026-07-24 11:59:00+00:00,7464.25,7469.0,7462.75,7465.0,2382
2026-07-24 12:00:00+00:00,7465.0,7466.0,7461.75,7463.5,1257
2026-07-24 12:01:00+00:00,7463.25,7463.25,7460.0,7460.5,696
2026-07-24 12:02:00+00:00,7460.5,7460.75,7458.0,7459.5,687
2026-07-24 12:03:00+00:00,7459.25,7461.25,7459.0,7460.5,437
2026-07-24 12:04:00+00:00,7460.75,7462.0,7459.5,7461.0,467
2026-07-24 12:05:00+00:00,7461.25,7461.25,7457.5,7458.5,286
2026-07-24 12:06:00+00:00,7458.5,7461.0,7458.5,7460.25,200
2026-07-24 12:07:00+00:00,7460.25,7462.25,7460.0,7462.0,347
2026-07-24 12:08:00+00:00,7462.0,7462.25,7460.75,7461.75,341
2026-07-24 12:09:00+00:00,7462.0,7464.5,7461.75,7463.75,658
2026-07-24 12:10:00+00:00,7463.75,7463.75,7462.5,7463.0,228
2026-07-24 12:11:00+00:00,7463.0,7464.5,7463.0,7464.0,301
2026-07-24 12:12:00+00:00,7464.0,7465.25,7463.5,7464.0,1313
2026-07-24 12:13:00+00:00,7464.0,7465.0,7463.5,7464.0,208
2026-07-24 12:14:00+00:00,7464.0,7467.75,7464.0,7466.5,634
2026-07-24 12:15:00+00:00,7466.5,7466.75,7465.75,7466.25,403
2026-07-24 12:16:00+00:00,7466.25,7467.0,7465.75,7466.0,324
2026-07-24 12:17:00+00:00,7466.25,7467.75,7466.25,7466.5,283
2026-07-24 12:18:00+00:00,7466.5,7467.5,7465.75,7467.0,410
2026-07-24 12:19:00+00:00,7467.0,7467.25,7464.25,7465.0,626
2026-07-24 12:20:00+00:00,7465.0,7465.0,7463.25,7463.5,331
2026-07-24 12:21:00+00:00,7463.75,7464.25,7463.25,7463.75,276
2026-07-24 12:22:00+00:00,7464.0,7464.75,7463.75,7464.5,152
2026-07-24 12:23:00+00:00,7464.5,7464.75,7463.5,7464.0,198
2026-07-24 12:24:00+00:00,7463.75,7467.25,7463.75,7466.25,783
2026-07-24 12:25:00+00:00,7466.5,7466.5,7460.5,7465.25,1600
2026-07-24 12:26:00+00:00,7465.5,7467.25,7464.5,7465.75,524
2026-07-24 12:27:00+00:00,7466.0,7466.5,7465.0,7466.0,225
2026-07-24 12:28:00+00:00,7465.75,7466.75,7465.0,7466.25,153
2026-07-24 12:29:00+00:00,7466.0,7466.25,7465.75,7466.0,133
2026-07-24 12:30:00+00:00,7465.75,7466.5,7463.25,7464.75,557
2026-07-24 12:31:00+00:00,7464.5,7464.75,7463.75,7464.0,357
2026-07-24 12:32:00+00:00,7464.0,7465.0,7463.75,7465.0,266
2026-07-24 12:33:00+00:00,7464.75,7465.0,7463.25,7463.25,303
2026-07-24 12:34:00+00:00,7463.25,7463.5,7459.25,7459.75,718
2026-07-24 12:35:00+00:00,7459.75,7460.75,7459.0,7460.75,488
2026-07-24 12:36:00+00:00,7460.75,7461.0,7459.0,7459.75,303
2026-07-24 12:37:00+00:00,7459.75,7462.5,7459.75,7462.25,502
2026-07-24 12:38:00+00:00,7462.0,7462.0,7461.0,7461.25,178
2026-07-24 12:39:00+00:00,7461.25,7461.75,7459.5,7459.75,487
2026-07-24 12:40:00+00:00,7460.0,7460.25,7459.25,7459.75,472
2026-07-24 12:41:00+00:00,7459.5,7459.75,7457.25,7457.75,513
2026-07-24 12:42:00+00:00,7457.75,7458.0,7456.75,7457.25,303
2026-07-24 12:43:00+00:00,7457.25,7457.5,7456.0,7456.25,347
2026-07-24 12:44:00+00:00,7456.25,7456.5,7454.5,7455.5,700
2026-07-24 12:45:00+00:00,7455.75,7456.5,7455.5,7456.0,281
2026-07-24 12:46:00+00:00,7455.75,7456.0,7455.0,7455.0,308
2026-07-24 12:47:00+00:00,7455.0,7455.0,7453.5,7454.75,504
2026-07-24 12:48:00+00:00,7455.0,7455.25,7454.0,7455.25,463
2026-07-24 12:49:00+00:00,7455.25,7456.0,7454.75,7455.0,474
2026-07-24 12:50:00+00:00,7455.0,7455.5,7454.0,7454.25,288
2026-07-24 12:51:00+00:00,7454.5,7455.5,7454.25,7454.5,305
2026-07-24 12:52:00+00:00,7454.75,7454.75,7452.75,7453.5,531
2026-07-24 12:53:00+00:00,7453.5,7454.25,7452.5,7453.0,550
2026-07-24 12:54:00+00:00,7453.0,7453.0,7452.5,7453.0,213
2026-07-24 12:55:00+00:00,7453.25,7453.25,7451.25,7451.5,672
2026-07-24 12:56:00+00:00,7451.5,7452.0,7449.5,7449.5,835
2026-07-24 12:57:00+00:00,7449.75,7450.25,7449.0,7450.0,542
2026-07-24 12:58:00+00:00,7450.0,7451.5,7449.5,7450.25,689
2026-07-24 12:59:00+00:00,7450.25,7451.0,7449.5,7450.25,612
2026-07-24 13:00:00+00:00,7450.0,7451.5,7449.0,7449.25,999
2026-07-24 13:01:00+00:00,7449.25,7449.75,7448.5,7448.5,798
2026-07-24 13:02:00+00:00,7449.0,7451.25,7448.5,7451.0,824
2026-07-24 13:03:00+00:00,7450.75,7451.75,7449.5,7450.0,543
2026-07-24 13:04:00+00:00,7450.0,7450.75,7450.0,7450.25,256
2026-07-24 13:05:00+00:00,7450.25,7450.75,7448.75,7449.75,570
2026-07-24 13:06:00+00:00,7449.5,7449.75,7448.0,7448.75,613
2026-07-24 13:07:00+00:00,7448.75,7448.75,7447.0,7447.0,919
2026-07-24 13:08:00+00:00,7447.0,7448.0,7446.5,7448.0,432
2026-07-24 13:09:00+00:00,7448.0,7449.75,7448.0,7449.0,402
2026-07-24 13:10:00+00:00,7449.0,7450.25,7448.5,7449.75,388
2026-07-24 13:11:00+00:00,7449.75,7450.5,7448.5,7450.5,581
2026-07-24 13:12:00+00:00,7450.25,7451.5,7450.25,7450.5,576
2026-07-24 13:13:00+00:00,7450.5,7450.75,7449.5,7449.5,346
2026-07-24 13:14:00+00:00,7449.75,7450.25,7449.5,7450.25,389
2026-07-24 13:15:00+00:00,7450.0,7451.25,7449.75,7450.75,369
2026-07-24 13:16:00+00:00,7450.75,7451.0,7449.5,7449.75,643
2026-07-24 13:17:00+00:00,7449.75,7453.0,7449.5,7452.75,1032
2026-07-24 13:18:00+00:00,7452.5,7453.75,7452.0,7452.0,537
2026-07-24 13:19:00+00:00,7452.0,7452.75,7451.25,7452.25,221
2026-07-24 13:20:00+00:00,7452.25,7453.0,7451.25,7451.5,403
2026-07-24 13:21:00+00:00,7451.25,7451.75,7449.75,7449.75,789
2026-07-24 13:22:00+00:00,7450.0,7450.0,7448.5,7449.0,741
2026-07-24 13:23:00+00:00,7449.0,7451.5,7448.75,7451.25,428
2026-07-24 13:24:00+00:00,7451.25,7451.5,7450.5,7451.5,408
2026-07-24 13:25:00+00:00,7451.25,7453.0,7450.0,7450.5,1177
2026-07-24 13:26:00+00:00,7450.25,7450.5,7447.75,7450.5,795
2026-07-24 13:27:00+00:00,7450.25,7450.5,7447.25,7448.0,928
2026-07-24 13:28:00+00:00,7447.75,7449.5,7446.75,7448.25,1220
2026-07-24 13:29:00+00:00,7448.5,7448.5,7443.5,7443.75,3411
2026-07-24 13:30:00+00:00,7444.0,7449.0,7442.75,7446.25,12824
2026-07-24 13:31:00+00:00,7446.25,7447.25,7442.25,7446.25,8104
2026-07-24 13:32:00+00:00,7446.5,7452.5,7446.5,7450.0,5193
2026-07-24 13:33:00+00:00,7449.75,7453.5,7448.25,7449.75,3877
2026-07-24 13:34:00+00:00,7449.75,7451.75,7449.25,7451.25,2506
2026-07-24 13:35:00+00:00,7451.25,7455.0,7450.5,7451.75,5673
2026-07-24 13:36:00+00:00,7452.0,7452.0,7447.0,7448.0,3904
2026-07-24 13:37:00+00:00,7448.0,7454.25,7447.75,7453.75,4082
2026-07-24 13:38:00+00:00,7454.0,7454.75,7451.0,7451.0,3850
2026-07-24 13:39:00+00:00,7451.0,7451.25,7448.25,7449.5,2858
2026-07-24 13:40:00+00:00,7449.75,7449.75,7445.25,7447.5,4157
2026-07-24 13:41:00+00:00,7447.75,7450.0,7446.75,7448.25,3227
2026-07-24 13:42:00+00:00,7448.25,7449.0,7445.0,7446.75,3433
2026-07-24 13:43:00+00:00,7446.75,7447.5,7445.5,7446.0,2016
2026-07-24 13:44:00+00:00,7446.0,7447.5,7444.75,7446.5,1860
2026-07-24 13:45:00+00:00,7446.75,7449.5,7444.25,7448.25,3738
2026-07-24 13:46:00+00:00,7448.5,7451.75,7446.5,7451.5,3129
2026-07-24 13:47:00+00:00,7451.75,7454.25,7450.5,7453.0,3511
2026-07-24 13:48:00+00:00,7453.0,7455.75,7451.5,7453.25,4861
2026-07-24 13:49:00+00:00,7453.5,7457.25,7453.5,7456.75,5354
2026-07-24 13:50:00+00:00,7456.75,7456.75,7443.0,7448.25,7958
2026-07-24 13:51:00+00:00,7448.25,7448.75,7440.0,7441.5,6712
2026-07-24 13:52:00+00:00,7441.5,7441.5,7437.25,7438.75,4919
2026-07-24 13:53:00+00:00,7438.75,7439.25,7436.75,7437.0,3988
2026-07-24 13:54:00+00:00,7437.0,7438.25,7435.0,7436.5,3724
2026-07-24 13:55:00+00:00,7436.5,7437.0,7432.5,7433.75,6152
2026-07-24 13:56:00+00:00,7433.75,7437.5,7432.5,7434.75,5049
2026-07-24 13:57:00+00:00,7434.75,7437.75,7434.0,7436.0,3799
2026-07-24 13:58:00+00:00,7436.0,7440.25,7435.75,7437.75,3398
2026-07-24 13:59:00+00:00,7437.75,7438.5,7433.0,7433.5,2523
2026-07-24 14:00:00+00:00,7433.75,7440.5,7431.5,7440.25,5408
2026-07-24 14:01:00+00:00,7440.5,7442.25,7438.75,7439.75,5279
2026-07-24 14:02:00+00:00,7440.0,7445.25,7439.75,7441.0,4963
2026-07-24 14:03:00+00:00,7441.0,7443.0,7437.0,7442.75,4502
2026-07-24 14:04:00+00:00,7442.5,7444.0,7435.0,7436.0,4606
2026-07-24 14:05:00+00:00,7436.0,7440.75,7435.0,7439.75,4318
2026-07-24 14:06:00+00:00,7439.5,7440.75,7436.25,7438.5,3712
2026-07-24 14:07:00+00:00,7438.5,7442.25,7436.75,7441.5,3219
2026-07-24 14:08:00+00:00,7441.5,7449.0,7440.75,7448.75,5661
2026-07-24 14:09:00+00:00,7448.75,7453.5,7447.25,7451.0,5060
2026-07-24 14:10:00+00:00,7451.25,7453.0,7449.0,7452.5,4904
2026-07-24 14:11:00+00:00,7452.5,7453.5,7450.5,7451.25,4237
2026-07-24 14:12:00+00:00,7451.25,7452.25,7447.0,7448.0,4195
2026-07-24 14:13:00+00:00,7448.0,7452.75,7446.5,7451.75,4617
2026-07-24 14:14:00+00:00,7451.75,7458.25,7451.75,7454.0,7405
2026-07-24 14:15:00+00:00,7454.0,7455.75,7449.5,7449.5,4316
2026-07-24 14:16:00+00:00,7449.75,7451.0,7447.0,7449.0,3884
2026-07-24 14:17:00+00:00,7449.25,7449.75,7441.25,7444.5,5810
2026-07-24 14:24:00+00:00,7455.25,7455.25,7453.0,7454.0,29608
2026-07-24 14:25:00+00:00,7454.25,7455.25,7449.5,7452.25,4160
2026-07-24 14:26:00+00:00,7452.0,7455.0,7450.75,7453.25,3767
2026-07-24 14:27:00+00:00,7453.25,7456.0,7448.0,7449.75,3646
2026-07-24 14:28:00+00:00,7449.75,7452.75,7448.75,7451.5,2344
2026-07-24 14:29:00+00:00,7451.75,7453.5,7450.0,7450.25,2600
2026-07-24 14:30:00+00:00,7450.25,7451.0,7444.25,7446.25,3909
2026-07-24 14:31:00+00:00,7446.25,7449.0,7445.25,7449.0,2895
2026-07-24 14:32:00+00:00,7449.0,7449.0,7445.0,7446.0,2779
2026-07-24 14:33:00+00:00,7445.75,7448.25,7444.75,7445.75,2484
2026-07-24 14:34:00+00:00,7445.75,7446.75,7442.0,7442.0,2864
2026-07-24 14:35:00+00:00,7442.0,7446.5,7441.5,7445.75,2818
2026-07-24 14:36:00+00:00,7445.5,7447.0,7443.5,7443.75,2339
2026-07-24 14:37:00+00:00,7443.75,7445.0,7442.5,7443.0,2405
2026-07-24 14:38:00+00:00,7442.75,7445.0,7442.5,7442.75,2159
2026-07-24 14:39:00+00:00,7442.75,7444.25,7437.75,7439.25,3609
2026-07-24 14:40:00+00:00,7439.0,7442.5,7437.75,7441.0,3620
2026-07-24 14:41:00+00:00,7441.0,7442.25,7438.25,7440.5,2704
2026-07-24 14:42:00+00:00,7440.25,7441.25,7437.0,7438.25,3558
2026-07-24 14:43:00+00:00,7438.25,7440.0,7437.5,7439.0,2867
2026-07-24 14:44:00+00:00,7439.25,7442.25,7437.25,7437.5,4350
2026-07-24 14:45:00+00:00,7437.75,7438.0,7433.75,7433.75,4086
2026-07-24 14:46:00+00:00,7433.75,7439.5,7432.75,7439.5,4510
2026-07-24 14:47:00+00:00,7439.5,7441.25,7434.25,7435.75,4295
2026-07-24 14:48:00+00:00,7435.75,7437.75,7435.75,7437.75,2392
2026-07-24 14:49:00+00:00,7437.75,7444.25,7437.5,7444.0,3142
2026-07-24 14:50:00+00:00,7444.0,7449.75,7444.0,7449.5,3860
2026-07-24 14:51:00+00:00,7449.75,7452.0,7448.25,7450.5,3529
2026-07-24 14:52:00+00:00,7450.75,7451.75,7445.5,7446.25,3139
2026-07-24 14:53:00+00:00,7446.0,7452.0,7444.75,7450.5,2549
2026-07-24 14:54:00+00:00,7450.75,7451.25,7445.75,7449.0,2728
2026-07-24 14:55:00+00:00,7448.75,7453.25,7448.75,7452.75,2957
2026-07-24 14:56:00+00:00,7452.5,7454.25,7451.25,7454.0,2996
2026-07-24 14:57:00+00:00,7454.25,7460.0,7454.25,7459.25,5202
2026-07-24 14:58:00+00:00,7459.25,7463.25,7457.25,7463.25,4843
2026-07-24 14:59:00+00:00,7463.25,7466.5,7463.25,7465.0,6682
2026-07-24 15:00:00+00:00,7464.75,7468.0,7462.25,7468.0,6601
2026-07-24 15:01:00+00:00,7468.0,7468.75,7463.25,7463.75,4504
2026-07-24 15:02:00+00:00,7464.0,7464.75,7461.5,7464.0,3846
2026-07-24 15:03:00+00:00,7464.0,7465.0,7461.75,7463.0,2980
2026-07-24 15:04:00+00:00,7463.25,7464.0,7461.0,7461.5,2655
2026-07-24 15:05:00+00:00,7461.25,7464.0,7461.0,7463.25,2432
2026-07-24 15:06:00+00:00,7463.25,7464.5,7460.0,7460.0,2676
2026-07-24 15:07:00+00:00,7460.0,7461.5,7457.25,7461.25,3172
2026-07-24 15:08:00+00:00,7461.5,7465.5,7460.5,7461.5,3322
2026-07-24 15:09:00+00:00,7461.5,7462.5,7455.5,7455.75,3123
2026-07-24 15:10:00+00:00,7456.0,7468.25,7454.75,7466.0,7498
2026-07-24 15:11:00+00:00,7466.0,7476.5,7465.25,7468.25,14569
2026-07-24 15:12:00+00:00,7468.5,7471.75,7468.0,7469.0,4899
2026-07-24 15:13:00+00:00,7468.75,7470.0,7466.75,7467.75,2974
2026-07-24 15:14:00+00:00,7467.5,7481.25,7467.25,7478.0,8421
2026-07-24 15:15:00+00:00,7478.0,7489.5,7476.0,7487.25,11978
2026-07-24 15:16:00+00:00,7487.25,7489.5,7481.0,7481.0,6055
2026-07-24 15:17:00+00:00,7481.25,7484.0,7477.75,7478.5,4458
2026-07-24 15:18:00+00:00,7478.25,7481.75,7475.5,7477.5,4541
2026-07-24 15:19:00+00:00,7477.5,7479.5,7472.25,7474.25,4080
2026-07-24 15:20:00+00:00,7474.25,7482.0,7473.25,7479.5,4579
2026-07-24 15:21:00+00:00,7479.75,7482.75,7479.5,7481.5,2765
2026-07-24 15:22:00+00:00,7481.5,7483.25,7480.25,7481.5,2472
2026-07-24 15:23:00+00:00,7481.5,7486.0,7481.25,7484.5,2789
2026-07-24 15:24:00+00:00,7484.5,7485.5,7482.5,7483.0,3391
2026-07-24 15:25:00+00:00,7483.25,7486.0,7482.5,7486.0,2469
2026-07-24 15:26:00+00:00,7486.0,7487.5,7484.75,7485.0,2640
2026-07-24 15:27:00+00:00,7484.75,7488.5,7484.75,7487.75,2878
2026-07-24 15:28:00+00:00,7488.0,7491.0,7487.25,7487.5,4562
2026-07-24 15:29:00+00:00,7487.5,7488.25,7484.25,7485.25,4101
2026-07-24 15:30:00+00:00,7485.5,7486.0,7482.75,7485.0,4396
2026-07-24 15:31:00+00:00,7485.25,7488.5,7485.25,7487.5,2527
2026-07-24 15:32:00+00:00,7487.5,7487.5,7482.75,7482.75,2712
2026-07-24 15:33:00+00:00,7483.0,7484.5,7481.5,7482.0,2585
2026-07-24 15:34:00+00:00,7482.25,7484.0,7479.5,7480.0,3495
2026-07-24 15:35:00+00:00,7480.0,7484.0,7479.5,7484.0,2645
2026-07-24 15:36:00+00:00,7483.75,7485.5,7482.0,7485.25,2235
2026-07-24 15:37:00+00:00,7485.0,7487.25,7480.75,7486.0,3192
2026-07-24 15:38:00+00:00,7486.25,7489.75,7485.75,7489.5,2514
2026-07-24 15:39:00+00:00,7489.5,7490.75,7489.0,7490.5,2991
2026-07-24 15:40:00+00:00,7490.25,7492.0,7489.25,7489.75,3274
2026-07-24 15:41:00+00:00,7489.5,7489.75,7485.0,7486.0,5605
2026-07-24 15:42:00+00:00,7485.75,7487.25,7483.25,7484.5,2710
2026-07-24 15:43:00+00:00,7484.75,7485.75,7479.5,7481.0,3801
2026-07-24 15:44:00+00:00,7480.75,7483.5,7480.75,7481.75,2031
2026-07-24 15:45:00+00:00,7482.0,7485.75,7482.0,7484.25,2529
2026-07-24 15:46:00+00:00,7484.25,7485.5,7483.25,7483.25,1231
2026-07-24 15:47:00+00:00,7483.25,7485.0,7481.0,7482.0,2063
2026-07-24 15:48:00+00:00,7481.75,7483.25,7478.0,7482.75,2699
2026-07-24 15:49:00+00:00,7482.75,7483.0,7479.75,7480.5,1607
2026-07-24 15:50:00+00:00,7480.5,7486.25,7480.5,7486.0,3863
2026-07-24 15:51:00+00:00,7485.75,7487.0,7483.5,7483.75,1657
2026-07-24 15:52:00+00:00,7484.0,7485.0,7481.0,7482.25,2540
2026-07-24 15:53:00+00:00,7482.25,7485.5,7481.25,7485.5,1573
2026-07-24 15:54:00+00:00,7485.5,7486.75,7484.25,7485.0,1383
2026-07-24 15:55:00+00:00,7485.0,7487.75,7484.5,7485.5,1454
2026-07-24 15:56:00+00:00,7485.75,7488.25,7485.75,7488.0,2122
2026-07-24 15:57:00+00:00,7487.75,7488.75,7486.75,7487.0,1926
2026-07-24 15:58:00+00:00,7486.75,7489.25,7485.75,7488.75,2577
2026-07-24 15:59:00+00:00,7488.5,7491.0,7488.25,7489.75,2825
2026-07-24 16:00:00+00:00,7489.75,7490.5,7485.75,7486.75,3095
2026-07-24 16:01:00+00:00,7486.75,7488.25,7485.75,7488.0,1584
2026-07-24 16:02:00+00:00,7488.0,7488.25,7486.5,7488.0,1267
2026-07-24 16:03:00+00:00,7488.0,7489.75,7487.25,7489.25,1343
2026-07-24 16:04:00+00:00,7489.25,7491.75,7489.0,7491.5,1766
2026-07-24 16:05:00+00:00,7491.5,7492.25,7490.25,7491.0,1819
2026-07-24 16:06:00+00:00,7491.0,7491.5,7489.0,7489.25,2122
2026-07-24 16:07:00+00:00,7489.5,7495.0,7488.75,7494.25,4481
2026-07-24 16:08:00+00:00,7494.25,7495.0,7492.5,7492.75,2511
2026-07-24 16:09:00+00:00,7493.0,7493.75,7492.0,7492.5,2457
2026-07-24 16:10:00+00:00,7492.5,7496.5,7492.0,7496.25,2818
2026-07-24 16:11:00+00:00,7496.25,7496.5,7493.0,7493.75,1980
2026-07-24 16:12:00+00:00,7493.75,7495.0,7492.25,7492.25,2085
2026-07-24 16:13:00+00:00,7492.25,7492.75,7487.25,7489.25,3705
2026-07-24 16:14:00+00:00,7489.25,7490.25,7487.75,7489.0,2585
2026-07-24 16:15:00+00:00,7489.0,7489.75,7487.5,7489.0,1928
2026-07-24 16:16:00+00:00,7488.75,7490.25,7488.0,7489.25,1360
2026-07-24 16:17:00+00:00,7489.25,7489.75,7488.25,7488.75,1216
2026-07-24 16:18:00+00:00,7488.75,7491.75,7488.5,7490.5,1329
2026-07-24 16:19:00+00:00,7490.5,7492.75,7490.0,7490.75,2838
2026-07-24 16:20:00+00:00,7491.0,7493.75,7490.75,7493.75,1670
2026-07-24 16:21:00+00:00,7493.5,7494.0,7490.5,7492.0,1241
2026-07-24 16:22:00+00:00,7491.75,7494.5,7491.5,7494.25,1061
2026-07-24 16:23:00+00:00,7494.25,7494.5,7492.5,7493.25,1018
2026-07-24 16:24:00+00:00,7493.0,7493.75,7491.75,7493.0,1334
2026-07-24 16:25:00+00:00,7493.0,7494.5,7492.0,7494.5,1192
2026-07-24 16:26:00+00:00,7494.5,7494.75,7493.5,7494.5,1132
2026-07-24 16:27:00+00:00,7494.5,7495.25,7492.75,7493.25,1283
2026-07-24 16:28:00+00:00,7493.25,7493.75,7492.5,7492.75,1118
2026-07-24 16:29:00+00:00,7492.75,7493.5,7491.0,7491.25,2148
2026-07-24 16:30:00+00:00,7491.25,7491.5,7484.0,7485.75,8006
2026-07-24 16:31:00+00:00,7486.25,7487.5,7485.0,7486.0,4347
2026-07-24 16:32:00+00:00,7485.75,7487.0,7484.0,7485.75,3003
2026-07-24 16:33:00+00:00,7485.75,7486.5,7482.5,7483.75,2635
2026-07-24 16:34:00+00:00,7483.5,7485.75,7483.0,7484.5,2173
2026-07-24 16:35:00+00:00,7484.25,7485.75,7483.25,7485.0,1823
2026-07-24 16:36:00+00:00,7485.0,7487.0,7484.0,7484.75,1907
2026-07-24 16:37:00+00:00,7484.5,7485.75,7483.0,7485.5,1304
2026-07-24 16:38:00+00:00,7485.5,7486.25,7481.75,7482.0,1846
2026-07-24 16:39:00+00:00,7482.0,7483.75,7481.5,7482.0,1383
2026-07-24 16:40:00+00:00,7481.75,7481.75,7479.25,7479.25,2529
2026-07-24 16:41:00+00:00,7479.5,7480.0,7478.25,7479.5,2061
2026-07-24 16:42:00+00:00,7479.5,7480.0,7477.25,7478.75,2048
2026-07-24 16:43:00+00:00,7479.0,7479.75,7476.25,7477.5,2593
2026-07-24 16:44:00+00:00,7477.5,7477.75,7475.5,7475.75,2216
2026-07-24 16:45:00+00:00,7475.5,7477.5,7474.25,7476.75,3042
2026-07-24 16:46:00+00:00,7477.0,7477.25,7474.5,7474.5,2361
2026-07-24 16:47:00+00:00,7474.5,7475.5,7471.25,7471.5,2439
2026-07-24 16:48:00+00:00,7471.5,7471.75,7469.5,7470.5,2643
2026-07-24 16:49:00+00:00,7470.5,7471.5,7468.25,7471.0,2938
2026-07-24 16:50:00+00:00,7470.75,7471.5,7469.25,7470.25,2285
2026-07-24 16:51:00+00:00,7470.25,7471.25,7469.25,7470.5,2661
2026-07-24 16:52:00+00:00,7470.5,7470.75,7468.0,7468.5,2081
2026-07-24 16:53:00+00:00,7468.25,7469.25,7466.25,7468.25,2685
2026-07-24 16:54:00+00:00,7468.25,7471.5,7467.75,7469.5,3018
2026-07-24 16:55:00+00:00,7469.25,7472.75,7467.5,7471.0,2394
2026-07-24 16:56:00+00:00,7471.25,7472.0,7470.0,7472.0,1904
2026-07-24 16:57:00+00:00,7472.0,7474.25,7471.75,7474.25,1985
2026-07-24 16:58:00+00:00,7474.5,7476.5,7473.75,7475.25,1885
2026-07-24 16:59:00+00:00,7475.5,7476.25,7473.25,7473.5,1993
2026-07-24 17:00:00+00:00,7473.75,7475.0,7471.75,7472.75,2131
2026-07-24 17:01:00+00:00,7472.5,7472.5,7469.25,7472.5,2859
2026-07-24 17:02:00+00:00,7472.5,7472.75,7470.25,7470.75,2123
2026-07-24 17:03:00+00:00,7470.75,7472.0,7469.0,7470.25,1526
2026-07-24 17:04:00+00:00,7470.5,7471.5,7469.75,7470.75,1204
2026-07-24 17:05:00+00:00,7470.75,7472.25,7470.0,7471.0,1618
2026-07-24 17:06:00+00:00,7471.25,7471.25,7464.0,7467.5,8985
2026-07-24 17:07:00+00:00,7467.5,7468.0,7465.25,7465.75,1823
2026-07-24 17:08:00+00:00,7465.5,7466.25,7462.75,7464.5,2489
2026-07-24 17:09:00+00:00,7464.25,7465.5,7462.5,7462.75,2004
2026-07-24 17:10:00+00:00,7462.75,7465.0,7461.0,7463.75,3314
2026-07-24 17:11:00+00:00,7463.75,7467.25,7463.5,7465.75,2571
2026-07-24 17:12:00+00:00,7465.75,7468.25,7465.75,7466.5,1490
2026-07-24 17:13:00+00:00,7466.75,7468.5,7465.75,7467.25,1365
2026-07-24 17:14:00+00:00,7467.25,7469.75,7467.25,7468.5,1475
2026-07-24 17:15:00+00:00,7468.25,7469.5,7466.5,7466.75,1153
2026-07-24 17:16:00+00:00,7467.0,7467.5,7465.5,7466.5,1230
2026-07-24 17:17:00+00:00,7466.75,7471.0,7466.25,7470.5,1976
2026-07-24 17:18:00+00:00,7470.5,7473.25,7469.25,7471.75,1931
2026-07-24 17:19:00+00:00,7471.5,7474.0,7471.0,7473.5,1589
2026-07-24 17:20:00+00:00,7473.5,7474.0,7471.75,7472.25,1348
2026-07-24 17:21:00+00:00,7472.5,7474.0,7471.5,7471.75,1378
2026-07-24 17:22:00+00:00,7471.75,7472.75,7468.0,7469.25,1478
2026-07-24 17:23:00+00:00,7469.0,7470.75,7467.75,7469.0,1043
2026-07-24 17:24:00+00:00,7469.0,7472.25,7468.25,7472.0,2037
2026-07-24 17:25:00+00:00,7472.25,7472.75,7469.0,7472.5,955
2026-07-24 17:26:00+00:00,7472.5,7474.75,7472.25,7474.5,1089
2026-07-24 17:27:00+00:00,7474.5,7477.0,7474.25,7476.25,1993
2026-07-24 17:28:00+00:00,7476.25,7477.5,7475.5,7476.0,1700
2026-07-24 17:29:00+00:00,7476.0,7477.5,7475.25,7476.25,1403
2026-07-24 17:30:00+00:00,7476.25,7477.5,7474.25,7476.25,2231
2026-07-24 17:31:00+00:00,7476.25,7478.0,7475.25,7477.5,1218
2026-07-24 17:32:00+00:00,7477.5,7478.25,7475.25,7476.75,1044
2026-07-24 17:33:00+00:00,7476.75,7479.0,7476.0,7478.5,1245
2026-07-24 17:34:00+00:00,7478.5,7481.0,7478.0,7480.5,1775
2026-07-24 17:35:00+00:00,7480.5,7480.75,7479.25,7480.0,1404
2026-07-24 17:36:00+00:00,7479.75,7480.25,7477.0,7478.25,1486
2026-07-24 17:37:00+00:00,7478.25,7478.25,7475.25,7475.75,1558
2026-07-24 17:38:00+00:00,7475.75,7477.25,7475.25,7476.0,889
2026-07-24 17:39:00+00:00,7476.0,7476.5,7473.5,7474.25,1551
2026-07-24 17:40:00+00:00,7474.25,7474.75,7472.0,7472.5,1387
2026-07-24 17:41:00+00:00,7472.5,7472.75,7470.25,7472.0,1891
2026-07-24 17:42:00+00:00,7472.25,7472.5,7470.75,7471.75,947
2026-07-24 17:43:00+00:00,7471.75,7472.25,7470.75,7471.0,951
2026-07-24 17:44:00+00:00,7471.0,7472.5,7469.75,7470.0,1164
2026-07-24 17:45:00+00:00,7469.75,7470.5,7468.25,7469.75,1318
2026-07-24 17:46:00+00:00,7469.5,7472.5,7469.5,7471.75,1099
2026-07-24 17:47:00+00:00,7471.75,7473.0,7470.0,7470.25,850
2026-07-24 17:48:00+00:00,7470.25,7470.75,7468.25,7470.0,827
2026-07-24 17:49:00+00:00,7470.0,7472.5,7469.5,7472.25,1073
2026-07-24 17:50:00+00:00,7472.5,7473.5,7471.25,7473.5,1079
2026-07-24 17:51:00+00:00,7473.75,7474.5,7469.5,7470.0,1351
2026-07-24 17:52:00+00:00,7470.0,7470.0,7468.75,7469.75,1024
2026-07-24 17:53:00+00:00,7469.75,7471.75,7469.75,7470.5,794
2026-07-24 17:54:00+00:00,7470.75,7472.25,7470.0,7472.0,652
2026-07-24 17:55:00+00:00,7472.0,7473.0,7470.5,7470.75,1036
2026-07-24 17:56:00+00:00,7471.0,7473.25,7470.25,7472.5,980
2026-07-24 17:57:00+00:00,7472.5,7472.5,7470.0,7470.25,871
2026-07-24 17:58:00+00:00,7470.25,7472.0,7470.0,7470.75,1040
2026-07-24 17:59:00+00:00,7470.75,7471.25,7469.0,7469.0,882
2026-07-24 18:00:00+00:00,7469.0,7471.0,7468.25,7471.0,1528
2026-07-24 18:01:00+00:00,7471.0,7472.0,7467.75,7468.25,1258
2026-07-24 18:02:00+00:00,7468.0,7468.75,7467.0,7468.25,1154
2026-07-24 18:03:00+00:00,7468.25,7468.75,7467.0,7467.25,795
2026-07-24 18:04:00+00:00,7467.25,7468.5,7467.0,7468.0,1032
2026-07-24 18:05:00+00:00,7468.0,7468.5,7466.0,7468.25,1804
2026-07-24 18:06:00+00:00,7468.25,7469.25,7467.5,7468.0,1172
2026-07-24 18:07:00+00:00,7468.0,7471.25,7467.75,7471.25,1363
2026-07-24 18:08:00+00:00,7471.25,7472.25,7469.75,7470.0,1175
2026-07-24 18:09:00+00:00,7470.0,7471.25,7468.75,7469.25,1002
2026-07-24 18:10:00+00:00,7469.25,7470.0,7467.25,7467.75,1073
2026-07-24 18:11:00+00:00,7467.5,7468.25,7466.0,7466.5,1255
2026-07-24 18:12:00+00:00,7466.5,7466.75,7464.75,7465.75,1722
2026-07-24 18:13:00+00:00,7466.0,7466.5,7464.75,7465.0,1515
2026-07-24 18:14:00+00:00,7465.0,7466.25,7464.0,7465.25,1421
2026-07-24 18:15:00+00:00,7465.0,7465.0,7463.75,7464.75,1162
2026-07-24 18:16:00+00:00,7464.75,7465.25,7463.5,7464.5,1156
2026-07-24 18:17:00+00:00,7464.5,7465.75,7463.75,7464.25,1169
2026-07-24 18:18:00+00:00,7464.0,7464.75,7462.0,7464.25,2122
2026-07-24 18:19:00+00:00,7464.25,7464.5,7460.25,7461.0,1911
2026-07-24 18:20:00+00:00,7461.0,7461.25,7458.0,7458.25,2252
2026-07-24 18:21:00+00:00,7458.25,7459.0,7456.75,7457.0,2200
2026-07-24 18:22:00+00:00,7456.75,7458.5,7456.5,7457.75,1322
2026-07-24 18:23:00+00:00,7457.75,7458.5,7456.25,7458.0,1828
2026-07-24 18:24:00+00:00,7458.0,7458.75,7456.5,7457.25,1601
2026-07-24 18:25:00+00:00,7457.0,7457.75,7453.25,7455.25,2363
2026-07-24 18:26:00+00:00,7455.0,7455.5,7452.25,7453.25,2274
2026-07-24 18:27:00+00:00,7453.25,7454.25,7451.75,7452.0,1841
2026-07-24 18:28:00+00:00,7452.0,7452.25,7450.5,7450.75,2887
2026-07-24 18:29:00+00:00,7450.75,7452.75,7448.75,7449.5,2859
2026-07-24 18:30:00+00:00,7449.5,7450.75,7448.75,7449.0,3214
2026-07-24 18:31:00+00:00,7449.0,7449.25,7444.5,7445.5,3887
2026-07-24 18:32:00+00:00,7445.5,7447.25,7445.0,7445.5,3207
2026-07-24 18:33:00+00:00,7445.5,7447.25,7442.0,7442.75,3140
2026-07-24 18:34:00+00:00,7442.5,7443.25,7439.5,7440.5,3582
2026-07-24 18:35:00+00:00,7440.5,7441.25,7437.0,7440.5,4206
2026-07-24 18:36:00+00:00,7440.25,7445.25,7440.0,7441.25,5597
2026-07-24 18:37:00+00:00,7441.25,7442.75,7440.0,7440.5,1705
2026-07-24 18:38:00+00:00,7440.5,7444.25,7439.5,7443.25,3130
2026-07-24 18:39:00+00:00,7443.25,7443.25,7438.25,7441.25,5231
2026-07-24 18:40:00+00:00,7441.25,7441.25,7437.0,7437.0,2094
2026-07-24 18:41:00+00:00,7437.0,7438.75,7436.25,7436.5,3346
2026-07-24 18:42:00+00:00,7436.5,7438.25,7435.5,7437.75,4221
2026-07-24 18:43:00+00:00,7438.0,7440.0,7437.25,7438.25,2649
2026-07-24 18:44:00+00:00,7438.25,7439.75,7437.25,7437.5,2170
2026-07-24 18:45:00+00:00,7437.5,7443.0,7436.75,7442.75,3876
2026-07-24 18:46:00+00:00,7442.75,7446.0,7442.75,7443.5,2835
2026-07-24 18:47:00+00:00,7443.75,7446.0,7443.25,7445.25,1663
2026-07-24 18:48:00+00:00,7445.5,7446.0,7441.5,7441.5,1973
2026-07-24 18:49:00+00:00,7441.75,7442.75,7441.0,7442.0,1209
2026-07-24 18:50:00+00:00,7442.0,7443.5,7439.5,7441.0,1675
2026-07-24 18:51:00+00:00,7440.75,7444.25,7440.75,7441.75,1226
2026-07-24 18:52:00+00:00,7442.0,7443.25,7441.0,7443.0,1179
2026-07-24 18:53:00+00:00,7443.25,7443.75,7441.0,7442.75,1266
2026-07-24 18:54:00+00:00,7442.75,7442.75,7439.5,7441.0,1099
2026-07-24 18:55:00+00:00,7441.0,7443.0,7440.25,7442.75,1056
2026-07-24 18:56:00+00:00,7442.75,7446.0,7441.75,7444.75,2005
2026-07-24 18:57:00+00:00,7444.75,7446.25,7444.5,7444.5,1800
2026-07-24 18:58:00+00:00,7444.5,7445.25,7443.0,7443.25,2252
2026-07-24 18:59:00+00:00,7443.25,7444.75,7442.5,7443.25,1528
2026-07-24 19:00:00+00:00,7443.25,7445.25,7442.0,7444.5,2576
2026-07-24 19:01:00+00:00,7444.75,7448.5,7443.75,7445.0,2855
2026-07-24 19:02:00+00:00,7445.25,7445.75,7442.25,7442.25,2494
2026-07-24 19:03:00+00:00,7442.25,7443.5,7441.25,7442.0,2341
2026-07-24 19:04:00+00:00,7442.0,7443.5,7441.5,7442.0,2181
2026-07-24 19:05:00+00:00,7442.0,7445.25,7440.75,7444.5,1782
2026-07-24 19:06:00+00:00,7444.5,7445.75,7442.0,7442.25,1970
2026-07-24 19:07:00+00:00,7442.0,7442.0,7436.75,7437.0,3081
2026-07-24 19:08:00+00:00,7437.0,7438.5,7436.5,7437.5,2143
2026-07-24 19:09:00+00:00,7437.25,7437.5,7434.75,7435.5,2848
2026-07-24 19:10:00+00:00,7435.5,7436.75,7434.0,7435.25,2548
2026-07-24 19:11:00+00:00,7435.0,7436.5,7434.5,7436.25,1993
2026-07-24 19:12:00+00:00,7436.5,7441.75,7436.25,7438.5,3474
2026-07-24 19:13:00+00:00,7438.5,7439.25,7437.0,7438.0,1898
2026-07-24 19:14:00+00:00,7437.75,7437.75,7435.25,7435.5,1809
2026-07-24 19:15:00+00:00,7435.5,7436.75,7434.5,7435.0,1936
2026-07-24 19:16:00+00:00,7435.0,7435.5,7433.75,7435.0,2315
2026-07-24 19:17:00+00:00,7435.25,7437.25,7434.5,7435.5,2128
2026-07-24 19:18:00+00:00,7435.5,7436.75,7434.75,7435.75,1897
2026-07-24 19:19:00+00:00,7435.75,7437.25,7435.0,7437.25,2386
2026-07-24 19:20:00+00:00,7437.25,7437.5,7435.0,7436.5,2366
2026-07-24 19:21:00+00:00,7436.5,7439.25,7435.75,7438.5,2029
2026-07-24 19:22:00+00:00,7438.5,7439.5,7437.5,7438.0,1897
2026-07-24 19:23:00+00:00,7438.0,7438.0,7436.0,7436.5,1486
2026-07-24 19:24:00+00:00,7436.5,7436.75,7432.0,7433.5,3483
2026-07-24 19:25:00+00:00,7433.5,7434.75,7432.25,7433.25,1899
2026-07-24 19:26:00+00:00,7433.25,7434.5,7432.5,7434.0,1651
2026-07-24 19:27:00+00:00,7433.75,7437.0,7433.75,7435.0,2112
2026-07-24 19:28:00+00:00,7435.0,7436.0,7433.75,7435.75,1607
2026-07-24 19:29:00+00:00,7436.0,7437.75,7434.75,7435.5,2367
2026-07-24 19:30:00+00:00,7435.75,7438.5,7435.5,7437.0,2743
2026-07-24 19:31:00+00:00,7437.25,7439.5,7436.5,7438.75,3338
2026-07-24 19:32:00+00:00,7438.75,7441.25,7438.5,7440.75,3166
2026-07-24 19:33:00+00:00,7440.75,7442.75,7439.5,7441.25,4947
2026-07-24 19:34:00+00:00,7441.25,7443.25,7440.0,7440.0,2814
2026-07-24 19:35:00+00:00,7440.25,7445.5,7439.0,7444.25,5367
2026-07-24 19:36:00+00:00,7444.5,7445.5,7441.0,7441.75,3280
2026-07-24 19:37:00+00:00,7441.75,7445.75,7441.75,7444.0,2892
2026-07-24 19:38:00+00:00,7444.25,7445.0,7443.0,7444.0,1775
2026-07-24 19:39:00+00:00,7444.0,7445.0,7439.75,7440.25,2904
2026-07-24 19:40:00+00:00,7440.5,7442.5,7440.0,7441.0,1989
2026-07-24 19:41:00+00:00,7441.0,7441.0,7438.75,7439.5,2384
2026-07-24 19:42:00+00:00,7439.75,7440.0,7438.5,7439.5,2188
2026-07-24 19:43:00+00:00,7439.75,7440.75,7437.0,7439.5,2454
2026-07-24 19:44:00+00:00,7439.5,7442.5,7438.75,7442.0,1961
2026-07-24 19:45:00+00:00,7442.0,7443.5,7438.25,7438.5,2677
2026-07-24 19:46:00+00:00,7438.75,7439.25,7437.5,7438.5,1760
2026-07-24 19:47:00+00:00,7438.25,7440.25,7437.5,7437.5,1924
2026-07-24 19:48:00+00:00,7437.5,7439.25,7437.0,7437.5,1946
2026-07-24 19:49:00+00:00,7437.5,7443.0,7436.75,7442.75,2612
2026-07-24 19:50:00+00:00,7442.75,7444.75,7437.5,7437.75,5390
2026-07-24 19:51:00+00:00,7437.5,7437.75,7435.75,7437.0,2397
2026-07-24 19:52:00+00:00,7437.0,7437.25,7435.5,7437.25,2117
2026-07-24 19:53:00+00:00,7437.25,7439.75,7436.0,7439.25,3043
2026-07-24 19:54:00+00:00,7439.25,7445.25,7438.5,7444.25,4738
2026-07-24 19:55:00+00:00,7444.0,7445.5,7440.75,7440.75,4929
2026-07-24 19:56:00+00:00,7440.75,7443.0,7439.75,7441.75,3056
2026-07-24 19:57:00+00:00,7441.5,7444.75,7441.25,7444.0,4739
2026-07-24 19:58:00+00:00,7444.0,7445.0,7442.75,7444.0,4618
2026-07-24 19:59:00+00:00,7444.0,7451.0,7440.25,7448.0,42312
2026-07-24 20:00:00+00:00,7447.75,7449.0,7443.25,7447.25,11168
2026-07-24 20:01:00+00:00,7447.25,7449.0,7447.0,7448.0,2372
2026-07-24 20:02:00+00:00,7448.0,7448.75,7444.25,7445.5,2317
2026-07-24 20:03:00+00:00,7445.5,7446.0,7443.75,7444.0,1432
2026-07-24 20:04:00+00:00,7444.0,7444.75,7442.75,7444.25,1630
2026-07-24 20:05:00+00:00,7444.0,7444.75,7442.0,7442.25,1223
2026-07-24 20:06:00+00:00,7442.25,7444.5,7441.75,7443.75,835
2026-07-24 20:07:00+00:00,7443.5,7445.25,7442.5,7442.5,1120
2026-07-24 20:08:00+00:00,7442.75,7443.25,7442.0,7442.0,409
2026-07-24 20:09:00+00:00,7442.25,7444.25,7442.0,7443.5,811
2026-07-24 20:10:00+00:00,7443.75,7443.75,7442.0,7442.0,819
2026-07-24 20:11:00+00:00,7442.0,7445.25,7441.75,7445.0,808
2026-07-24 20:12:00+00:00,7445.25,7445.5,7444.25,7445.5,523
2026-07-24 20:13:00+00:00,7445.75,7446.25,7445.0,7446.0,807
2026-07-24 20:14:00+00:00,7446.0,7446.5,7444.5,7444.75,1780
2026-07-24 20:15:00+00:00,7445.0,7447.25,7445.0,7446.75,1040
2026-07-24 20:16:00+00:00,7446.75,7447.5,7446.5,7447.25,287
2026-07-24 20:17:00+00:00,7447.0,7447.75,7446.75,7447.75,356
2026-07-24 20:18:00+00:00,7447.75,7448.5,7447.25,7448.25,916
2026-07-24 20:19:00+00:00,7448.0,7448.25,7446.5,7446.75,516
2026-07-24 20:20:00+00:00,7446.75,7448.0,7446.75,7448.0,361
2026-07-24 20:21:00+00:00,7447.75,7448.75,7447.5,7448.0,577
2026-07-24 20:22:00+00:00,7448.25,7449.0,7448.25,7448.75,241
2026-07-24 20:23:00+00:00,7449.0,7450.0,7448.25,7448.25,407
2026-07-24 20:24:00+00:00,7448.5,7448.5,7446.75,7446.75,340
2026-07-24 20:25:00+00:00,7447.0,7447.75,7446.75,7447.5,208
2026-07-24 20:26:00+00:00,7447.5,7448.25,7447.25,7447.5,305
2026-07-24 20:27:00+00:00,7447.5,7447.5,7445.5,7446.25,523
2026-07-24 20:28:00+00:00,7446.25,7446.5,7446.0,7446.25,279
2026-07-24 20:29:00+00:00,7446.25,7446.25,7443.25,7443.75,1131
2026-07-24 20:30:00+00:00,7443.75,7444.5,7441.0,7441.25,753
2026-07-24 20:31:00+00:00,7441.25,7441.5,7439.25,7440.0,816
2026-07-24 20:32:00+00:00,7440.25,7441.0,7439.25,7439.75,430
2026-07-24 20:33:00+00:00,7439.5,7441.25,7439.25,7440.5,480
2026-07-24 20:34:00+00:00,7440.5,7441.0,7439.75,7440.75,296
2026-07-24 20:35:00+00:00,7441.0,7442.75,7441.0,7442.75,262
2026-07-24 20:36:00+00:00,7442.5,7443.0,7441.75,7442.75,339
2026-07-24 20:37:00+00:00,7442.75,7443.5,7441.25,7442.25,243
2026-07-24 20:38:00+00:00,7442.0,7442.75,7441.75,7442.0,161
2026-07-24 20:39:00+00:00,7442.25,7442.25,7441.0,7441.75,324
2026-07-24 20:40:00+00:00,7442.0,7442.5,7441.0,7441.5,198
2026-07-24 20:41:00+00:00,7441.5,7441.75,7441.25,7441.5,132
2026-07-24 20:42:00+00:00,7441.5,7442.5,7441.5,7442.0,186
2026-07-24 20:43:00+00:00,7442.25,7442.75,7441.75,7442.75,129
2026-07-24 20:44:00+00:00,7443.0,7444.5,7443.0,7444.25,317
2026-07-24 20:45:00+00:00,7444.5,7446.0,7444.5,7444.5,346
2026-07-24 20:46:00+00:00,7444.5,7444.75,7444.25,7444.5,187
2026-07-24 20:47:00+00:00,7444.5,7444.5,7443.25,7443.5,55
2026-07-24 20:48:00+00:00,7443.25,7444.0,7443.25,7443.5,308
2026-07-24 20:49:00+00:00,7443.25,7443.5,7443.0,7443.0,227
2026-07-24 20:50:00+00:00,7443.25,7443.25,7442.5,7442.5,153
2026-07-24 20:51:00+00:00,7442.75,7443.75,7442.75,7443.5,274
2026-07-24 20:52:00+00:00,7443.5,7444.25,7442.5,7443.0,258
2026-07-24 20:53:00+00:00,7442.75,7443.0,7442.25,7442.75,295
2026-07-24 20:54:00+00:00,7443.0,7445.5,7443.0,7445.0,566
2026-07-24 20:55:00+00:00,7445.0,7445.25,7444.0,7444.25,204
2026-07-24 20:56:00+00:00,7444.25,7444.5,7443.75,7444.5,124
2026-07-24 20:57:00+00:00,7444.75,7445.75,7444.25,7445.5,374
2026-07-24 20:58:00+00:00,7445.5,7447.25,7444.75,7445.25,544
2026-07-24 20:59:00+00:00,7445.0,7447.5,7443.0,7447.5,356
2026-07-26 22:10:00+00:00,7492.5,7493.75,7490.75,7492.25,0
2026-07-26 22:11:00+00:00,7492.25,7492.25,7490.0,7491.0,169
2026-07-26 22:12:00+00:00,7491.0,7491.75,7490.75,7491.5,122
2026-07-26 22:13:00+00:00,7491.5,7493.25,7490.75,7493.0,251
2026-07-26 22:14:00+00:00,7493.0,7494.25,7492.0,7494.25,138
2026-07-26 22:15:00+00:00,7494.25,7495.75,7492.25,7492.25,253
2026-07-26 22:16:00+00:00,7492.5,7496.5,7491.5,7496.25,370
2026-07-26 22:17:00+00:00,7496.25,7497.75,7495.0,7495.75,300
2026-07-26 22:18:00+00:00,7495.25,7496.25,7495.0,7495.75,112
2026-07-26 22:19:00+00:00,7495.5,7496.0,7493.75,7496.0,227
2026-07-26 22:20:00+00:00,7495.75,7496.75,7495.75,7496.25,123
2026-07-26 22:21:00+00:00,7496.0,7496.25,7494.25,7495.5,233
2026-07-26 22:22:00+00:00,7495.25,7495.75,7494.75,7495.25,78
2026-07-26 22:23:00+00:00,7495.0,7496.5,7494.75,7495.75,187
2026-07-26 22:24:00+00:00,7495.75,7495.75,7495.0,7495.0,49
2026-07-26 22:25:00+00:00,7494.75,7495.0,7493.75,7494.0,267
2026-07-26 22:26:00+00:00,7493.75,7495.25,7493.75,7495.0,129
2026-07-26 22:27:00+00:00,7495.0,7495.25,7494.25,7494.75,50
2026-07-26 22:28:00+00:00,7494.5,7494.5,7493.75,7494.0,104
2026-07-26 22:29:00+00:00,7494.0,7495.25,7493.25,7494.75,186
2026-07-26 22:30:00+00:00,7495.0,7495.75,7494.25,7495.25,221
2026-07-26 22:31:00+00:00,7495.0,7495.75,7494.25,7495.75,85
2026-07-26 22:32:00+00:00,7495.75,7496.5,7495.0,7496.5,96
2026-07-26 22:33:00+00:00,7496.5,7496.5,7495.25,7495.75,104
2026-07-26 22:34:00+00:00,7496.0,7496.25,7495.5,7496.25,74
2026-07-26 22:35:00+00:00,7496.5,7497.75,7496.5,7496.5,186
2026-07-26 22:36:00+00:00,7496.5,7497.25,7496.0,7497.0,48
2026-07-26 22:37:00+00:00,7497.25,7498.0,7496.75,7497.75,136
2026-07-26 22:38:00+00:00,7497.5,7498.5,7497.5,7497.5,222
2026-07-26 22:39:00+00:00,7497.75,7497.75,7496.75,7496.75,72
2026-07-26 22:40:00+00:00,7497.0,7497.0,7496.25,7496.5,88
2026-07-26 22:41:00+00:00,7496.5,7496.75,7495.5,7496.25,130
2026-07-26 22:42:00+00:00,7496.5,7497.0,7496.0,7496.0,166
2026-07-26 22:43:00+00:00,7495.75,7495.75,7495.0,7495.5,147
2026-07-26 22:44:00+00:00,7495.5,7496.25,7495.25,7495.25,101
2026-07-26 22:45:00+00:00,7495.25,7495.25,7494.0,7494.5,96
2026-07-26 22:46:00+00:00,7494.75,7495.25,7494.5,7494.5,49
2026-07-26 22:47:00+00:00,7494.25,7494.25,7493.5,7493.5,78
2026-07-26 22:48:00+00:00,7493.75,7494.5,7493.5,7494.0,96
2026-07-26 22:49:00+00:00,7494.0,7494.0,7492.5,7493.0,156
2026-07-26 22:50:00+00:00,7493.25,7494.75,7493.0,7494.75,43
2026-07-26 22:51:00+00:00,7494.75,7495.0,7494.25,7494.5,74
2026-07-26 22:52:00+00:00,7494.5,7494.5,7493.5,7493.5,70
2026-07-26 22:53:00+00:00,7493.75,7494.0,7493.0,7493.0,77
2026-07-26 22:54:00+00:00,7493.0,7493.5,7492.5,7493.25,106
2026-07-26 22:55:00+00:00,7493.0,7494.25,7492.0,7492.25,205
2026-07-26 22:56:00+00:00,7492.5,7492.5,7491.5,7492.25,77
2026-07-26 22:57:00+00:00,7492.0,7492.5,7491.5,7492.25,54
2026-07-26 22:58:00+00:00,7492.5,7492.5,7491.25,7491.5,81
2026-07-26 22:59:00+00:00,7491.5,7492.0,7491.25,7491.75,80
2026-07-26 23:00:00+00:00,7492.0,7493.75,7491.25,7491.25,204
2026-07-26 23:01:00+00:00,7491.25,7493.25,7491.25,7493.0,148
2026-07-26 23:02:00+00:00,7492.5,7494.0,7491.0,7493.75,632
2026-07-26 23:03:00+00:00,7493.75,7494.25,7492.75,7493.75,267
2026-07-26 23:04:00+00:00,7493.5,7494.5,7493.0,7494.5,301
2026-07-26 23:05:00+00:00,7494.75,7497.25,7494.0,7496.75,438
2026-07-26 23:06:00+00:00,7496.75,7498.0,7496.0,7496.0,358
2026-07-26 23:07:00+00:00,7496.0,7496.0,7495.0,7495.5,87
2026-07-26 23:08:00+00:00,7496.0,7497.0,7495.5,7497.0,56
2026-07-26 23:09:00+00:00,7497.0,7498.5,7497.0,7498.5,101
2026-07-26 23:10:00+00:00,7498.75,7499.0,7498.25,7498.75,97
2026-07-26 23:11:00+00:00,7498.5,7498.5,7498.0,7498.0,81
2026-07-26 23:12:00+00:00,7498.5,7498.5,7497.75,7497.75,45
2026-07-26 23:13:00+00:00,7497.75,7498.5,7497.75,7498.25,65
2026-07-26 23:14:00+00:00,7498.25,7499.0,7498.0,7498.75,54
2026-07-26 23:15:00+00:00,7498.75,7500.0,7498.75,7499.75,264
2026-07-26 23:16:00+00:00,7499.75,7500.5,7499.5,7499.75,204
2026-07-26 23:17:00+00:00,7499.75,7500.0,7499.5,7499.5,113
2026-07-26 23:18:00+00:00,7499.5,7500.0,7499.5,7499.5,105
2026-07-26 23:19:00+00:00,7499.5,7500.0,7498.0,7498.25,496
2026-07-26 23:20:00+00:00,7498.25,7498.75,7498.25,7498.75,44
2026-07-26 23:21:00+00:00,7498.75,7499.0,7498.25,7498.25,30
2026-07-26 23:22:00+00:00,7498.25,7499.5,7498.0,7499.0,60
2026-07-26 23:23:00+00:00,7498.75,7498.75,7497.75,7497.75,38
2026-07-26 23:24:00+00:00,7497.75,7497.75,7497.25,7497.25,130
2026-07-26 23:25:00+00:00,7497.5,7499.5,7497.5,7498.75,230
2026-07-26 23:26:00+00:00,7498.75,7499.0,7498.25,7499.0,81
2026-07-26 23:27:00+00:00,7499.0,7499.75,7499.0,7499.0,83
2026-07-26 23:28:00+00:00,7499.0,7499.0,7498.75,7498.75,39
2026-07-26 23:29:00+00:00,7498.75,7499.0,7498.5,7498.75,98
2026-07-26 23:30:00+00:00,7498.5,7500.75,7498.5,7500.5,242
2026-07-26 23:31:00+00:00,7500.5,7500.5,7499.25,7499.5,208
2026-07-26 23:32:00+00:00,7499.75,7499.75,7498.75,7499.25,127
2026-07-26 23:33:00+00:00,7499.25,7500.5,7499.25,7500.5,57
2026-07-26 23:34:00+00:00,7500.5,7503.0,7500.25,7502.5,350
2026-07-26 23:35:00+00:00,7502.25,7502.5,7501.75,7502.25,122
2026-07-26 23:36:00+00:00,7502.0,7503.0,7501.5,7501.75,138
2026-07-26 23:37:00+00:00,7502.0,7502.25,7501.25,7501.75,83
2026-07-26 23:38:00+00:00,7501.5,7501.5,7500.75,7501.5,51
2026-07-26 23:39:00+00:00,7501.5,7502.0,7501.0,7501.0,50
2026-07-26 23:40:00+00:00,7501.25,7502.0,7501.0,7501.75,24
2026-07-26 23:41:00+00:00,7502.0,7505.0,7501.75,7505.0,267
2026-07-26 23:42:00+00:00,7504.75,7505.5,7504.25,7504.5,498
2026-07-26 23:43:00+00:00,7504.5,7504.75,7503.75,7504.5,156
2026-07-26 23:44:00+00:00,7504.5,7505.25,7504.25,7504.25,93
2026-07-26 23:45:00+00:00,7504.25,7504.25,7501.75,7503.0,352
2026-07-26 23:46:00+00:00,7503.0,7505.5,7503.0,7505.25,209
2026-07-26 23:47:00+00:00,7505.0,7507.0,7504.75,7507.0,319
2026-07-26 23:48:00+00:00,7506.75,7508.25,7506.25,7507.75,355
2026-07-26 23:49:00+00:00,7507.5,7509.0,7507.25,7508.5,446
2026-07-26 23:50:00+00:00,7508.75,7508.75,7507.5,7508.5,156
2026-07-26 23:51:00+00:00,7508.75,7511.5,7508.25,7510.0,520
2026-07-26 23:52:00+00:00,7510.0,7510.75,7509.5,7510.0,224
2026-07-26 23:53:00+00:00,7510.0,7510.25,7508.5,7508.5,147
2026-07-26 23:54:00+00:00,7508.75,7509.0,7508.0,7508.25,136
2026-07-26 23:55:00+00:00,7508.25,7508.75,7507.0,7507.0,100
2026-07-26 23:56:00+00:00,7507.25,7507.5,7506.5,7506.75,129
2026-07-26 23:57:00+00:00,7507.0,7508.0,7506.25,7508.0,168
2026-07-26 23:58:00+00:00,7508.0,7512.0,7507.75,7510.75,542
2026-07-26 23:59:00+00:00,7510.5,7511.5,7510.5,7511.0,175
2026-07-27 00:00:00+00:00,7511.0,7511.75,7509.75,7510.75,750
2026-07-27 00:01:00+00:00,7511.0,7512.0,7509.0,7510.25,479
2026-07-27 00:02:00+00:00,7510.5,7511.25,7506.75,7507.0,322
2026-07-27 00:03:00+00:00,7506.75,7506.75,7504.0,7504.75,337
2026-07-27 00:04:00+00:00,7504.5,7504.75,7501.75,7502.0,400
2026-07-27 00:05:00+00:00,7501.75,7506.0,7500.75,7504.75,394
2026-07-27 00:06:00+00:00,7504.75,7505.75,7504.0,7505.0,271
2026-07-27 00:07:00+00:00,7505.0,7505.0,7501.75,7502.5,378
2026-07-27 00:08:00+00:00,7502.5,7505.0,7502.0,7502.75,251
2026-07-27 00:09:00+00:00,7503.0,7504.75,7502.75,7504.25,162
2026-07-27 00:10:00+00:00,7504.5,7505.5,7502.75,7503.25,215
2026-07-27 00:11:00+00:00,7503.25,7507.5,7503.25,7506.5,509
2026-07-27 00:12:00+00:00,7506.5,7508.25,7506.5,7507.75,183
2026-07-27 00:13:00+00:00,7507.5,7510.0,7506.75,7508.75,351
2026-07-27 00:14:00+00:00,7508.25,7509.5,7507.5,7509.25,156
2026-07-27 00:15:00+00:00,7509.25,7509.25,7506.5,7507.0,484
2026-07-27 00:16:00+00:00,7506.75,7507.75,7504.0,7504.25,444
2026-07-27 00:17:00+00:00,7504.5,7504.5,7502.25,7503.0,307
2026-07-27 00:18:00+00:00,7503.25,7503.25,7499.75,7500.25,464
2026-07-27 00:19:00+00:00,7500.0,7500.25,7497.25,7498.75,482
2026-07-27 00:20:00+00:00,7498.5,7498.75,7496.25,7498.25,497
2026-07-27 00:21:00+00:00,7498.0,7498.75,7497.25,7497.25,350
2026-07-27 00:22:00+00:00,7497.25,7499.25,7497.0,7499.0,324
2026-07-27 00:23:00+00:00,7499.0,7499.75,7498.25,7498.25,220
2026-07-27 00:24:00+00:00,7498.25,7499.25,7497.0,7499.0,188
2026-07-27 00:25:00+00:00,7499.0,7501.25,7498.25,7500.75,298
2026-07-27 00:26:00+00:00,7500.75,7501.75,7500.0,7500.75,333
2026-07-27 00:27:00+00:00,7500.5,7502.0,7498.75,7499.25,508
2026-07-27 00:28:00+00:00,7499.5,7500.5,7499.0,7499.5,175
2026-07-27 00:29:00+00:00,7499.75,7501.0,7498.5,7500.0,181
2026-07-27 00:30:00+00:00,7500.0,7502.25,7498.75,7500.0,264
2026-07-27 00:31:00+00:00,7500.25,7501.0,7498.75,7500.0,266
2026-07-27 00:32:00+00:00,7500.0,7500.75,7499.25,7500.75,200
2026-07-27 00:33:00+00:00,7501.0,7502.0,7500.0,7500.5,271
2026-07-27 00:34:00+00:00,7500.5,7501.0,7500.0,7500.75,207
2026-07-27 00:35:00+00:00,7500.75,7501.25,7499.25,7500.25,251
2026-07-27 00:36:00+00:00,7500.5,7500.5,7498.5,7499.5,207
2026-07-27 00:37:00+00:00,7499.25,7499.5,7497.25,7497.5,168
2026-07-27 00:38:00+00:00,7497.25,7498.5,7496.5,7497.75,180
2026-07-27 00:39:00+00:00,7497.75,7498.0,7496.0,7496.5,279
2026-07-27 00:40:00+00:00,7496.5,7496.5,7495.5,7495.75,246
2026-07-27 00:41:00+00:00,7495.75,7496.25,7495.5,7496.25,189
2026-07-27 00:42:00+00:00,7496.25,7496.25,7495.25,7495.25,169
2026-07-27 00:43:00+00:00,7495.0,7496.25,7494.75,7496.25,161
2026-07-27 00:44:00+00:00,7496.5,7496.5,7494.75,7494.75,166
2026-07-27 00:45:00+00:00,7494.75,7497.25,7494.5,7496.0,281
2026-07-27 00:46:00+00:00,7496.0,7496.75,7494.75,7496.75,165
2026-07-27 00:47:00+00:00,7496.75,7496.75,7495.0,7495.25,175
2026-07-27 00:48:00+00:00,7495.0,7496.25,7494.75,7496.25,161
2026-07-27 00:49:00+00:00,7496.25,7496.25,7495.5,7495.75,100
2026-07-27 00:50:00+00:00,7495.75,7497.25,7495.5,7497.0,243
2026-07-27 00:51:00+00:00,7497.25,7498.75,7497.25,7498.75,232
2026-07-27 00:52:00+00:00,7498.75,7499.5,7496.75,7496.75,237
2026-07-27 00:53:00+00:00,7496.5,7496.75,7495.25,7495.5,173
2026-07-27 00:54:00+00:00,7495.5,7496.0,7494.0,7495.75,187
2026-07-27 00:55:00+00:00,7495.75,7495.75,7493.0,7493.25,221
2026-07-27 00:56:00+00:00,7493.25,7494.0,7492.5,7493.75,310
2026-07-27 00:57:00+00:00,7493.75,7495.0,7493.5,7494.5,286
2026-07-27 00:58:00+00:00,7494.5,7495.0,7493.75,7494.0,148
2026-07-27 00:59:00+00:00,7493.75,7494.25,7492.5,7492.75,150
2026-07-27 01:00:00+00:00,7492.5,7494.0,7492.5,7494.0,286
2026-07-27 01:01:00+00:00,7494.0,7496.5,7493.75,7496.5,360
2026-07-27 01:02:00+00:00,7496.25,7496.25,7495.0,7495.5,210
2026-07-27 01:03:00+00:00,7495.25,7495.25,7492.75,7492.75,285
2026-07-27 01:04:00+00:00,7493.0,7493.25,7492.0,7492.0,295
2026-07-27 01:05:00+00:00,7492.0,7492.75,7491.5,7492.75,219
2026-07-27 01:06:00+00:00,7492.75,7494.25,7492.25,7493.5,192
2026-07-27 01:07:00+00:00,7493.25,7496.0,7493.25,7495.75,211
2026-07-27 01:08:00+00:00,7495.5,7496.25,7493.0,7493.0,206
2026-07-27 01:09:00+00:00,7493.0,7494.5,7493.0,7494.5,101
2026-07-27 01:10:00+00:00,7494.25,7494.5,7492.0,7492.25,110
2026-07-27 01:11:00+00:00,7492.0,7493.0,7492.0,7492.75,118
2026-07-27 01:12:00+00:00,7492.5,7493.0,7491.25,7492.0,223
2026-07-27 01:13:00+00:00,7492.0,7492.0,7490.0,7490.75,293
2026-07-27 01:14:00+00:00,7490.75,7491.25,7490.25,7491.0,254
2026-07-27 01:15:00+00:00,7491.0,7491.25,7490.25,7491.0,189
2026-07-27 01:16:00+00:00,7491.0,7492.5,7490.25,7490.5,409
2026-07-27 01:17:00+00:00,7490.5,7491.25,7489.25,7490.25,428
2026-07-27 01:18:00+00:00,7490.25,7491.5,7489.5,7491.5,227
2026-07-27 01:19:00+00:00,7491.5,7492.25,7489.0,7489.25,229
2026-07-27 01:20:00+00:00,7489.5,7489.5,7488.25,7489.0,275
2026-07-27 01:21:00+00:00,7488.75,7488.75,7487.0,7488.5,331
2026-07-27 01:22:00+00:00,7488.75,7490.25,7488.0,7490.0,256
2026-07-27 01:23:00+00:00,7490.25,7491.0,7489.25,7489.75,267
2026-07-27 01:24:00+00:00,7489.75,7490.75,7489.5,7490.25,133
2026-07-27 01:25:00+00:00,7490.25,7490.25,7489.0,7489.75,186
2026-07-27 01:26:00+00:00,7489.5,7490.25,7488.25,7488.5,203
2026-07-27 01:27:00+00:00,7488.5,7490.25,7488.5,7490.0,117
2026-07-27 01:28:00+00:00,7490.0,7490.0,7489.0,7489.5,113
2026-07-27 01:29:00+00:00,7489.25,7490.25,7488.0,7489.75,300
2026-07-27 01:30:00+00:00,7489.75,7491.5,7489.5,7491.25,325
2026-07-27 01:31:00+00:00,7491.25,7495.0,7491.0,7494.5,379
2026-07-27 01:32:00+00:00,7494.0,7496.0,7493.75,7495.5,232
2026-07-27 01:33:00+00:00,7495.5,7496.25,7494.5,7495.0,208
2026-07-27 01:34:00+00:00,7495.0,7496.5,7494.0,7494.25,197
2026-07-27 01:35:00+00:00,7494.25,7494.25,7491.25,7492.0,305
2026-07-27 01:36:00+00:00,7491.75,7494.25,7491.5,7492.75,148
2026-07-27 01:37:00+00:00,7493.75,7495.25,7493.5,7494.75,98
2026-07-27 01:38:00+00:00,7494.75,7498.0,7494.5,7497.5,231
2026-07-27 01:39:00+00:00,7497.25,7498.0,7497.25,7497.5,214
2026-07-27 01:40:00+00:00,7497.25,7498.75,7497.25,7498.75,267
2026-07-27 01:41:00+00:00,7498.75,7499.25,7496.25,7496.25,246
2026-07-27 01:42:00+00:00,7496.25,7498.75,7495.5,7498.5,345
2026-07-27 01:43:00+00:00,7498.25,7498.5,7494.5,7494.5,214
2026-07-27 01:44:00+00:00,7494.75,7496.0,7494.5,7496.0,171
2026-07-27 01:45:00+00:00,7495.75,7496.0,7494.25,7495.5,179
2026-07-27 01:46:00+00:00,7495.5,7497.25,7495.5,7496.0,196
2026-07-27 01:47:00+00:00,7496.25,7497.5,7495.5,7496.75,89
2026-07-27 01:48:00+00:00,7496.0,7498.0,7495.25,7497.5,109
2026-07-27 01:49:00+00:00,7497.5,7498.0,7496.25,7497.25,92
2026-07-27 01:50:00+00:00,7497.0,7497.25,7494.25,7494.25,217
2026-07-27 01:51:00+00:00,7494.0,7497.25,7493.5,7497.25,232
2026-07-27 01:52:00+00:00,7497.0,7497.0,7494.75,7496.0,139
2026-07-27 01:53:00+00:00,7495.75,7496.0,7495.25,7495.75,102
2026-07-27 01:54:00+00:00,7495.75,7496.0,7495.25,7496.0,82
2026-07-27 01:55:00+00:00,7495.75,7496.25,7495.25,7495.25,57
2026-07-27 01:56:00+00:00,7495.5,7496.5,7495.25,7496.0,70
2026-07-27 01:57:00+00:00,7496.0,7496.75,7495.5,7496.75,76
2026-07-27 01:58:00+00:00,7496.5,7497.25,7495.75,7497.25,124
2026-07-27 01:59:00+00:00,7497.25,7498.5,7497.25,7498.0,162
2026-07-27 02:00:00+00:00,7498.25,7499.5,7497.5,7497.75,330
2026-07-27 02:01:00+00:00,7497.75,7500.0,7497.5,7499.75,217
2026-07-27 02:02:00+00:00,7500.0,7500.5,7498.0,7498.0,249
2026-07-27 02:03:00+00:00,7497.75,7499.0,7497.25,7499.0,96
2026-07-27 02:04:00+00:00,7498.25,7498.75,7497.0,7497.25,88
2026-07-27 02:05:00+00:00,7497.25,7498.0,7496.5,7496.75,127
2026-07-27 02:06:00+00:00,7497.0,7497.0,7495.75,7496.75,163
2026-07-27 02:07:00+00:00,7497.0,7497.5,7496.25,7496.25,176
2026-07-27 02:08:00+00:00,7496.25,7497.75,7495.75,7497.5,157
2026-07-27 02:09:00+00:00,7497.5,7499.5,7497.25,7499.0,185
2026-07-27 02:10:00+00:00,7498.75,7499.0,7497.75,7498.25,85
2026-07-27 02:11:00+00:00,7498.5,7499.0,7497.5,7498.5,56
2026-07-27 02:12:00+00:00,7498.0,7498.0,7496.75,7497.75,92
2026-07-27 02:13:00+00:00,7497.25,7499.75,7497.25,7498.5,70
2026-07-27 02:14:00+00:00,7498.5,7498.75,7498.25,7498.5,43
2026-07-27 02:15:00+00:00,7498.5,7500.0,7497.75,7499.0,192
2026-07-27 02:16:00+00:00,7499.0,7500.25,7498.25,7498.25,201
2026-07-27 02:17:00+00:00,7498.5,7499.5,7498.5,7499.25,98
2026-07-27 02:18:00+00:00,7499.25,7500.5,7498.75,7498.75,196
2026-07-27 02:19:00+00:00,7498.75,7501.0,7498.75,7500.0,193
2026-07-27 02:20:00+00:00,7500.0,7500.75,7499.0,7499.0,331
2026-07-27 02:21:00+00:00,7498.75,7498.75,7498.0,7498.25,120
2026-07-27 02:22:00+00:00,7498.0,7500.25,7497.25,7499.5,238
2026-07-27 02:23:00+00:00,7499.75,7500.5,7497.75,7498.0,120
2026-07-27 02:24:00+00:00,7498.0,7500.25,7498.0,7499.75,62
2026-07-27 02:25:00+00:00,7499.5,7501.5,7499.5,7501.5,138
2026-07-27 02:26:00+00:00,7501.25,7502.0,7499.75,7500.0,256
2026-07-27 02:27:00+00:00,7500.0,7500.25,7499.5,7499.5,142
2026-07-27 02:28:00+00:00,7499.75,7501.75,7499.75,7501.5,65
2026-07-27 02:29:00+00:00,7501.5,7501.5,7500.0,7500.0,89
2026-07-27 02:30:00+00:00,7500.0,7500.25,7497.75,7497.75,174
2026-07-27 02:31:00+00:00,7497.75,7498.25,7497.5,7498.0,81
2026-07-27 02:32:00+00:00,7498.0,7498.0,7496.75,7497.5,111
2026-07-27 02:33:00+00:00,7497.25,7497.5,7496.75,7497.0,80
2026-07-27 02:34:00+00:00,7497.25,7498.0,7497.0,7498.0,81
2026-07-27 02:35:00+00:00,7498.0,7499.25,7497.25,7498.0,206
2026-07-27 02:36:00+00:00,7498.5,7501.25,7498.5,7501.25,98
2026-07-27 02:37:00+00:00,7501.5,7501.75,7500.75,7501.5,84
2026-07-27 02:38:00+00:00,7501.5,7502.25,7501.25,7502.25,52
2026-07-27 02:39:00+00:00,7502.0,7502.0,7501.0,7501.75,68
2026-07-27 02:40:00+00:00,7501.75,7502.0,7501.25,7501.25,63
2026-07-27 02:41:00+00:00,7501.25,7501.75,7501.25,7501.5,73
2026-07-27 02:42:00+00:00,7501.5,7502.25,7500.75,7501.5,112
2026-07-27 02:43:00+00:00,7501.75,7501.75,7500.75,7501.0,39
2026-07-27 02:44:00+00:00,7500.75,7501.5,7500.5,7501.5,70
2026-07-27 02:45:00+00:00,7501.25,7501.5,7500.5,7500.75,37
2026-07-27 02:46:00+00:00,7501.0,7502.5,7501.0,7501.25,105
2026-07-27 02:47:00+00:00,7501.25,7501.5,7500.75,7500.75,70
2026-07-27 02:48:00+00:00,7500.75,7500.75,7499.25,7499.5,123
2026-07-27 02:49:00+00:00,7499.25,7499.25,7498.75,7499.0,136
2026-07-27 02:50:00+00:00,7499.0,7499.5,7498.25,7498.5,115
2026-07-27 02:51:00+00:00,7498.5,7499.0,7498.25,7498.75,52
2026-07-27 02:52:00+00:00,7499.0,7499.25,7498.0,7498.5,58
2026-07-27 02:53:00+00:00,7498.75,7499.25,7498.75,7499.25,63
2026-07-27 02:54:00+00:00,7499.5,7500.0,7499.0,7499.25,79
2026-07-27 02:55:00+00:00,7499.0,7499.25,7498.75,7499.25,71
2026-07-27 02:56:00+00:00,7499.25,7500.25,7499.0,7499.0,64
2026-07-27 02:57:00+00:00,7499.0,7499.75,7499.0,7499.75,41
2026-07-27 02:58:00+00:00,7499.75,7500.25,7499.75,7500.0,31
2026-07-27 02:59:00+00:00,7500.0,7500.25,7499.25,7499.25,35
2026-07-27 03:00:00+00:00,7499.25,7502.75,7499.0,7502.25,242
2026-07-27 03:01:00+00:00,7502.25,7502.5,7501.5,7501.75,149
2026-07-27 03:02:00+00:00,7501.75,7502.5,7500.75,7501.0,131
2026-07-27 03:03:00+00:00,7501.25,7501.5,7499.0,7499.0,164
2026-07-27 03:04:00+00:00,7499.0,7499.5,7499.0,7499.5,144
2026-07-27 03:05:00+00:00,7499.75,7500.5,7499.5,7500.25,63
2026-07-27 03:06:00+00:00,7500.0,7501.5,7500.0,7501.0,56
2026-07-27 03:07:00+00:00,7501.0,7501.0,7500.25,7501.0,47
2026-07-27 03:08:00+00:00,7501.25,7501.75,7499.5,7500.0,74
2026-07-27 03:09:00+00:00,7500.0,7500.0,7499.25,7499.75,31
2026-07-27 03:10:00+00:00,7499.75,7500.0,7499.25,7500.0,58
2026-07-27 03:11:00+00:00,7500.0,7501.0,7500.0,7501.0,38
2026-07-27 03:12:00+00:00,7501.0,7502.0,7501.0,7501.75,93
2026-07-27 03:13:00+00:00,7501.75,7502.0,7501.25,7501.75,99
2026-07-27 03:14:00+00:00,7501.75,7503.25,7501.75,7503.0,157
2026-07-27 03:15:00+00:00,7503.0,7503.5,7502.25,7502.75,237
2026-07-27 03:16:00+00:00,7503.0,7503.5,7502.75,7502.75,111
2026-07-27 03:17:00+00:00,7502.75,7502.75,7502.5,7502.75,57
2026-07-27 03:18:00+00:00,7502.75,7503.0,7502.0,7503.0,79
2026-07-27 03:19:00+00:00,7502.5,7503.0,7502.25,7503.0,81
2026-07-27 03:20:00+00:00,7503.0,7503.25,7502.0,7502.75,100
2026-07-27 03:21:00+00:00,7502.75,7503.0,7502.75,7503.0,49
2026-07-27 03:22:00+00:00,7502.75,7503.0,7501.5,7502.25,77
2026-07-27 03:23:00+00:00,7502.0,7502.25,7502.0,7502.0,35
2026-07-27 03:24:00+00:00,7502.0,7502.5,7501.5,7501.75,53
2026-07-27 03:25:00+00:00,7501.5,7502.5,7501.25,7502.5,67
2026-07-27 03:26:00+00:00,7502.5,7502.75,7501.5,7501.5,69
2026-07-27 03:27:00+00:00,7501.5,7501.75,7501.25,7501.75,63
2026-07-27 03:28:00+00:00,7501.5,7501.75,7501.0,7501.0,55
2026-07-27 03:29:00+00:00,7501.0,7501.25,7500.5,7500.75,54
2026-07-27 03:30:00+00:00,7501.0,7501.0,7498.5,7498.5,154
2026-07-27 03:31:00+00:00,7498.5,7501.0,7498.25,7500.75,169
2026-07-27 03:32:00+00:00,7500.75,7500.75,7499.25,7500.5,45
2026-07-27 03:33:00+00:00,7500.0,7500.0,7499.0,7499.5,30
2026-07-27 03:34:00+00:00,7499.25,7500.0,7499.25,7499.75,61
2026-07-27 03:35:00+00:00,7499.75,7499.75,7499.0,7499.25,44
2026-07-27 03:36:00+00:00,7499.25,7499.75,7499.0,7499.25,16
2026-07-27 03:37:00+00:00,7499.25,7499.75,7498.75,7499.25,65
2026-07-27 03:38:00+00:00,7499.25,7500.0,7499.25,7500.0,32
2026-07-27 03:39:00+00:00,7499.5,7499.75,7499.0,7499.0,33
2026-07-27 03:40:00+00:00,7499.0,7499.75,7498.75,7499.75,38
2026-07-27 03:41:00+00:00,7499.5,7501.0,7499.5,7501.0,145
2026-07-27 03:42:00+00:00,7501.0,7501.75,7500.5,7501.5,77
2026-07-27 03:43:00+00:00,7501.75,7502.5,7501.5,7501.5,67
2026-07-27 03:44:00+00:00,7501.75,7502.0,7500.5,7500.5,70
2026-07-27 03:45:00+00:00,7500.25,7501.0,7500.25,7500.25,57
2026-07-27 03:46:00+00:00,7500.0,7500.75,7499.5,7500.5,35
2026-07-27 03:47:00+00:00,7500.25,7500.25,7500.0,7500.0,23
2026-07-27 03:48:00+00:00,7500.0,7500.0,7498.5,7499.25,119
2026-07-27 03:49:00+00:00,7499.5,7499.5,7498.5,7499.0,60
2026-07-27 03:50:00+00:00,7499.25,7499.5,7498.75,7499.25,52
2026-07-27 03:51:00+00:00,7499.0,7500.0,7499.0,7499.25,49
2026-07-27 03:52:00+00:00,7499.25,7500.0,7499.25,7499.5,36
2026-07-27 03:53:00+00:00,7499.75,7500.0,7499.25,7499.5,50
2026-07-27 03:54:00+00:00,7499.5,7499.5,7499.0,7499.5,35
2026-07-27 03:55:00+00:00,7499.75,7499.75,7498.25,7498.5,79
2026-07-27 03:56:00+00:00,7498.5,7500.0,7498.0,7499.5,122
2026-07-27 03:57:00+00:00,7499.25,7500.0,7499.0,7500.0,51
2026-07-27 03:58:00+00:00,7500.25,7501.0,7499.25,7499.25,93
2026-07-27 04:00:00+00:00,7499.5,7500.75,7499.5,7500.5,84
2026-07-27 04:01:00+00:00,7500.5,7501.0,7500.0,7500.75,98
2026-07-27 04:02:00+00:00,7500.5,7502.0,7499.75,7500.5,95
2026-07-27 04:03:00+00:00,7500.75,7501.5,7500.5,7500.75,36
2026-07-27 04:04:00+00:00,7500.75,7501.0,7500.25,7500.5,88
2026-07-27 04:05:00+00:00,7500.5,7501.25,7499.75,7500.0,58
2026-07-27 04:06:00+00:00,7499.75,7501.75,7499.75,7501.25,68
2026-07-27 04:07:00+00:00,7501.5,7501.5,7500.75,7500.75,34
2026-07-27 04:08:00+00:00,7500.75,7501.25,7500.5,7500.5,26
2026-07-27 04:09:00+00:00,7500.25,7500.25,7498.75,7500.0,78
2026-07-27 04:10:00+00:00,7500.0,7500.75,7499.75,7500.25,29
2026-07-27 04:11:00+00:00,7500.0,7500.25,7499.75,7499.75,23
2026-07-27 04:12:00+00:00,7500.0,7500.75,7499.5,7499.5,21
2026-07-27 04:13:00+00:00,7500.0,7501.0,7499.75,7501.0,40
2026-07-27 04:14:00+00:00,7501.25,7502.0,7500.75,7502.0,62
2026-07-27 04:15:00+00:00,7501.75,7502.0,7500.25,7500.5,60
2026-07-27 04:16:00+00:00,7500.5,7502.5,7500.5,7502.5,63
2026-07-27 04:17:00+00:00,7502.5,7502.5,7501.75,7502.0,68
2026-07-27 04:18:00+00:00,7502.0,7503.5,7501.75,7503.0,88
2026-07-27 04:19:00+00:00,7503.25,7503.5,7502.5,7502.75,106
2026-07-27 04:20:00+00:00,7502.75,7503.25,7502.75,7503.25,118
2026-07-27 04:21:00+00:00,7503.25,7503.75,7503.0,7503.25,98
2026-07-27 04:22:00+00:00,7503.25,7503.75,7503.0,7503.25,96
2026-07-27 04:23:00+00:00,7503.25,7503.25,7502.5,7502.75,57
2026-07-27 04:24:00+00:00,7502.5,7502.5,7501.5,7502.0,67
2026-07-27 04:25:00+00:00,7502.0,7503.0,7501.5,7501.5,76
2026-07-27 04:26:00+00:00,7501.5,7502.0,7500.75,7501.0,70
2026-07-27 04:27:00+00:00,7500.75,7501.0,7499.5,7500.5,109
2026-07-27 04:28:00+00:00,7500.0,7500.5,7499.75,7500.5,87
2026-07-27 04:29:00+00:00,7500.5,7501.75,7500.5,7501.5,64
2026-07-27 04:30:00+00:00,7501.5,7502.0,7500.0,7500.0,62
2026-07-27 04:31:00+00:00,7500.25,7501.0,7500.0,7501.0,75
2026-07-27 04:32:00+00:00,7501.0,7501.25,7500.75,7501.0,38
2026-07-27 04:33:00+00:00,7501.0,7503.0,7500.75,7503.0,61
2026-07-27 04:34:00+00:00,7502.75,7503.75,7502.5,7503.25,151
2026-07-27 04:35:00+00:00,7503.25,7503.5,7502.75,7503.5,109
2026-07-27 04:36:00+00:00,7503.5,7504.0,7503.25,7503.25,147
2026-07-27 04:37:00+00:00,7503.0,7503.75,7503.0,7503.75,71
2026-07-27 04:38:00+00:00,7504.0,7504.25,7503.5,7503.5,101
2026-07-27 04:39:00+00:00,7503.75,7503.75,7503.25,7503.75,46
2026-07-27 04:40:00+00:00,7503.75,7504.75,7503.75,7504.25,107
2026-07-27 04:41:00+00:00,7504.25,7504.75,7504.0,7504.25,120
2026-07-27 04:42:00+00:00,7504.5,7505.75,7504.5,7505.5,229
2026-07-27 04:43:00+00:00,7505.25,7505.25,7504.5,7504.5,104
2026-07-27 04:44:00+00:00,7504.5,7505.25,7504.25,7505.25,62
2026-07-27 04:45:00+00:00,7505.25,7505.5,7504.75,7505.0,93
2026-07-27 04:46:00+00:00,7505.0,7505.75,7505.0,7505.5,143
2026-07-27 04:47:00+00:00,7505.75,7505.75,7504.25,7504.75,136
2026-07-27 04:48:00+00:00,7504.5,7505.25,7504.0,7505.25,49
2026-07-27 04:49:00+00:00,7505.0,7505.5,7504.25,7504.25,86
2026-07-27 04:50:00+00:00,7504.25,7505.25,7504.25,7504.5,77
2026-07-27 04:51:00+00:00,7504.75,7505.75,7504.5,7505.75,83
2026-07-27 04:52:00+00:00,7505.75,7506.0,7505.25,7505.5,107
2026-07-27 04:53:00+00:00,7505.75,7506.0,7505.5,7505.75,130
2026-07-27 04:54:00+00:00,7505.75,7507.0,7505.75,7506.5,196
2026-07-27 04:55:00+00:00,7506.5,7506.5,7505.75,7505.75,146
2026-07-27 04:56:00+00:00,7505.5,7507.0,7505.25,7506.5,170
2026-07-27 04:57:00+00:00,7506.5,7506.5,7505.75,7506.0,135
2026-07-27 04:58:00+00:00,7506.0,7506.0,7505.0,7505.25,91
2026-07-27 04:59:00+00:00,7505.0,7505.0,7504.5,7504.75,67
2026-07-27 05:00:00+00:00,7504.75,7505.25,7504.25,7505.25,142
2026-07-27 05:01:00+00:00,7505.25,7506.0,7505.0,7505.25,63
2026-07-27 05:02:00+00:00,7505.25,7506.0,7505.25,7505.25,23
2026-07-27 05:03:00+00:00,7505.5,7505.75,7505.0,7505.5,53
2026-07-27 05:04:00+00:00,7505.75,7506.0,7504.75,7505.25,86
2026-07-27 05:05:00+00:00,7505.5,7505.5,7505.25,7505.25,71
2026-07-27 05:06:00+00:00,7505.25,7506.75,7505.25,7506.5,86
2026-07-27 05:07:00+00:00,7506.75,7507.75,7506.5,7507.5,138
2026-07-27 05:08:00+00:00,7507.25,7507.5,7506.75,7507.0,107
2026-07-27 05:09:00+00:00,7507.0,7507.5,7507.0,7507.5,38
2026-07-27 05:10:00+00:00,7507.5,7509.25,7507.5,7508.75,316
2026-07-27 05:11:00+00:00,7508.75,7509.5,7508.25,7508.25,160
2026-07-27 05:12:00+00:00,7508.25,7508.75,7508.0,7508.5,82
2026-07-27 05:13:00+00:00,7508.75,7508.75,7508.25,7508.5,60
2026-07-27 05:14:00+00:00,7508.75,7509.5,7508.75,7509.0,124
2026-07-27 05:15:00+00:00,7508.75,7509.0,7508.25,7508.5,166
2026-07-27 05:16:00+00:00,7508.5,7508.5,7508.0,7508.5,95
2026-07-27 05:17:00+00:00,7508.5,7509.0,7508.25,7508.75,109
2026-07-27 05:18:00+00:00,7509.0,7510.25,7508.5,7510.0,414
2026-07-27 05:19:00+00:00,7510.0,7510.25,7509.25,7509.25,110
2026-07-27 05:20:00+00:00,7509.25,7510.25,7509.25,7510.0,71
2026-07-27 05:21:00+00:00,7510.0,7510.0,7509.25,7509.75,75
2026-07-27 05:22:00+00:00,7509.75,7510.25,7509.5,7510.0,73
2026-07-27 05:23:00+00:00,7510.0,7510.25,7509.5,7510.0,61
2026-07-27 05:24:00+00:00,7509.5,7510.0,7509.25,7510.0,126
2026-07-27 05:25:00+00:00,7509.75,7510.0,7509.25,7509.75,113
2026-07-27 05:26:00+00:00,7509.5,7510.0,7509.5,7509.5,75
2026-07-27 05:27:00+00:00,7509.25,7510.0,7509.25,7510.0,86
2026-07-27 05:28:00+00:00,7510.25,7510.25,7509.5,7510.0,123
2026-07-27 05:29:00+00:00,7510.0,7510.5,7510.0,7510.5,72
2026-07-27 05:30:00+00:00,7510.5,7511.5,7510.0,7510.5,380
2026-07-27 05:31:00+00:00,7510.25,7511.25,7510.0,7510.5,93
2026-07-27 05:32:00+00:00,7510.25,7511.0,7510.25,7510.75,59
2026-07-27 05:33:00+00:00,7510.75,7510.75,7509.5,7510.0,172
2026-07-27 05:34:00+00:00,7509.75,7510.75,7509.5,7510.75,84
2026-07-27 05:35:00+00:00,7511.0,7511.25,7510.75,7511.25,106
2026-07-27 05:36:00+00:00,7511.25,7511.75,7511.0,7511.0,91
2026-07-27 05:37:00+00:00,7511.0,7511.25,7510.75,7511.0,51
2026-07-27 05:38:00+00:00,7511.0,7512.0,7511.0,7512.0,129
2026-07-27 05:39:00+00:00,7511.75,7517.0,7511.75,7514.0,1009
2026-07-27 05:40:00+00:00,7514.0,7514.0,7512.5,7512.5,172
2026-07-27 05:41:00+00:00,7512.5,7513.25,7511.25,7511.25,184
2026-07-27 05:42:00+00:00,7511.5,7512.0,7511.5,7511.75,100
2026-07-27 05:43:00+00:00,7511.5,7512.5,7511.5,7512.0,166
2026-07-27 05:44:00+00:00,7511.75,7512.25,7511.75,7512.25,150
2026-07-27 05:45:00+00:00,7512.5,7513.25,7512.5,7512.5,94
2026-07-27 05:46:00+00:00,7512.25,7513.0,7512.25,7512.5,229
2026-07-27 05:47:00+00:00,7512.5,7513.0,7512.0,7513.0,117
2026-07-27 05:48:00+00:00,7513.0,7513.25,7512.75,7513.25,68
2026-07-27 05:49:00+00:00,7513.25,7513.5,7513.0,7513.5,124
2026-07-27 05:50:00+00:00,7513.5,7513.75,7513.25,7513.5,205
2026-07-27 05:51:00+00:00,7513.5,7514.0,7512.75,7514.0,183
2026-07-27 05:52:00+00:00,7514.0,7514.25,7513.75,7514.25,121
2026-07-27 05:53:00+00:00,7514.25,7514.75,7514.25,7514.5,99
2026-07-27 05:54:00+00:00,7514.5,7515.0,7514.5,7514.75,128
2026-07-27 05:55:00+00:00,7514.75,7515.0,7514.25,7514.5,265
2026-07-27 05:56:00+00:00,7514.5,7515.0,7514.25,7514.25,308
2026-07-27 05:57:00+00:00,7514.25,7515.0,7514.25,7514.75,88
2026-07-27 05:58:00+00:00,7514.75,7515.25,7514.25,7514.25,286
2026-07-27 05:59:00+00:00,7514.25,7514.5,7513.75,7514.5,102
2026-07-27 06:00:00+00:00,7514.5,7516.25,7514.5,7516.0,433
2026-07-27 06:01:00+00:00,7516.0,7518.25,7515.75,7517.25,516
2026-07-27 06:02:00+00:00,7517.0,7517.75,7516.75,7517.5,348
2026-07-27 06:03:00+00:00,7517.25,7518.0,7517.0,7517.25,397
2026-07-27 06:04:00+00:00,7517.5,7517.75,7516.5,7517.0,357
2026-07-27 06:05:00+00:00,7516.75,7517.5,7516.5,7517.25,421
2026-07-27 06:06:00+00:00,7517.0,7517.5,7516.5,7517.5,209
2026-07-27 06:07:00+00:00,7517.25,7517.75,7516.75,7517.5,484
2026-07-27 06:08:00+00:00,7517.75,7518.25,7517.5,7518.25,210
2026-07-27 06:09:00+00:00,7518.25,7519.5,7518.25,7519.25,346
2026-07-27 06:10:00+00:00,7519.5,7520.0,7519.0,7519.75,466
2026-07-27 06:11:00+00:00,7519.75,7520.0,7518.0,7518.0,308
2026-07-27 06:12:00+00:00,7517.75,7519.0,7517.75,7519.0,352
2026-07-27 06:13:00+00:00,7519.0,7519.0,7517.0,7517.0,158
2026-07-27 06:14:00+00:00,7517.25,7517.5,7516.75,7517.5,146
2026-07-27 06:15:00+00:00,7517.25,7517.25,7516.75,7517.0,113
2026-07-27 06:16:00+00:00,7517.0,7517.5,7516.75,7517.25,317
2026-07-27 06:17:00+00:00,7517.5,7518.25,7517.25,7517.5,179
2026-07-27 06:18:00+00:00,7517.5,7517.75,7517.25,7517.75,143
2026-07-27 06:19:00+00:00,7517.75,7518.25,7517.5,7517.75,98
2026-07-27 06:20:00+00:00,7518.0,7518.0,7516.75,7517.0,108
2026-07-27 06:21:00+00:00,7517.25,7517.25,7516.5,7516.5,136
2026-07-27 06:22:00+00:00,7516.25,7516.25,7515.5,7515.75,304
2026-07-27 06:23:00+00:00,7515.5,7515.5,7514.25,7514.5,399
2026-07-27 06:24:00+00:00,7514.75,7515.25,7514.0,7514.75,186
2026-07-27 06:25:00+00:00,7514.75,7515.25,7514.25,7514.5,179
2026-07-27 06:26:00+00:00,7514.75,7515.25,7514.5,7514.5,260
2026-07-27 06:27:00+00:00,7514.75,7515.0,7514.25,7514.25,113
2026-07-27 06:28:00+00:00,7514.25,7514.75,7514.25,7514.5,82
2026-07-27 06:29:00+00:00,7514.75,7515.0,7514.5,7515.0,54
2026-07-27 06:30:00+00:00,7514.75,7515.75,7514.5,7514.75,287
2026-07-27 06:31:00+00:00,7514.75,7515.75,7514.75,7515.75,165
2026-07-27 06:32:00+00:00,7515.5,7516.25,7515.5,7516.0,108
2026-07-27 06:33:00+00:00,7516.0,7516.75,7516.0,7516.75,236
2026-07-27 06:34:00+00:00,7516.5,7516.5,7515.0,7515.75,229
2026-07-27 06:35:00+00:00,7516.0,7516.5,7515.5,7515.5,131
2026-07-27 06:36:00+00:00,7515.5,7516.0,7515.0,7515.5,247
2026-07-27 06:37:00+00:00,7515.75,7516.25,7515.25,7516.25,159
2026-07-27 06:38:00+00:00,7516.25,7516.5,7515.25,7515.25,140
2026-07-27 06:39:00+00:00,7515.25,7515.5,7515.0,7515.25,111
2026-07-27 06:40:00+00:00,7515.0,7515.25,7514.0,7514.0,199
2026-07-27 06:41:00+00:00,7514.0,7514.25,7513.75,7514.0,191
2026-07-27 06:42:00+00:00,7513.75,7513.75,7513.0,7513.25,104
2026-07-27 06:43:00+00:00,7513.5,7513.5,7512.75,7513.5,95
2026-07-27 06:44:00+00:00,7513.75,7514.0,7513.25,7513.75,116
2026-07-27 06:45:00+00:00,7513.75,7513.75,7512.25,7512.75,332
2026-07-27 06:46:00+00:00,7513.0,7513.5,7512.5,7513.5,61
2026-07-27 06:47:00+00:00,7513.25,7514.0,7513.25,7513.5,73
2026-07-27 06:48:00+00:00,7513.5,7513.75,7513.5,7513.5,51
2026-07-27 06:49:00+00:00,7513.25,7513.5,7513.25,7513.25,64
2026-07-27 06:50:00+00:00,7513.5,7513.5,7511.25,7511.75,229
2026-07-27 06:51:00+00:00,7511.75,7512.5,7510.75,7512.5,370
2026-07-27 06:52:00+00:00,7512.75,7513.5,7512.5,7513.0,226
2026-07-27 06:53:00+00:00,7513.25,7513.25,7511.75,7511.75,167
2026-07-27 06:54:00+00:00,7511.75,7511.75,7510.75,7511.25,175
2026-07-27 06:55:00+00:00,7511.25,7511.75,7510.75,7511.5,212
2026-07-27 06:56:00+00:00,7511.5,7512.25,7511.5,7512.25,136
2026-07-27 06:57:00+00:00,7512.0,7513.0,7512.0,7513.0,304
2026-07-27 06:58:00+00:00,7513.0,7513.25,7512.5,7512.5,234
2026-07-27 06:59:00+00:00,7512.5,7512.75,7511.75,7511.75,243
2026-07-27 07:00:00+00:00,7511.75,7514.5,7511.0,7514.5,722
2026-07-27 07:01:00+00:00,7514.5,7516.5,7514.5,7515.25,693
2026-07-27 07:02:00+00:00,7515.25,7515.75,7514.0,7514.75,375
2026-07-27 07:03:00+00:00,7514.75,7516.0,7514.75,7515.0,291
2026-07-27 07:04:00+00:00,7515.0,7516.0,7514.5,7516.0,254
2026-07-27 07:05:00+00:00,7516.0,7516.0,7514.75,7515.25,404
2026-07-27 07:06:00+00:00,7515.25,7516.25,7515.25,7516.25,412
2026-07-27 07:07:00+00:00,7516.25,7516.25,7513.75,7513.75,298
2026-07-27 07:08:00+00:00,7513.75,7514.0,7512.25,7513.0,278
2026-07-27 07:09:00+00:00,7513.0,7515.25,7513.0,7514.0,171
2026-07-27 07:10:00+00:00,7514.0,7514.5,7513.75,7513.75,252
2026-07-27 07:11:00+00:00,7513.75,7514.75,7513.5,7514.75,204
2026-07-27 07:12:00+00:00,7514.5,7515.0,7513.75,7513.75,191
2026-07-27 07:13:00+00:00,7513.75,7514.75,7513.0,7514.5,497
2026-07-27 07:14:00+00:00,7514.75,7517.0,7514.75,7516.75,321
2026-07-27 07:15:00+00:00,7516.75,7516.75,7514.75,7515.25,248
2026-07-27 07:16:00+00:00,7515.5,7516.5,7515.25,7515.5,419
2026-07-27 07:17:00+00:00,7515.75,7516.0,7514.75,7515.25,181
2026-07-27 07:18:00+00:00,7515.25,7517.25,7515.0,7516.0,439
2026-07-27 07:19:00+00:00,7516.0,7517.0,7516.0,7516.25,299
2026-07-27 07:20:00+00:00,7516.5,7516.5,7515.5,7516.0,213
2026-07-27 07:21:00+00:00,7516.25,7516.75,7515.75,7516.0,156
2026-07-27 07:22:00+00:00,7516.25,7516.25,7515.5,7516.0,138
2026-07-27 07:23:00+00:00,7515.75,7516.25,7515.0,7515.25,135
2026-07-27 07:24:00+00:00,7515.0,7515.75,7515.0,7515.25,107
2026-07-27 07:25:00+00:00,7515.25,7515.5,7513.5,7513.5,256
2026-07-27 07:26:00+00:00,7513.5,7514.0,7513.0,7513.75,217
2026-07-27 07:27:00+00:00,7513.75,7513.75,7512.75,7513.0,218
2026-07-27 07:28:00+00:00,7513.0,7513.75,7513.0,7513.5,177
2026-07-27 07:29:00+00:00,7513.25,7514.25,7513.0,7513.0,161
2026-07-27 07:30:00+00:00,7513.0,7513.0,7510.25,7510.75,302
2026-07-27 07:31:00+00:00,7511.0,7511.5,7510.75,7511.5,271
2026-07-27 07:32:00+00:00,7511.5,7512.0,7511.0,7511.25,162
2026-07-27 07:33:00+00:00,7511.0,7511.75,7511.0,7511.75,116
2026-07-27 07:34:00+00:00,7511.5,7512.25,7511.5,7512.25,161
2026-07-27 07:35:00+00:00,7512.25,7513.0,7512.25,7512.25,168
2026-07-27 07:36:00+00:00,7512.25,7512.5,7511.75,7512.0,112
2026-07-27 07:37:00+00:00,7511.75,7512.75,7511.5,7511.75,179
2026-07-27 07:38:00+00:00,7511.5,7511.5,7508.75,7509.5,327
2026-07-27 07:39:00+00:00,7509.5,7510.25,7509.0,7510.0,284
2026-07-27 07:40:00+00:00,7509.75,7510.75,7509.5,7510.5,161
2026-07-27 07:41:00+00:00,7510.25,7510.75,7510.0,7510.75,121
2026-07-27 07:42:00+00:00,7510.75,7511.0,7510.0,7510.0,148
2026-07-27 07:43:00+00:00,7510.0,7510.25,7509.5,7509.5,189
2026-07-27 07:44:00+00:00,7509.5,7512.0,7509.25,7511.5,243
2026-07-27 07:45:00+00:00,7511.25,7512.0,7511.25,7511.5,211
2026-07-27 07:46:00+00:00,7511.5,7512.25,7509.25,7512.0,460
2026-07-27 07:47:00+00:00,7512.0,7512.0,7511.25,7511.25,122
2026-07-27 07:48:00+00:00,7511.25,7511.25,7510.5,7510.5,118
2026-07-27 07:49:00+00:00,7510.5,7512.25,7510.25,7512.0,250
2026-07-27 07:50:00+00:00,7512.0,7512.0,7511.0,7511.0,154
2026-07-27 07:51:00+00:00,7511.0,7512.0,7511.0,7512.0,100
2026-07-27 07:52:00+00:00,7511.75,7511.75,7510.0,7510.25,298
2026-07-27 07:53:00+00:00,7510.25,7511.5,7510.0,7510.5,193
2026-07-27 07:54:00+00:00,7510.5,7510.5,7509.0,7510.25,351
2026-07-27 07:55:00+00:00,7509.75,7511.0,7509.75,7509.75,232
2026-07-27 07:56:00+00:00,7509.75,7510.5,7509.5,7509.75,215
2026-07-27 07:57:00+00:00,7509.75,7510.75,7508.75,7508.75,254
2026-07-27 07:58:00+00:00,7508.75,7508.75,7506.75,7507.25,369
2026-07-27 07:59:00+00:00,7507.5,7507.5,7505.75,7505.75,497
2026-07-27 08:00:00+00:00,7505.75,7509.25,7505.5,7509.0,939
2026-07-27 08:01:00+00:00,7509.25,7510.0,7507.75,7508.75,417
2026-07-27 08:02:00+00:00,7508.5,7510.0,7508.25,7509.5,347
2026-07-27 08:03:00+00:00,7509.25,7510.0,7508.5,7509.0,234
2026-07-27 08:04:00+00:00,7509.5,7509.5,7507.75,7508.0,196
2026-07-27 08:05:00+00:00,7508.0,7509.25,7507.75,7508.75,218
2026-07-27 08:06:00+00:00,7508.75,7509.75,7508.25,7509.75,202
2026-07-27 08:07:00+00:00,7509.75,7511.25,7509.5,7511.0,723
2026-07-27 08:08:00+00:00,7511.0,7511.25,7510.0,7510.25,207
2026-07-27 08:09:00+00:00,7510.5,7510.75,7509.75,7510.5,256
2026-07-27 08:10:00+00:00,7510.75,7511.0,7509.5,7510.25,149
2026-07-27 08:11:00+00:00,7510.5,7511.0,7509.0,7509.25,207
2026-07-27 08:12:00+00:00,7509.5,7509.75,7508.75,7509.25,220
2026-07-27 08:13:00+00:00,7509.25,7510.5,7508.5,7510.5,411
2026-07-27 08:14:00+00:00,7510.25,7512.25,7510.0,7512.25,317
2026-07-27 08:15:00+00:00,7512.0,7512.0,7511.25,7511.25,171
2026-07-27 08:16:00+00:00,7511.0,7511.25,7509.75,7510.5,319
2026-07-27 08:17:00+00:00,7510.75,7512.0,7510.25,7512.0,140
2026-07-27 08:18:00+00:00,7511.75,7512.5,7511.25,7512.0,157
2026-07-27 08:19:00+00:00,7512.25,7513.75,7511.75,7512.25,393
2026-07-27 08:20:00+00:00,7512.5,7513.5,7512.25,7512.75,368
2026-07-27 08:21:00+00:00,7512.75,7513.0,7512.0,7512.25,211
2026-07-27 08:22:00+00:00,7512.25,7512.5,7511.75,7511.75,110
2026-07-27 08:23:00+00:00,7512.0,7513.0,7512.0,7513.0,88
2026-07-27 08:24:00+00:00,7513.0,7513.0,7512.0,7512.25,131
2026-07-27 08:25:00+00:00,7512.5,7513.25,7512.0,7512.5,167
2026-07-27 08:26:00+00:00,7512.75,7513.0,7512.25,7513.0,156
2026-07-27 08:27:00+00:00,7513.0,7514.25,7512.75,7513.25,202
2026-07-27 08:28:00+00:00,7513.0,7513.75,7512.75,7513.5,187
2026-07-27 08:29:00+00:00,7513.5,7515.75,7513.5,7514.75,398
2026-07-27 08:30:00+00:00,7515.0,7515.5,7514.5,7514.5,172
2026-07-27 08:31:00+00:00,7514.5,7515.0,7514.0,7514.75,178
2026-07-27 08:32:00+00:00,7514.75,7516.25,7514.75,7516.0,415
2026-07-27 08:33:00+00:00,7516.0,7516.25,7515.5,7516.0,378
2026-07-27 08:34:00+00:00,7516.0,7516.25,7514.25,7514.25,217
2026-07-27 08:35:00+00:00,7514.0,7514.25,7512.75,7514.25,246
2026-07-27 08:36:00+00:00,7514.5,7516.0,7514.5,7515.25,184
2026-07-27 08:37:00+00:00,7515.0,7515.5,7514.25,7514.75,154
2026-07-27 08:38:00+00:00,7514.75,7515.5,7514.25,7515.25,137
2026-07-27 08:39:00+00:00,7515.25,7516.0,7515.25,7515.75,163
2026-07-27 08:40:00+00:00,7515.75,7516.0,7515.5,7515.75,204
2026-07-27 08:41:00+00:00,7515.75,7517.25,7515.5,7517.25,175
2026-07-27 08:42:00+00:00,7517.0,7519.75,7517.0,7519.0,597
2026-07-27 08:43:00+00:00,7519.0,7519.25,7518.0,7518.25,254
2026-07-27 08:44:00+00:00,7518.25,7519.25,7518.25,7519.0,238
2026-07-27 08:45:00+00:00,7519.0,7519.5,7518.0,7518.0,205
2026-07-27 08:46:00+00:00,7518.0,7518.25,7517.25,7517.75,297
2026-07-27 08:47:00+00:00,7517.75,7518.0,7517.25,7517.5,212
2026-07-27 08:48:00+00:00,7517.5,7518.5,7517.5,7517.75,267
2026-07-27 08:49:00+00:00,7517.75,7518.0,7517.25,7517.5,95
2026-07-27 08:50:00+00:00,7517.5,7518.25,7517.5,7517.75,149
2026-07-27 08:51:00+00:00,7517.75,7518.25,7517.5,7517.75,114
2026-07-27 08:52:00+00:00,7517.75,7518.0,7517.5,7518.0,116
2026-07-27 08:53:00+00:00,7518.0,7518.25,7517.25,7518.0,167
2026-07-27 08:54:00+00:00,7517.75,7520.0,7517.75,7519.75,426
2026-07-27 08:55:00+00:00,7519.5,7520.0,7519.25,7519.5,186
2026-07-27 08:56:00+00:00,7519.5,7519.75,7518.0,7518.25,175
2026-07-27 08:57:00+00:00,7518.25,7519.75,7518.25,7519.75,281
2026-07-27 08:58:00+00:00,7519.75,7519.75,7519.25,7519.5,167
2026-07-27 08:59:00+00:00,7519.5,7519.5,7519.0,7519.25,153
2026-07-27 09:00:00+00:00,7519.25,7519.25,7516.5,7516.5,423
2026-07-27 09:01:00+00:00,7516.75,7517.25,7516.5,7517.25,113
2026-07-27 09:02:00+00:00,7517.25,7517.5,7516.75,7516.75,134
2026-07-27 09:03:00+00:00,7517.0,7517.25,7516.75,7517.25,156
2026-07-27 09:04:00+00:00,7517.25,7517.5,7517.0,7517.5,98
2026-07-27 09:05:00+00:00,7517.5,7517.75,7517.25,7517.5,188
2026-07-27 09:06:00+00:00,7517.5,7518.0,7517.25,7518.0,173
2026-07-27 09:07:00+00:00,7518.0,7518.0,7516.5,7517.5,223
2026-07-27 09:08:00+00:00,7517.75,7517.75,7516.75,7516.75,130
2026-07-27 09:09:00+00:00,7517.0,7517.5,7516.75,7516.75,178
2026-07-27 09:10:00+00:00,7516.75,7517.5,7516.5,7517.25,243
2026-07-27 09:11:00+00:00,7517.5,7517.75,7517.25,7517.75,95
2026-07-27 09:12:00+00:00,7517.75,7517.75,7517.5,7517.75,53
2026-07-27 09:13:00+00:00,7517.75,7518.0,7517.0,7517.5,135
2026-07-27 09:14:00+00:00,7517.5,7517.5,7516.5,7517.0,98
2026-07-27 09:15:00+00:00,7517.0,7517.5,7516.75,7517.5,91
2026-07-27 09:16:00+00:00,7517.25,7517.5,7516.75,7517.5,125
2026-07-27 09:17:00+00:00,7517.25,7517.25,7517.0,7517.0,88
2026-07-27 09:18:00+00:00,7517.0,7517.5,7516.5,7516.75,224
2026-07-27 09:19:00+00:00,7516.75,7517.25,7516.75,7516.75,77
2026-07-27 09:20:00+00:00,7516.75,7517.25,7516.5,7517.25,75
2026-07-27 09:21:00+00:00,7517.25,7518.75,7517.0,7518.75,144
2026-07-27 09:22:00+00:00,7518.5,7519.25,7517.75,7517.75,185
2026-07-27 09:23:00+00:00,7517.75,7518.5,7517.5,7518.5,111
2026-07-27 09:24:00+00:00,7518.5,7518.75,7518.25,7518.5,84
2026-07-27 09:25:00+00:00,7518.75,7519.5,7518.25,7519.0,207
2026-07-27 09:26:00+00:00,7519.0,7520.0,7518.75,7519.5,560
2026-07-27 09:27:00+00:00,7519.25,7520.0,7519.0,7519.25,204
2026-07-27 09:28:00+00:00,7519.0,7519.25,7518.0,7518.25,234
2026-07-27 09:29:00+00:00,7518.0,7518.25,7517.5,7517.75,128
2026-07-27 09:30:00+00:00,7517.75,7517.75,7517.0,7517.25,160
2026-07-27 09:31:00+00:00,7517.25,7518.5,7517.25,7517.75,199
2026-07-27 09:32:00+00:00,7518.0,7519.0,7518.0,7518.75,215
2026-07-27 09:33:00+00:00,7518.75,7518.75,7517.25,7517.75,195
2026-07-27 09:34:00+00:00,7517.75,7519.0,7517.75,7519.0,174
2026-07-27 09:35:00+00:00,7518.75,7519.75,7518.25,7519.5,148
2026-07-27 09:36:00+00:00,7519.25,7519.5,7518.75,7519.25,126
2026-07-27 09:37:00+00:00,7519.25,7521.0,7519.25,7520.75,386
2026-07-27 09:38:00+00:00,7520.75,7521.0,7519.0,7519.25,315
2026-07-27 09:39:00+00:00,7519.5,7520.25,7519.5,7520.25,184
2026-07-27 09:40:00+00:00,7520.5,7520.75,7520.25,7520.5,175
2026-07-27 09:41:00+00:00,7520.5,7520.5,7520.0,7520.0,77
2026-07-27 09:42:00+00:00,7520.25,7520.75,7519.75,7520.5,281
2026-07-27 09:43:00+00:00,7520.5,7521.75,7520.5,7521.75,222
2026-07-27 09:44:00+00:00,7521.75,7522.5,7521.5,7522.0,367
2026-07-27 09:45:00+00:00,7521.75,7522.0,7521.5,7521.75,156
2026-07-27 09:46:00+00:00,7521.75,7522.5,7521.5,7522.5,211
2026-07-27 09:47:00+00:00,7522.5,7523.25,7522.5,7522.75,374
2026-07-27 09:48:00+00:00,7523.0,7524.75,7522.75,7522.75,650
2026-07-27 09:49:00+00:00,7522.75,7524.0,7522.5,7523.75,204
2026-07-27 09:50:00+00:00,7523.75,7523.75,7523.0,7523.25,179
2026-07-27 09:51:00+00:00,7523.25,7523.75,7523.0,7523.0,231
2026-07-27 09:52:00+00:00,7523.0,7523.75,7522.75,7523.25,148
2026-07-27 09:53:00+00:00,7523.5,7523.75,7523.25,7523.75,183
2026-07-27 09:54:00+00:00,7523.25,7523.5,7523.0,7523.25,189
2026-07-27 09:55:00+00:00,7523.0,7523.0,7522.25,7522.5,116
2026-07-27 09:56:00+00:00,7522.5,7523.5,7522.25,7523.0,161
2026-07-27 09:57:00+00:00,7523.0,7523.0,7522.0,7522.0,101
2026-07-27 09:58:00+00:00,7522.0,7522.5,7522.0,7522.5,152
2026-07-27 09:59:00+00:00,7522.5,7523.0,7522.25,7522.25,134
2026-07-27 10:00:00+00:00,7522.25,7523.0,7521.75,7522.75,325
2026-07-27 10:01:00+00:00,7522.5,7523.0,7521.5,7522.75,246
2026-07-27 10:02:00+00:00,7522.75,7523.0,7522.75,7522.75,88
2026-07-27 10:03:00+00:00,7522.75,7523.25,7522.75,7523.0,64
2026-07-27 10:04:00+00:00,7523.0,7523.25,7522.25,7522.25,163
2026-07-27 10:05:00+00:00,7522.25,7522.5,7522.25,7522.5,91
2026-07-27 10:06:00+00:00,7522.5,7522.75,7522.0,7522.0,150
2026-07-27 10:07:00+00:00,7522.25,7522.5,7522.0,7522.0,72
2026-07-27 10:08:00+00:00,7522.5,7522.5,7522.0,7522.25,146
2026-07-27 10:09:00+00:00,7522.25,7522.25,7521.25,7521.5,193
2026-07-27 10:10:00+00:00,7521.5,7521.5,7519.25,7519.75,484
2026-07-27 10:11:00+00:00,7519.75,7520.0,7518.5,7518.75,384
2026-07-27 10:12:00+00:00,7518.75,7519.25,7518.75,7519.25,255
2026-07-27 10:13:00+00:00,7519.25,7520.25,7519.25,7519.75,141
2026-07-27 10:14:00+00:00,7520.0,7521.25,7519.75,7520.5,136
2026-07-27 10:15:00+00:00,7520.75,7521.25,7520.5,7520.75,114
2026-07-27 10:16:00+00:00,7521.0,7522.0,7521.0,7521.5,107
2026-07-27 10:17:00+00:00,7521.25,7521.75,7521.0,7521.0,145
2026-07-27 10:18:00+00:00,7521.0,7521.25,7520.0,7520.25,135
2026-07-27 10:19:00+00:00,7520.5,7521.0,7520.0,7520.75,101
2026-07-27 10:20:00+00:00,7521.0,7521.75,7521.0,7521.0,119
2026-07-27 10:21:00+00:00,7521.25,7521.5,7520.75,7520.75,172
2026-07-27 10:22:00+00:00,7521.0,7521.25,7520.75,7520.75,127
2026-07-27 10:23:00+00:00,7520.75,7520.75,7520.25,7520.5,78
2026-07-27 10:24:00+00:00,7520.5,7520.75,7520.0,7520.0,124
2026-07-27 10:25:00+00:00,7520.0,7520.5,7519.75,7520.25,83
2026-07-27 10:26:00+00:00,7520.25,7520.5,7520.0,7520.25,85
2026-07-27 10:27:00+00:00,7520.25,7521.25,7520.0,7521.25,209
2026-07-27 10:28:00+00:00,7521.5,7522.0,7521.0,7521.25,161
2026-07-27 10:29:00+00:00,7521.25,7521.25,7520.5,7520.75,87
2026-07-27 10:30:00+00:00,7521.0,7521.75,7520.75,7521.0,359
2026-07-27 10:31:00+00:00,7521.0,7521.0,7520.5,7520.75,96
2026-07-27 10:32:00+00:00,7520.75,7521.0,7520.5,7520.75,76
2026-07-27 10:33:00+00:00,7520.75,7520.75,7520.5,7520.5,31
2026-07-27 10:34:00+00:00,7520.5,7520.75,7520.5,7520.5,47
2026-07-27 10:35:00+00:00,7520.5,7520.75,7519.25,7519.75,400
2026-07-27 10:36:00+00:00,7519.75,7520.5,7519.75,7520.25,261
2026-07-27 10:37:00+00:00,7520.25,7520.25,7520.25,7520.25,58
2026-07-27 10:38:00+00:00,7520.25,7520.5,7520.0,7520.25,78
2026-07-27 10:39:00+00:00,7520.5,7521.5,7520.5,7521.25,114
2026-07-27 10:40:00+00:00,7521.0,7521.0,7520.25,7521.0,61
2026-07-27 10:41:00+00:00,7521.0,7521.25,7520.5,7520.75,99
2026-07-27 10:42:00+00:00,7521.0,7521.5,7521.0,7521.5,58
2026-07-27 10:43:00+00:00,7521.5,7522.75,7521.25,7522.5,246
2026-07-27 10:44:00+00:00,7522.5,7522.75,7522.0,7522.5,62
2026-07-27 10:45:00+00:00,7522.25,7522.75,7522.0,7522.5,141
2026-07-27 10:46:00+00:00,7522.25,7522.5,7522.0,7522.5,141
2026-07-27 10:47:00+00:00,7522.5,7522.75,7522.0,7522.0,96
2026-07-27 10:48:00+00:00,7522.0,7522.5,7521.75,7522.5,457
2026-07-27 10:49:00+00:00,7522.5,7522.75,7522.25,7522.75,114
2026-07-27 10:50:00+00:00,7522.75,7522.75,7522.25,7522.5,189
2026-07-27 10:51:00+00:00,7522.5,7522.75,7522.5,7522.5,125
2026-07-27 10:52:00+00:00,7522.5,7522.5,7522.25,7522.5,144
2026-07-27 10:53:00+00:00,7522.5,7523.0,7522.5,7523.0,147
2026-07-27 10:54:00+00:00,7522.75,7522.75,7522.5,7522.75,103
2026-07-27 10:55:00+00:00,7522.75,7524.25,7522.75,7523.25,345
2026-07-27 10:56:00+00:00,7523.5,7523.75,7522.25,7522.5,157
2026-07-27 10:57:00+00:00,7522.25,7522.5,7522.0,7522.25,150
2026-07-27 10:58:00+00:00,7522.25,7522.25,7521.5,7522.0,218
2026-07-27 10:59:00+00:00,7522.0,7522.25,7521.75,7521.75,166
2026-07-27 11:00:00+00:00,7521.75,7522.0,7520.5,7520.75,433
2026-07-27 11:01:00+00:00,7521.0,7521.25,7520.75,7521.0,160
2026-07-27 11:02:00+00:00,7520.75,7521.25,7520.0,7520.25,199
2026-07-27 11:03:00+00:00,7520.25,7520.25,7518.75,7519.25,326
2026-07-27 11:04:00+00:00,7519.25,7520.0,7519.25,7519.5,176
2026-07-27 11:05:00+00:00,7519.5,7519.5,7518.75,7519.25,180
2026-07-27 11:06:00+00:00,7519.25,7519.5,7518.75,7519.5,119
2026-07-27 11:07:00+00:00,7519.5,7519.5,7518.75,7519.0,183
2026-07-27 11:08:00+00:00,7519.0,7519.75,7519.0,7519.5,172
2026-07-27 11:09:00+00:00,7519.5,7519.5,7518.5,7518.75,153
2026-07-27 11:10:00+00:00,7518.5,7519.0,7518.25,7519.0,234
2026-07-27 11:11:00+00:00,7518.75,7519.75,7518.5,7518.5,183
2026-07-27 11:12:00+00:00,7518.5,7518.75,7517.5,7518.0,348
2026-07-27 11:13:00+00:00,7517.75,7517.75,7516.75,7517.5,235
2026-07-27 11:14:00+00:00,7517.25,7518.25,7517.0,7517.75,217
2026-07-27 11:15:00+00:00,7517.5,7518.0,7517.5,7518.0,139
2026-07-27 11:16:00+00:00,7518.0,7519.0,7518.0,7519.0,135
2026-07-27 11:17:00+00:00,7519.0,7519.25,7518.25,7519.0,173
2026-07-27 11:18:00+00:00,7519.0,7519.0,7517.25,7517.75,239
2026-07-27 11:19:00+00:00,7517.75,7517.75,7516.5,7516.5,272
2026-07-27 11:20:00+00:00,7516.5,7516.5,7515.75,7516.25,268
2026-07-27 11:21:00+00:00,7516.25,7516.5,7516.25,7516.5,169
2026-07-27 11:22:00+00:00,7516.25,7517.5,7516.25,7517.25,322
2026-07-27 11:23:00+00:00,7517.25,7517.5,7516.0,7516.0,269
2026-07-27 11:24:00+00:00,7516.0,7516.5,7515.75,7516.0,169
2026-07-27 11:25:00+00:00,7516.0,7517.0,7516.0,7516.75,133
2026-07-27 11:26:00+00:00,7517.0,7517.0,7514.25,7514.25,450
2026-07-27 11:27:00+00:00,7514.0,7514.75,7513.75,7513.75,243
2026-07-27 11:28:00+00:00,7514.0,7514.5,7513.5,7514.0,208
2026-07-27 11:29:00+00:00,7513.75,7514.5,7508.25,7509.0,1568
2026-07-27 11:30:00+00:00,7509.0,7514.0,7507.75,7513.25,1974
2026-07-27 11:31:00+00:00,7513.0,7514.75,7513.0,7514.75,405
2026-07-27 11:32:00+00:00,7514.75,7514.75,7512.0,7512.5,272
2026-07-27 11:33:00+00:00,7512.5,7512.75,7511.0,7512.25,500
2026-07-27 11:34:00+00:00,7512.25,7512.5,7511.75,7512.5,210
2026-07-27 11:35:00+00:00,7512.5,7513.5,7512.25,7512.75,266
2026-07-27 11:36:00+00:00,7513.0,7514.5,7513.0,7514.5,212
2026-07-27 11:37:00+00:00,7514.25,7515.0,7514.25,7514.75,116
2026-07-27 11:38:00+00:00,7514.5,7514.75,7514.0,7514.5,149
2026-07-27 11:39:00+00:00,7514.5,7515.0,7513.5,7514.25,265
2026-07-27 11:40:00+00:00,7514.25,7514.5,7513.5,7514.25,346
2026-07-27 11:41:00+00:00,7514.25,7514.25,7512.5,7513.25,338
2026-07-27 11:42:00+00:00,7513.25,7514.25,7513.25,7514.25,125
2026-07-27 11:43:00+00:00,7514.25,7514.5,7509.25,7512.5,1768
2026-07-27 11:44:00+00:00,7512.5,7513.0,7512.25,7512.25,154
2026-07-27 11:45:00+00:00,7512.25,7512.5,7512.0,7512.0,111
2026-07-27 11:46:00+00:00,7512.0,7512.25,7511.5,7512.25,121
2026-07-27 11:47:00+00:00,7512.25,7512.75,7512.25,7512.5,113
2026-07-27 11:48:00+00:00,7512.5,7512.75,7511.5,7512.0,128
2026-07-27 11:49:00+00:00,7512.25,7513.0,7512.0,7512.5,261
2026-07-27 11:50:00+00:00,7512.5,7513.25,7512.25,7513.25,162
2026-07-27 11:51:00+00:00,7513.0,7513.25,7512.75,7513.0,158
2026-07-27 11:52:00+00:00,7513.0,7513.0,7512.0,7512.0,214
2026-07-27 11:53:00+00:00,7512.0,7512.0,7511.25,7511.5,127
2026-07-27 11:54:00+00:00,7511.75,7512.25,7511.5,7511.5,238
2026-07-27 11:55:00+00:00,7511.5,7513.0,7511.5,7512.0,307
2026-07-27 11:56:00+00:00,7512.0,7512.5,7511.75,7512.25,85
2026-07-27 11:57:00+00:00,7512.25,7512.75,7512.0,7512.25,225
2026-07-27 11:58:00+00:00,7512.25,7512.5,7511.5,7512.5,330
2026-07-27 11:59:00+00:00,7512.25,7512.5,7511.25,7511.75,355
2026-07-27 12:00:00+00:00,7511.75,7514.25,7511.75,7512.75,662
2026-07-27 12:01:00+00:00,7512.75,7513.75,7512.5,7513.5,327
2026-07-27 12:02:00+00:00,7513.25,7514.0,7513.25,7514.0,248
2026-07-27 12:03:00+00:00,7514.0,7514.75,7513.5,7514.5,466
2026-07-27 12:04:00+00:00,7514.5,7515.25,7514.25,7514.5,478
2026-07-27 12:05:00+00:00,7514.5,7514.75,7513.0,7513.5,343
2026-07-27 12:06:00+00:00,7513.75,7514.75,7513.75,7514.5,200
2026-07-27 12:07:00+00:00,7514.5,7514.5,7514.0,7514.0,268
2026-07-27 12:08:00+00:00,7514.25,7514.5,7513.5,7513.5,254
2026-07-27 12:09:00+00:00,7513.75,7513.75,7512.5,7512.75,308
2026-07-27 12:10:00+00:00,7512.75,7512.75,7509.75,7509.75,562
2026-07-27 12:11:00+00:00,7510.0,7510.0,7507.75,7508.5,1058
2026-07-27 12:12:00+00:00,7508.5,7508.75,7507.75,7508.0,452
2026-07-27 12:13:00+00:00,7508.0,7508.0,7505.0,7506.0,798
2026-07-27 12:14:00+00:00,7505.75,7506.25,7504.5,7505.25,969
2026-07-27 12:15:00+00:00,7505.25,7506.75,7505.25,7506.25,359
2026-07-27 12:16:00+00:00,7506.0,7507.5,7505.5,7507.5,315
2026-07-27 12:17:00+00:00,7507.5,7507.75,7506.75,7506.75,213
2026-07-27 12:18:00+00:00,7506.75,7507.0,7506.25,7507.0,199
2026-07-27 12:19:00+00:00,7507.25,7507.75,7505.5,7506.25,470
2026-07-27 12:20:00+00:00,7506.25,7506.75,7505.5,7506.5,381
2026-07-27 12:21:00+00:00,7506.75,7507.0,7505.75,7505.75,232
2026-07-27 12:22:00+00:00,7506.0,7506.25,7505.0,7506.25,256
2026-07-27 12:23:00+00:00,7506.25,7508.25,7506.0,7507.5,566
2026-07-27 12:24:00+00:00,7507.5,7507.75,7507.25,7507.25,297
2026-07-27 12:25:00+00:00,7507.25,7508.75,7506.75,7508.5,327
2026-07-27 12:26:00+00:00,7508.5,7509.25,7507.25,7507.5,275
2026-07-27 12:27:00+00:00,7507.5,7509.25,7507.5,7509.0,258
2026-07-27 12:28:00+00:00,7509.25,7509.5,7508.75,7509.0,101
2026-07-27 12:29:00+00:00,7508.75,7509.0,7508.25,7508.25,72
2026-07-27 12:30:00+00:00,7508.25,7509.25,7507.0,7509.25,225
2026-07-27 12:31:00+00:00,7509.0,7509.5,7507.0,7507.5,861
2026-07-27 12:32:00+00:00,7507.5,7508.5,7506.5,7506.75,450
2026-07-27 12:33:00+00:00,7507.0,7508.0,7506.75,7507.5,217
2026-07-27 12:34:00+00:00,7507.75,7509.75,7507.75,7509.5,261
2026-07-27 12:35:00+00:00,7509.75,7511.0,7509.25,7510.25,345
2026-07-27 12:36:00+00:00,7510.25,7511.25,7510.25,7510.75,427
2026-07-27 12:37:00+00:00,7510.75,7511.5,7510.5,7510.5,198
2026-07-27 12:38:00+00:00,7510.5,7511.5,7510.5,7511.25,211
2026-07-27 12:39:00+00:00,7511.5,7511.75,7510.5,7510.75,406
2026-07-27 12:40:00+00:00,7510.75,7511.5,7509.75,7510.0,319
2026-07-27 12:41:00+00:00,7510.0,7510.5,7509.75,7510.5,155
2026-07-27 12:42:00+00:00,7510.25,7511.0,7510.0,7510.25,256
2026-07-27 12:43:00+00:00,7510.0,7511.0,7509.25,7510.75,288
2026-07-27 12:44:00+00:00,7511.0,7511.75,7510.5,7511.75,329
2026-07-27 12:45:00+00:00,7511.5,7513.0,7510.75,7512.5,546
2026-07-27 12:46:00+00:00,7512.5,7513.5,7512.5,7512.75,438
2026-07-27 12:47:00+00:00,7512.5,7513.5,7512.0,7513.0,329
2026-07-27 12:48:00+00:00,7513.0,7514.25,7512.75,7513.75,474
2026-07-27 12:49:00+00:00,7514.0,7514.0,7512.75,7513.75,471
2026-07-27 12:50:00+00:00,7513.75,7514.25,7513.0,7513.5,379
2026-07-27 12:51:00+00:00,7513.5,7513.5,7510.75,7512.5,1583
2026-07-27 12:52:00+00:00,7512.25,7513.5,7512.0,7513.25,682
2026-07-27 12:53:00+00:00,7513.0,7513.75,7513.0,7513.5,249
2026-07-27 12:54:00+00:00,7513.75,7514.0,7513.0,7513.75,383
2026-07-27 12:55:00+00:00,7513.5,7514.5,7513.5,7513.75,339
2026-07-27 12:56:00+00:00,7514.0,7514.25,7512.25,7512.75,326
2026-07-27 12:57:00+00:00,7512.5,7512.75,7511.5,7512.25,326
2026-07-27 12:58:00+00:00,7512.25,7512.75,7511.5,7512.5,257
2026-07-27 12:59:00+00:00,7512.25,7513.25,7511.75,7513.25,317
2026-07-27 13:00:00+00:00,7513.5,7514.5,7512.25,7512.5,1590
2026-07-27 13:01:00+00:00,7512.25,7512.25,7510.5,7511.25,658
2026-07-27 13:02:00+00:00,7511.25,7513.0,7511.0,7513.0,465
2026-07-27 13:03:00+00:00,7512.75,7513.5,7512.25,7512.75,262
2026-07-27 13:04:00+00:00,7512.75,7513.25,7512.5,7512.5,363
2026-07-27 13:05:00+00:00,7512.5,7512.5,7510.0,7510.75,823
2026-07-27 13:06:00+00:00,7510.75,7511.25,7510.0,7510.5,461
2026-07-27 13:07:00+00:00,7510.25,7511.0,7510.25,7510.75,514
2026-07-27 13:08:00+00:00,7510.75,7511.25,7510.25,7511.25,461
2026-07-27 13:09:00+00:00,7511.25,7512.75,7511.0,7512.75,418
2026-07-27 13:10:00+00:00,7512.75,7513.5,7511.75,7513.25,531
2026-07-27 13:11:00+00:00,7513.25,7514.5,7513.25,7514.25,377
2026-07-27 13:12:00+00:00,7514.5,7515.25,7513.75,7515.0,598
2026-07-27 13:13:00+00:00,7515.0,7515.0,7513.5,7514.0,372
2026-07-27 13:14:00+00:00,7513.75,7514.0,7512.0,7512.5,344
2026-07-27 13:15:00+00:00,7512.5,7514.0,7512.5,7513.0,479
2026-07-27 13:16:00+00:00,7513.0,7513.0,7511.5,7512.0,534
2026-07-27 13:17:00+00:00,7511.75,7513.0,7510.75,7512.75,1046
2026-07-27 13:18:00+00:00,7512.5,7512.5,7510.0,7510.5,496
2026-07-27 13:19:00+00:00,7510.25,7510.5,7508.5,7509.25,602
2026-07-27 13:20:00+00:00,7509.25,7509.75,7508.5,7509.5,515
2026-07-27 13:21:00+00:00,7509.25,7509.5,7508.75,7509.25,451
2026-07-27 13:22:00+00:00,7509.5,7510.25,7509.0,7510.0,417
2026-07-27 13:23:00+00:00,7510.0,7510.0,7509.5,7509.75,389
2026-07-27 13:24:00+00:00,7509.75,7509.75,7508.75,7509.0,282
2026-07-27 13:25:00+00:00,7509.0,7509.5,7508.0,7508.75,895
2026-07-27 13:26:00+00:00,7508.75,7511.25,7508.5,7511.0,923
2026-07-27 13:27:00+00:00,7511.0,7511.75,7510.5,7511.5,1052
2026-07-27 13:28:00+00:00,7511.5,7511.5,7509.5,7509.75,1123
2026-07-27 13:29:00+00:00,7509.75,7511.0,7507.0,7507.5,2095
2026-07-27 13:30:00+00:00,7507.75,7510.5,7505.25,7505.25,10806
2026-07-27 13:31:00+00:00,7505.0,7507.25,7502.75,7504.5,6294
2026-07-27 13:32:00+00:00,7504.75,7507.75,7502.25,7503.5,4974
2026-07-27 13:33:00+00:00,7503.5,7504.5,7498.0,7499.25,4924
2026-07-27 13:34:00+00:00,7499.5,7505.75,7498.0,7505.25,4435
2026-07-27 13:35:00+00:00,7505.25,7513.5,7504.25,7513.5,6036
2026-07-27 13:36:00+00:00,7513.25,7514.0,7510.5,7511.5,5304
2026-07-27 13:37:00+00:00,7511.25,7513.5,7510.75,7512.0,3791
2026-07-27 13:38:00+00:00,7512.0,7514.0,7509.75,7510.25,3672
2026-07-27 13:39:00+00:00,7510.5,7511.0,7507.75,7508.25,3831
2026-07-27 13:40:00+00:00,7508.5,7509.25,7504.75,7504.75,5049
2026-07-27 13:41:00+00:00,7505.0,7507.0,7503.25,7505.0,3677
2026-07-27 13:42:00+00:00,7504.75,7506.25,7498.0,7499.0,4630
2026-07-27 13:43:00+00:00,7499.0,7499.75,7493.0,7495.75,5460
2026-07-27 13:44:00+00:00,7495.75,7496.25,7492.5,7493.25,4905
2026-07-27 13:45:00+00:00,7493.5,7497.5,7492.75,7497.5,6865
2026-07-27 13:46:00+00:00,7497.25,7499.0,7490.75,7491.0,5881
2026-07-27 13:47:00+00:00,7491.0,7495.5,7490.25,7491.5,4834
2026-07-27 13:48:00+00:00,7491.75,7496.25,7490.75,7496.0,4177
2026-07-27 13:49:00+00:00,7496.0,7499.75,7495.5,7496.25,4033
2026-07-27 13:50:00+00:00,7496.5,7498.5,7495.25,7497.75,4343
2026-07-27 13:51:00+00:00,7497.5,7499.25,7494.75,7499.25,3057
2026-07-27 13:52:00+00:00,7499.25,7500.0,7494.75,7495.0,3503
2026-07-27 13:53:00+00:00,7495.0,7495.75,7492.0,7495.75,3044
2026-07-27 13:54:00+00:00,7495.75,7496.75,7491.5,7492.75,3281
2026-07-27 13:55:00+00:00,7492.5,7493.0,7488.75,7489.75,4110
2026-07-27 13:56:00+00:00,7489.5,7489.75,7485.25,7485.75,4940
2026-07-27 13:57:00+00:00,7485.5,7487.75,7481.75,7482.25,5676
2026-07-27 13:58:00+00:00,7482.25,7482.75,7476.25,7476.5,6732
2026-07-27 13:59:00+00:00,7476.25,7478.25,7473.75,7474.0,6559
2026-07-27 14:00:00+00:00,7474.0,7477.25,7469.75,7477.25,9387
2026-07-27 14:01:00+00:00,7477.25,7477.75,7470.25,7472.0,6260
2026-07-27 14:02:00+00:00,7472.25,7476.75,7471.0,7476.25,5677
2026-07-27 14:03:00+00:00,7476.25,7479.25,7473.75,7474.25,5976
2026-07-27 14:04:00+00:00,7474.25,7475.5,7472.25,7474.25,4227
2026-07-27 14:05:00+00:00,7474.5,7477.75,7473.5,7474.25,4739
2026-07-27 14:06:00+00:00,7474.25,7474.25,7470.0,7472.25,4596
2026-07-27 14:07:00+00:00,7472.25,7476.25,7471.75,7473.5,4480
2026-07-27 14:08:00+00:00,7473.5,7476.25,7473.25,7476.25,3506
2026-07-27 14:09:00+00:00,7476.25,7478.5,7475.25,7475.5,3740
2026-07-27 14:10:00+00:00,7475.5,7475.75,7467.0,7467.5,5687
2026-07-27 14:11:00+00:00,7467.5,7467.5,7462.5,7466.5,6408
2026-07-27 14:12:00+00:00,7466.5,7469.0,7464.5,7468.75,4659
2026-07-27 14:13:00+00:00,7468.75,7470.75,7464.0,7466.0,4433
2026-07-27 14:14:00+00:00,7466.0,7469.0,7465.0,7467.5,3677
2026-07-27 14:15:00+00:00,7467.5,7473.5,7467.0,7469.0,4925
2026-07-27 14:16:00+00:00,7469.25,7471.25,7468.25,7469.5,3903
2026-07-27 14:17:00+00:00,7469.5,7470.0,7464.75,7467.0,3876
2026-07-27 14:18:00+00:00,7467.0,7468.0,7463.25,7467.25,4542
2026-07-27 14:19:00+00:00,7467.25,7471.25,7466.75,7467.5,4546
2026-07-27 14:20:00+00:00,7467.5,7467.5,7461.25,7461.5,3999
2026-07-27 14:21:00+00:00,7461.5,7466.25,7460.75,7466.25,3632
2026-07-27 14:22:00+00:00,7466.25,7466.5,7459.75,7461.0,3952
2026-07-27 14:23:00+00:00,7461.0,7464.5,7456.25,7457.0,5048
2026-07-27 14:24:00+00:00,7457.25,7458.75,7454.0,7456.25,5840
2026-07-27 14:25:00+00:00,7456.25,7456.25,7452.0,7455.0,5153
2026-07-27 14:26:00+00:00,7455.0,7456.5,7452.75,7454.75,4647
2026-07-27 14:27:00+00:00,7455.0,7455.0,7450.25,7450.5,3894
2026-07-27 14:28:00+00:00,7450.25,7451.5,7447.0,7447.5,5452
2026-07-27 14:29:00+00:00,7447.25,7447.5,7439.75,7440.75,7003
2026-07-27 14:30:00+00:00,7441.0,7443.5,7436.0,7439.5,8030
2026-07-27 14:31:00+00:00,7439.75,7442.5,7438.25,7439.75,5171
2026-07-27 14:32:00+00:00,7439.75,7441.5,7437.25,7440.25,5067
2026-07-27 14:33:00+00:00,7440.5,7442.0,7437.5,7437.75,5070
2026-07-27 14:34:00+00:00,7437.5,7441.25,7435.25,7437.5,4996
2026-07-27 14:35:00+00:00,7437.25,7439.75,7433.0,7438.5,6313
2026-07-27 14:36:00+00:00,7438.5,7440.0,7431.75,7432.0,5265
2026-07-27 14:37:00+00:00,7432.0,7434.0,7428.75,7433.25,5253
2026-07-27 14:38:00+00:00,7433.25,7440.5,7433.0,7438.0,6318
2026-07-27 14:39:00+00:00,7438.25,7441.25,7437.0,7438.75,5584
2026-07-27 14:40:00+00:00,7438.75,7440.75,7432.0,7433.25,5646
2026-07-27 14:41:00+00:00,7433.5,7434.5,7424.0,7427.25,6486
2026-07-27 14:42:00+00:00,7427.5,7430.25,7425.75,7426.5,4894
2026-07-27 14:43:00+00:00,7426.75,7429.5,7423.0,7429.0,5472
2026-07-27 14:44:00+00:00,7429.25,7432.0,7424.25,7426.0,5016
2026-07-27 14:45:00+00:00,7426.0,7433.25,7426.0,7429.75,5828
2026-07-27 14:46:00+00:00,7429.5,7434.5,7428.25,7434.25,6182
2026-07-27 14:47:00+00:00,7434.25,7436.0,7431.25,7433.0,5769
2026-07-27 14:48:00+00:00,7433.25,7435.25,7431.75,7433.5,4705
2026-07-27 14:49:00+00:00,7433.5,7439.75,7433.0,7438.0,4680
2026-07-27 14:50:00+00:00,7438.0,7444.5,7437.5,7441.75,5590
2026-07-27 14:51:00+00:00,7441.75,7444.5,7440.5,7440.5,4941
2026-07-27 14:52:00+00:00,7440.75,7445.0,7437.0,7444.25,5557
2026-07-27 14:53:00+00:00,7444.25,7445.5,7441.75,7442.25,4149
2026-07-27 14:54:00+00:00,7442.5,7446.25,7441.75,7444.0,3495
2026-07-27 14:55:00+00:00,7444.0,7448.25,7441.75,7447.75,3826
2026-07-27 14:56:00+00:00,7447.5,7449.75,7445.75,7448.75,3431
2026-07-27 14:57:00+00:00,7448.75,7451.25,7448.75,7449.25,3418
2026-07-27 14:58:00+00:00,7449.5,7453.0,7448.5,7452.75,3231
2026-07-27 14:59:00+00:00,7452.75,7457.25,7452.25,7455.5,4630
2026-07-27 15:00:00+00:00,7455.75,7457.75,7451.25,7456.5,6208
2026-07-27 15:01:00+00:00,7456.25,7456.5,7454.25,7455.0,3374
2026-07-27 15:02:00+00:00,7455.25,7458.25,7452.75,7454.0,3675
2026-07-27 15:03:00+00:00,7454.0,7457.0,7453.0,7453.5,3187
2026-07-27 15:04:00+00:00,7453.5,7456.5,7452.75,7455.75,3071
2026-07-27 15:05:00+00:00,7455.75,7461.5,7455.0,7460.75,4171
2026-07-27 15:06:00+00:00,7460.75,7461.75,7455.75,7456.0,3519
2026-07-27 15:07:00+00:00,7456.0,7459.25,7453.25,7457.5,2639
2026-07-27 15:08:00+00:00,7457.5,7459.0,7454.5,7455.75,2392
2026-07-27 15:09:00+00:00,7455.75,7456.0,7450.5,7451.0,2828
2026-07-27 15:10:00+00:00,7451.0,7454.5,7449.5,7451.25,4124
2026-07-27 15:11:00+00:00,7451.5,7455.75,7450.5,7453.0,3610
2026-07-27 15:12:00+00:00,7453.25,7457.0,7452.75,7453.75,2881
2026-07-27 15:13:00+00:00,7453.75,7456.5,7452.25,7455.0,2858
2026-07-27 15:14:00+00:00,7455.0,7458.0,7452.25,7452.25,3174
2026-07-27 15:15:00+00:00,7452.25,7453.5,7446.25,7446.75,4469
2026-07-27 15:16:00+00:00,7446.75,7448.25,7445.25,7446.25,3296
2026-07-27 15:17:00+00:00,7446.25,7446.5,7442.5,7443.25,2818
2026-07-27 15:18:00+00:00,7443.25,7443.75,7437.5,7442.75,3889
2026-07-27 15:19:00+00:00,7442.75,7446.75,7441.75,7446.75,3080
2026-07-27 15:20:00+00:00,7446.5,7450.5,7445.5,7449.75,3892
2026-07-27 15:21:00+00:00,7449.5,7451.75,7446.0,7446.0,3294
2026-07-27 15:22:00+00:00,7446.25,7450.0,7444.5,7447.75,3057
2026-07-27 15:23:00+00:00,7448.0,7448.0,7440.0,7441.0,2899
2026-07-27 15:24:00+00:00,7441.0,7441.5,7438.5,7440.0,2826
2026-07-27 15:25:00+00:00,7440.0,7441.75,7438.5,7439.75,3269
2026-07-27 15:26:00+00:00,7439.75,7442.75,7439.0,7442.0,2499
2026-07-27 15:27:00+00:00,7441.75,7443.75,7439.5,7439.75,3025
2026-07-27 15:28:00+00:00,7440.0,7440.25,7436.75,7438.75,2431
2026-07-27 15:29:00+00:00,7438.75,7442.0,7438.5,7441.0,2516
2026-07-27 15:30:00+00:00,7441.0,7441.5,7437.0,7437.75,3026
2026-07-27 15:31:00+00:00,7438.0,7441.25,7435.75,7435.75,2874
2026-07-27 15:32:00+00:00,7436.0,7438.0,7432.75,7433.0,3706
2026-07-27 15:33:00+00:00,7433.0,7434.5,7431.25,7433.0,3316
2026-07-27 15:34:00+00:00,7433.0,7434.75,7431.5,7432.25,2506
2026-07-27 15:35:00+00:00,7432.25,7433.25,7428.5,7429.0,3995
2026-07-27 15:36:00+00:00,7429.0,7430.75,7426.5,7426.5,2978
2026-07-27 15:37:00+00:00,7426.75,7427.0,7422.5,7423.0,3312
2026-07-27 15:38:00+00:00,7423.0,7426.75,7421.25,7425.75,3377
2026-07-27 15:39:00+00:00,7426.0,7429.0,7426.0,7427.5,3612
2026-07-27 15:40:00+00:00,7427.75,7429.25,7424.25,7426.25,3408
2026-07-27 15:41:00+00:00,7426.5,7429.0,7425.5,7428.0,3147
2026-07-27 15:42:00+00:00,7428.25,7432.25,7428.0,7432.0,3285
2026-07-27 15:43:00+00:00,7432.0,7433.25,7427.75,7428.25,2819
2026-07-27 15:44:00+00:00,7428.25,7432.75,7428.25,7432.5,2342
2026-07-27 15:45:00+00:00,7432.5,7433.75,7428.0,7428.5,2604
2026-07-27 15:46:00+00:00,7428.25,7431.25,7427.75,7429.0,2229
2026-07-27 15:47:00+00:00,7429.0,7430.5,7424.75,7426.25,2111
2026-07-27 15:48:00+00:00,7426.5,7430.75,7426.5,7427.5,2318
2026-07-27 15:49:00+00:00,7427.25,7427.75,7425.25,7427.0,2127
2026-07-27 15:50:00+00:00,7427.0,7429.0,7425.25,7428.25,2162
2026-07-27 15:51:00+00:00,7428.25,7432.25,7428.0,7430.0,2423
2026-07-27 15:52:00+00:00,7429.75,7431.0,7426.5,7427.25,1920
2026-07-27 15:53:00+00:00,7427.0,7428.25,7425.0,7428.0,1743
2026-07-27 15:54:00+00:00,7428.25,7429.5,7427.0,7428.75,2003
2026-07-27 15:55:00+00:00,7428.5,7431.75,7427.5,7431.5,2080
2026-07-27 15:56:00+00:00,7431.25,7433.25,7430.25,7431.25,2295
2026-07-27 15:57:00+00:00,7431.25,7434.5,7430.25,7433.0,2150
2026-07-27 15:58:00+00:00,7432.75,7433.25,7428.5,7431.75,2035
2026-07-27 15:59:00+00:00,7431.75,7434.5,7431.5,7433.0,1982
2026-07-27 16:00:00+00:00,7433.0,7436.75,7432.5,7433.5,2974
2026-07-27 16:01:00+00:00,7433.5,7435.25,7432.25,7433.75,2092
2026-07-27 16:02:00+00:00,7433.75,7435.0,7431.75,7433.25,1845
2026-07-27 16:03:00+00:00,7433.0,7436.0,7433.0,7435.5,1616
2026-07-27 16:04:00+00:00,7435.75,7439.75,7435.5,7439.5,2512
2026-07-27 16:05:00+00:00,7439.5,7441.75,7439.25,7439.5,2624
2026-07-27 16:06:00+00:00,7439.5,7440.25,7435.25,7438.0,2318
2026-07-27 16:07:00+00:00,7438.25,7438.75,7435.75,7437.25,2027
2026-07-27 16:08:00+00:00,7437.25,7440.5,7436.0,7439.5,1653
2026-07-27 16:09:00+00:00,7439.5,7441.75,7438.25,7441.25,1665
2026-07-27 16:10:00+00:00,7441.25,7444.5,7441.25,7444.25,2132
2026-07-27 16:11:00+00:00,7444.25,7445.25,7442.0,7442.75,2219
2026-07-27 16:12:00+00:00,7442.75,7444.5,7441.5,7442.0,2122
2026-07-27 16:13:00+00:00,7442.25,7442.5,7435.5,7436.0,2583
2026-07-27 16:14:00+00:00,7435.75,7436.75,7431.75,7432.75,2972
2026-07-27 16:15:00+00:00,7432.5,7433.25,7430.75,7431.75,2330
2026-07-27 16:16:00+00:00,7431.75,7432.0,7426.75,7428.25,2908
2026-07-27 16:17:00+00:00,7428.5,7431.0,7427.75,7430.25,1756
2026-07-27 16:18:00+00:00,7430.25,7432.75,7430.0,7432.0,1950
2026-07-27 16:19:00+00:00,7432.25,7433.0,7429.5,7431.0,1676
2026-07-27 16:20:00+00:00,7431.25,7433.5,7428.75,7432.5,1876
2026-07-27 16:21:00+00:00,7432.5,7436.25,7430.75,7431.25,2229
2026-07-27 16:22:00+00:00,7431.25,7433.5,7429.5,7433.25,1709
2026-07-27 16:23:00+00:00,7433.0,7433.75,7430.25,7433.5,1803
2026-07-27 16:24:00+00:00,7433.75,7436.5,7433.0,7435.75,1858
2026-07-27 16:25:00+00:00,7436.0,7454.5,7435.25,7453.5,15919
2026-07-27 16:26:00+00:00,7453.5,7455.25,7445.5,7446.75,7350
2026-07-27 16:27:00+00:00,7446.5,7451.0,7446.0,7450.0,3354
2026-07-27 16:28:00+00:00,7450.0,7453.0,7446.75,7447.75,3506
2026-07-27 16:29:00+00:00,7448.0,7448.5,7443.75,7445.5,2599
2026-07-27 16:30:00+00:00,7445.5,7450.25,7444.5,7448.25,3037
2026-07-27 16:31:00+00:00,7448.25,7451.5,7448.0,7450.75,2138
2026-07-27 16:32:00+00:00,7450.5,7450.75,7445.5,7446.75,2564
2026-07-27 16:33:00+00:00,7446.75,7447.25,7442.0,7444.5,2469
2026-07-27 16:34:00+00:00,7444.75,7447.5,7444.25,7447.5,1993
2026-07-27 16:35:00+00:00,7447.25,7448.5,7444.75,7445.0,1554
2026-07-27 16:36:00+00:00,7445.25,7448.5,7442.5,7448.5,1969
2026-07-27 16:37:00+00:00,7448.5,7452.0,7446.5,7446.5,2563
2026-07-27 16:38:00+00:00,7446.5,7450.0,7445.75,7448.75,1974
2026-07-27 16:39:00+00:00,7449.0,7449.0,7446.25,7447.75,1433
2026-07-27 16:40:00+00:00,7447.75,7449.25,7447.25,7449.0,1458
2026-07-27 16:41:00+00:00,7449.25,7449.25,7444.5,7445.0,1657
2026-07-27 16:42:00+00:00,7445.0,7446.0,7443.5,7444.0,1685
2026-07-27 16:43:00+00:00,7444.0,7444.25,7440.5,7441.0,1807
2026-07-27 16:44:00+00:00,7441.0,7442.0,7438.25,7441.5,1924
2026-07-27 16:45:00+00:00,7441.5,7443.0,7440.75,7441.75,1510
2026-07-27 16:46:00+00:00,7442.0,7444.5,7441.75,7443.75,2206
2026-07-27 16:47:00+00:00,7443.75,7446.25,7443.25,7443.75,1512
2026-07-27 16:48:00+00:00,7443.75,7445.25,7440.25,7441.5,1440
2026-07-27 16:49:00+00:00,7441.5,7442.75,7438.75,7438.75,1451
2026-07-27 16:50:00+00:00,7439.0,7439.0,7433.5,7433.75,3343
2026-07-27 16:51:00+00:00,7433.5,7434.75,7432.0,7432.75,2585
2026-07-27 16:52:00+00:00,7432.75,7433.5,7429.25,7430.25,2785
2026-07-27 16:53:00+00:00,7430.0,7430.25,7427.75,7428.75,1873
2026-07-27 16:54:00+00:00,7428.75,7430.0,7427.75,7429.25,1981
2026-07-27 16:55:00+00:00,7429.25,7429.5,7424.25,7425.25,3042
2026-07-27 16:56:00+00:00,7425.25,7428.25,7425.25,7427.75,2658
2026-07-27 16:57:00+00:00,7427.5,7429.0,7426.0,7427.25,2922
2026-07-27 16:58:00+00:00,7427.25,7429.0,7427.0,7428.5,1996
2026-07-27 16:59:00+00:00,7428.25,7429.25,7425.75,7428.0,2115
2026-07-27 17:00:00+00:00,7428.25,7429.0,7425.5,7428.25,2110
2026-07-27 17:01:00+00:00,7428.25,7428.75,7424.0,7424.5,1637
2026-07-27 17:02:00+00:00,7424.5,7424.5,7419.0,7420.5,4532
2026-07-27 17:03:00+00:00,7420.5,7420.75,7418.75,7420.75,2979
2026-07-27 17:04:00+00:00,7420.75,7422.0,7418.75,7419.75,2540
2026-07-27 17:05:00+00:00,7419.75,7421.5,7418.5,7420.0,2091
2026-07-27 17:06:00+00:00,7420.0,7422.0,7418.75,7421.25,2520
2026-07-27 17:07:00+00:00,7421.25,7423.25,7420.75,7423.25,2294
2026-07-27 17:08:00+00:00,7423.25,7423.75,7420.75,7421.5,1930
2026-07-27 17:09:00+00:00,7421.5,7423.25,7420.5,7421.5,1631
2026-07-27 17:10:00+00:00,7421.5,7422.5,7420.5,7422.25,1813
2026-07-27 17:11:00+00:00,7422.0,7422.5,7420.0,7420.75,1845
2026-07-27 17:12:00+00:00,7420.5,7424.75,7419.75,7424.25,2922
2026-07-27 17:13:00+00:00,7424.5,7425.5,7423.0,7424.0,1981
2026-07-27 17:14:00+00:00,7424.0,7425.5,7423.75,7424.25,1474
2026-07-27 17:15:00+00:00,7424.5,7425.25,7422.75,7425.0,1632
2026-07-27 17:16:00+00:00,7425.0,7425.5,7421.0,7421.75,1930
2026-07-27 17:17:00+00:00,7421.5,7421.75,7417.25,7418.75,2491
2026-07-27 17:18:00+00:00,7418.5,7418.75,7416.25,7417.75,1882
2026-07-27 17:19:00+00:00,7417.75,7420.25,7417.25,7420.25,1811
2026-07-27 17:20:00+00:00,7420.0,7425.25,7418.75,7425.0,2114
2026-07-27 17:21:00+00:00,7425.0,7425.5,7423.0,7423.25,1521
2026-07-27 17:22:00+00:00,7423.0,7425.75,7422.0,7424.0,1246
2026-07-27 17:23:00+00:00,7423.75,7425.0,7420.75,7421.0,1443
2026-07-27 17:24:00+00:00,7420.75,7422.0,7420.25,7421.75,1156
2026-07-27 17:25:00+00:00,7422.0,7422.5,7420.75,7421.5,943
2026-07-27 17:26:00+00:00,7421.25,7423.0,7420.0,7423.0,1448
2026-07-27 17:27:00+00:00,7422.75,7424.5,7422.25,7422.5,1261
2026-07-27 17:28:00+00:00,7422.5,7424.0,7422.0,7423.25,1033
2026-07-27 17:29:00+00:00,7423.25,7423.75,7419.75,7420.0,1425
2026-07-27 17:30:00+00:00,7420.0,7421.5,7419.75,7421.5,1380
2026-07-27 17:31:00+00:00,7421.25,7423.75,7420.75,7422.5,1738
2026-07-27 17:32:00+00:00,7422.5,7427.25,7421.5,7427.0,2059
2026-07-27 17:33:00+00:00,7426.75,7429.0,7426.25,7429.0,2081
2026-07-27 17:34:00+00:00,7428.75,7430.0,7427.5,7429.5,1751
2026-07-27 17:35:00+00:00,7429.5,7430.75,7428.0,7428.75,1863
2026-07-27 17:36:00+00:00,7428.75,7429.5,7426.5,7426.5,1432
2026-07-27 17:37:00+00:00,7426.75,7427.5,7424.25,7424.5,1926
2026-07-27 17:38:00+00:00,7424.25,7428.5,7423.25,7427.75,1389
2026-07-27 17:39:00+00:00,7427.5,7427.75,7424.75,7424.75,1101
2026-07-27 17:40:00+00:00,7424.5,7425.25,7422.75,7423.0,1408
2026-07-27 17:41:00+00:00,7423.0,7426.5,7423.0,7426.25,1404
2026-07-27 17:42:00+00:00,7426.25,7426.75,7423.25,7423.75,1108
2026-07-27 17:43:00+00:00,7423.75,7425.75,7422.75,7425.5,1209
2026-07-27 17:44:00+00:00,7425.5,7426.25,7424.0,7426.0,866
2026-07-27 17:45:00+00:00,7426.0,7426.5,7423.25,7424.5,961
2026-07-27 17:46:00+00:00,7424.5,7429.25,7424.5,7427.0,1668
2026-07-27 17:47:00+00:00,7427.0,7428.5,7426.25,7427.0,1037
2026-07-27 17:48:00+00:00,7426.75,7429.0,7425.0,7425.75,1221
2026-07-27 17:49:00+00:00,7425.5,7427.0,7425.0,7425.25,873
2026-07-27 17:50:00+00:00,7425.25,7427.75,7424.5,7426.75,1064
2026-07-27 17:51:00+00:00,7427.0,7427.25,7425.25,7426.75,893
2026-07-27 17:52:00+00:00,7426.75,7430.75,7426.25,7430.5,1417
2026-07-27 17:53:00+00:00,7430.5,7431.5,7429.0,7430.5,1327
2026-07-27 17:54:00+00:00,7430.5,7433.5,7430.25,7433.0,1881
2026-07-27 17:55:00+00:00,7432.75,7434.5,7430.75,7432.0,2324
2026-07-27 17:56:00+00:00,7432.0,7435.25,7431.5,7434.75,1655
2026-07-27 17:57:00+00:00,7435.0,7435.75,7433.0,7433.0,1489
2026-07-27 17:58:00+00:00,7433.0,7435.25,7433.0,7434.25,1320
2026-07-27 17:59:00+00:00,7434.25,7436.5,7434.0,7436.0,1911
2026-07-27 18:00:00+00:00,7436.25,7437.25,7434.25,7434.25,2222
2026-07-27 18:01:00+00:00,7434.25,7437.5,7434.25,7434.75,2043
2026-07-27 18:02:00+00:00,7434.75,7435.75,7433.25,7433.75,1646
2026-07-27 18:03:00+00:00,7434.0,7436.75,7433.0,7436.5,1582
2026-07-27 18:04:00+00:00,7436.75,7437.25,7433.75,7433.75,1615
2026-07-27 18:05:00+00:00,7434.0,7436.25,7432.5,7436.25,1622
2026-07-27 18:06:00+00:00,7436.0,7437.5,7433.75,7434.0,1400
2026-07-27 18:07:00+00:00,7434.25,7436.5,7434.25,7435.5,962
2026-07-27 18:08:00+00:00,7435.25,7436.0,7434.0,7434.75,1106
2026-07-27 18:09:00+00:00,7434.75,7435.75,7434.25,7434.75,918
2026-07-27 18:10:00+00:00,7435.0,7436.0,7434.25,7435.0,1277
2026-07-27 18:11:00+00:00,7435.0,7436.5,7434.5,7434.5,1337
2026-07-27 18:12:00+00:00,7434.75,7436.5,7434.5,7435.75,1241
2026-07-27 18:13:00+00:00,7435.75,7437.0,7435.25,7436.5,1490
2026-07-27 18:14:00+00:00,7436.5,7437.25,7435.5,7435.5,1432
2026-07-27 18:15:00+00:00,7435.5,7436.25,7429.75,7430.75,3418
2026-07-27 18:16:00+00:00,7430.75,7431.75,7428.5,7429.25,1957
2026-07-27 18:17:00+00:00,7429.5,7431.0,7428.0,7430.25,1721
2026-07-27 18:18:00+00:00,7430.5,7431.75,7429.5,7431.5,1143
2026-07-27 18:19:00+00:00,7431.25,7432.75,7429.75,7430.0,1420
2026-07-27 18:20:00+00:00,7430.0,7431.25,7429.25,7430.0,1072
2026-07-27 18:21:00+00:00,7430.25,7431.5,7429.25,7430.5,1086
2026-07-27 18:22:00+00:00,7430.5,7430.75,7429.0,7429.25,1006
2026-07-27 18:23:00+00:00,7429.25,7432.5,7428.75,7430.0,1159
2026-07-27 18:24:00+00:00,7430.25,7435.0,7430.25,7433.5,1463
2026-07-27 18:25:00+00:00,7433.5,7435.75,7433.5,7433.75,1317
2026-07-27 18:26:00+00:00,7433.75,7435.75,7433.25,7433.75,905
2026-07-27 18:27:00+00:00,7434.0,7434.25,7432.75,7433.0,957
2026-07-27 18:28:00+00:00,7433.25,7434.75,7432.75,7433.0,1214
2026-07-27 18:29:00+00:00,7433.0,7435.0,7432.25,7434.25,925
2026-07-27 18:30:00+00:00,7434.25,7434.5,7429.5,7430.75,1677
2026-07-27 18:31:00+00:00,7430.75,7431.5,7428.25,7428.25,1577
2026-07-27 18:32:00+00:00,7428.25,7430.25,7427.25,7429.75,1403
2026-07-27 18:33:00+00:00,7429.75,7430.25,7428.75,7429.0,906
2026-07-27 18:34:00+00:00,7429.0,7429.25,7426.25,7426.75,1409
2026-07-27 18:35:00+00:00,7426.75,7428.0,7425.5,7427.75,1788
2026-07-27 18:36:00+00:00,7427.75,7428.75,7426.5,7427.75,1163
2026-07-27 18:37:00+00:00,7427.75,7428.5,7426.25,7427.5,1137
2026-07-27 18:38:00+00:00,7427.5,7428.0,7425.75,7425.75,1072
2026-07-27 18:39:00+00:00,7425.75,7426.25,7425.0,7425.75,1401
2026-07-27 18:40:00+00:00,7425.75,7426.25,7424.0,7424.75,1916
2026-07-27 18:41:00+00:00,7425.0,7433.75,7424.5,7430.0,11276
2026-07-27 18:42:00+00:00,7430.0,7431.75,7429.5,7429.5,1927
2026-07-27 18:43:00+00:00,7429.75,7433.25,7428.0,7432.5,1694
2026-07-27 18:44:00+00:00,7432.75,7434.0,7431.5,7432.5,1446
2026-07-27 18:45:00+00:00,7432.75,7435.0,7432.5,7433.25,1814
2026-07-27 18:46:00+00:00,7433.5,7434.75,7432.75,7433.25,1218
2026-07-27 18:47:00+00:00,7433.25,7433.75,7431.25,7433.25,1245
2026-07-27 18:48:00+00:00,7433.25,7435.0,7432.25,7434.5,847
2026-07-27 18:49:00+00:00,7434.75,7435.25,7431.25,7431.75,1144
2026-07-27 18:50:00+00:00,7431.75,7434.25,7431.5,7433.75,1612
2026-07-27 18:51:00+00:00,7433.75,7436.5,7433.0,7435.75,1846
2026-07-27 18:52:00+00:00,7435.75,7443.0,7435.25,7441.5,4222
2026-07-27 18:53:00+00:00,7441.5,7444.5,7441.0,7444.5,2913
2026-07-27 18:54:00+00:00,7444.25,7444.5,7442.75,7443.5,2397
2026-07-27 18:55:00+00:00,7443.25,7450.5,7443.25,7448.75,4690
2026-07-27 18:56:00+00:00,7449.0,7449.5,7446.0,7446.25,3610
2026-07-27 18:57:00+00:00,7446.25,7447.75,7444.25,7446.0,3086
2026-07-27 18:58:00+00:00,7446.0,7447.75,7443.25,7447.5,3309
2026-07-27 18:59:00+00:00,7447.5,7449.0,7446.5,7448.75,2014
2026-07-27 19:00:00+00:00,7448.75,7449.25,7446.25,7446.5,2721
2026-07-27 19:01:00+00:00,7446.5,7448.5,7445.75,7447.75,2075
2026-07-27 19:02:00+00:00,7447.75,7449.75,7446.75,7447.0,1868
2026-07-27 19:03:00+00:00,7447.0,7448.5,7445.5,7446.5,1698
2026-07-27 19:04:00+00:00,7446.5,7447.75,7443.5,7443.75,2180
2026-07-27 19:05:00+00:00,7443.5,7444.75,7442.75,7443.75,1829
2026-07-27 19:06:00+00:00,7444.0,7448.75,7443.0,7448.75,1919
2026-07-27 19:07:00+00:00,7448.75,7451.25,7448.5,7451.0,2347
2026-07-27 19:08:00+00:00,7451.0,7451.5,7449.5,7450.25,2325
2026-07-27 19:09:00+00:00,7450.25,7452.0,7450.0,7451.0,2268
2026-07-27 19:10:00+00:00,7451.0,7454.0,7451.0,7452.5,2245
2026-07-27 19:11:00+00:00,7452.25,7452.5,7449.5,7450.25,1975
2026-07-27 19:12:00+00:00,7450.5,7451.5,7448.75,7448.75,1382
2026-07-27 19:13:00+00:00,7448.75,7449.75,7447.25,7448.0,1669
2026-07-27 19:14:00+00:00,7448.0,7449.5,7447.5,7448.75,1229
2026-07-27 19:15:00+00:00,7448.75,7450.0,7448.75,7449.5,1089
2026-07-27 19:16:00+00:00,7449.5,7451.75,7449.25,7450.5,1357
2026-07-27 19:17:00+00:00,7450.25,7451.5,7449.75,7451.25,1082
2026-07-27 19:18:00+00:00,7451.25,7452.5,7451.0,7452.0,1310
2026-07-27 19:19:00+00:00,7452.0,7453.0,7451.25,7453.0,1488
2026-07-27 19:20:00+00:00,7453.25,7455.0,7452.75,7453.75,2385
2026-07-27 19:21:00+00:00,7453.75,7454.0,7451.5,7452.0,1684
2026-07-27 19:22:00+00:00,7451.75,7454.0,7451.25,7454.0,1353
2026-07-27 19:23:00+00:00,7454.0,7455.75,7453.25,7453.5,1916
2026-07-27 19:24:00+00:00,7453.25,7454.5,7453.0,7454.5,1216
2026-07-27 19:25:00+00:00,7454.25,7455.25,7451.5,7452.75,1914
2026-07-27 19:26:00+00:00,7452.75,7453.0,7451.5,7452.75,1446
2026-07-27 19:27:00+00:00,7452.5,7454.5,7451.75,7454.25,1183
2026-07-27 19:28:00+00:00,7454.25,7454.5,7452.0,7452.75,1207
2026-07-27 19:29:00+00:00,7452.75,7454.75,7452.5,7454.75,1208
2026-07-27 19:30:00+00:00,7454.5,7455.5,7453.0,7454.75,2807
2026-07-27 19:31:00+00:00,7454.5,7455.75,7454.0,7455.0,1646
2026-07-27 19:32:00+00:00,7454.75,7455.25,7453.5,7454.5,1563
2026-07-27 19:33:00+00:00,7454.5,7456.0,7452.75,7456.0,1918
2026-07-27 19:34:00+00:00,7455.75,7456.75,7453.5,7453.75,1802
2026-07-27 19:35:00+00:00,7453.5,7455.0,7453.0,7454.0,2038
2026-07-27 19:36:00+00:00,7454.0,7454.75,7452.5,7452.75,1848
2026-07-27 19:37:00+00:00,7452.75,7453.0,7449.25,7450.25,3238
2026-07-27 19:38:00+00:00,7450.0,7451.0,7449.0,7450.25,1720
2026-07-27 19:39:00+00:00,7450.25,7450.5,7447.25,7448.25,2921
2026-07-27 19:40:00+00:00,7448.25,7450.0,7447.25,7449.5,2276
2026-07-27 19:41:00+00:00,7449.5,7450.5,7448.0,7448.75,1325
2026-07-27 19:42:00+00:00,7448.75,7450.0,7447.0,7447.25,1663
2026-07-27 19:43:00+00:00,7447.25,7449.5,7446.5,7447.75,2056
2026-07-27 19:44:00+00:00,7447.5,7449.0,7447.25,7448.25,1695
2026-07-27 19:45:00+00:00,7448.25,7448.75,7445.0,7447.25,2751
2026-07-27 19:46:00+00:00,7447.5,7449.0,7444.5,7445.5,1976
2026-07-27 19:47:00+00:00,7445.5,7447.5,7445.25,7447.5,1888
2026-07-27 19:48:00+00:00,7447.25,7447.25,7445.0,7446.25,2050
2026-07-27 19:49:00+00:00,7446.0,7449.25,7446.0,7449.0,2040
2026-07-27 19:50:00+00:00,7449.25,7451.0,7446.25,7447.75,4564
2026-07-27 19:51:00+00:00,7447.5,7447.5,7444.5,7445.0,2099
2026-07-27 19:52:00+00:00,7445.25,7446.75,7444.25,7446.0,2248
2026-07-27 19:53:00+00:00,7446.0,7446.75,7445.25,7445.5,2373
2026-07-27 19:54:00+00:00,7445.5,7448.5,7445.5,7446.5,3646
2026-07-27 19:55:00+00:00,7446.5,7447.25,7443.75,7447.0,4198
2026-07-27 19:56:00+00:00,7447.0,7449.75,7446.0,7449.0,3582
2026-07-27 19:57:00+00:00,7449.0,7449.5,7446.25,7446.5,3067
2026-07-27 19:58:00+00:00,7446.75,7448.25,7445.5,7447.75,6075
2026-07-27 19:59:00+00:00,7447.75,7450.0,7445.75,7449.0,40749
2026-07-27 20:00:00+00:00,7449.25,7454.25,7449.0,7451.5,13117
2026-07-27 20:01:00+00:00,7451.5,7451.5,7449.75,7450.25,1718
2026-07-27 20:02:00+00:00,7450.0,7451.0,7449.5,7450.25,1148
2026-07-27 20:03:00+00:00,7450.0,7450.0,7448.0,7448.25,1546
2026-07-27 20:04:00+00:00,7448.5,7449.5,7448.0,7449.25,869
2026-07-27 20:05:00+00:00,7449.0,7449.5,7448.0,7448.0,918
2026-07-27 20:06:00+00:00,7448.0,7448.25,7445.5,7446.0,1199
2026-07-27 20:07:00+00:00,7446.25,7447.75,7445.0,7447.5,1051
2026-07-27 20:08:00+00:00,7447.5,7448.75,7447.25,7448.75,395
2026-07-27 20:09:00+00:00,7448.75,7449.0,7448.25,7448.75,254
2026-07-27 20:10:00+00:00,7449.0,7449.0,7446.75,7447.5,679
2026-07-27 20:11:00+00:00,7447.25,7447.75,7445.25,7445.75,877
2026-07-27 20:12:00+00:00,7445.75,7447.0,7445.0,7446.75,654
2026-07-27 20:13:00+00:00,7446.5,7447.0,7445.5,7446.75,836
2026-07-27 20:14:00+00:00,7446.75,7449.5,7446.5,7448.0,914
2026-07-27 20:15:00+00:00,7448.0,7448.5,7447.5,7447.5,318
2026-07-27 20:16:00+00:00,7447.75,7448.75,7447.25,7448.5,166
2026-07-27 20:17:00+00:00,7448.25,7449.0,7448.25,7448.75,183
2026-07-27 20:18:00+00:00,7449.0,7449.25,7448.5,7449.0,227
2026-07-27 20:19:00+00:00,7449.0,7449.25,7448.5,7448.75,343
2026-07-27 20:20:00+00:00,7448.75,7449.0,7448.25,7448.5,159
2026-07-27 20:21:00+00:00,7448.5,7448.5,7447.0,7447.0,248
2026-07-27 20:22:00+00:00,7447.25,7447.25,7446.25,7446.25,130
2026-07-27 20:23:00+00:00,7446.25,7447.0,7446.25,7446.25,147
2026-07-27 20:24:00+00:00,7446.5,7447.25,7446.5,7447.25,159
2026-07-27 20:25:00+00:00,7447.5,7448.5,7447.25,7448.5,133
2026-07-27 20:26:00+00:00,7448.5,7448.5,7447.5,7448.25,180
2026-07-27 20:27:00+00:00,7448.25,7448.5,7447.75,7448.0,142
2026-07-27 20:28:00+00:00,7448.0,7448.25,7447.75,7448.25,170
2026-07-27 20:29:00+00:00,7448.25,7448.75,7447.75,7448.75,167
2026-07-27 20:30:00+00:00,7448.5,7449.0,7448.0,7448.0,191
2026-07-27 20:31:00+00:00,7448.25,7449.5,7448.25,7449.25,195
2026-07-27 20:32:00+00:00,7449.25,7450.5,7449.25,7450.25,237
2026-07-27 20:33:00+00:00,7450.0,7451.0,7450.0,7450.5,250
2026-07-27 20:34:00+00:00,7450.5,7453.25,7450.5,7453.0,508
2026-07-27 20:35:00+00:00,7453.0,7455.75,7452.75,7454.75,724
2026-07-27 20:36:00+00:00,7454.5,7454.5,7453.5,7454.25,201
2026-07-27 20:37:00+00:00,7454.5,7455.75,7454.5,7455.75,312
2026-07-27 20:38:00+00:00,7455.75,7456.5,7453.75,7453.75,503
2026-07-27 20:39:00+00:00,7453.75,7454.25,7453.5,7454.25,106
2026-07-27 20:40:00+00:00,7454.25,7454.25,7452.5,7452.75,176
2026-07-27 20:41:00+00:00,7453.0,7453.0,7452.25,7452.75,150
2026-07-27 20:42:00+00:00,7453.0,7453.0,7452.75,7453.0,106
2026-07-27 20:43:00+00:00,7453.0,7453.0,7452.75,7453.0,75
2026-07-27 20:44:00+00:00,7452.75,7452.75,7452.5,7452.75,157
2026-07-27 20:45:00+00:00,7452.75,7453.0,7452.0,7452.25,139
2026-07-27 20:46:00+00:00,7452.5,7453.0,7452.25,7452.5,201
2026-07-27 20:47:00+00:00,7452.25,7453.0,7452.25,7452.5,122
2026-07-27 20:48:00+00:00,7452.25,7452.25,7451.25,7451.5,272
2026-07-27 20:49:00+00:00,7451.5,7452.0,7451.25,7451.5,118
2026-07-27 20:50:00+00:00,7451.5,7452.5,7451.25,7451.75,197
2026-07-27 20:51:00+00:00,7451.75,7451.75,7450.5,7451.0,110
2026-07-27 20:52:00+00:00,7451.0,7451.25,7450.5,7450.75,134
2026-07-27 20:53:00+00:00,7451.0,7451.25,7449.75,7450.5,410
2026-07-27 20:54:00+00:00,7450.75,7451.75,7450.5,7451.75,265
2026-07-27 20:55:00+00:00,7451.5,7452.5,7451.25,7452.25,338
2026-07-27 20:56:00+00:00,7452.25,7452.25,7451.75,7451.75,46
2026-07-27 20:57:00+00:00,7452.0,7452.0,7451.0,7451.25,99
2026-07-27 20:58:00+00:00,7451.25,7451.75,7451.0,7451.5,149
2026-07-27 20:59:00+00:00,7451.25,7453.5,7451.0,7453.5,276
2026-07-27 22:00:00+00:00,7453.0,7456.0,7452.75,7453.25,0
2026-07-27 22:01:00+00:00,7453.0,7453.75,7451.75,7452.25,125
2026-07-27 22:02:00+00:00,7452.25,7452.5,7451.25,7452.0,89
2026-07-27 22:03:00+00:00,7452.0,7453.75,7451.75,7452.0,124
2026-07-27 22:04:00+00:00,7452.25,7452.25,7450.75,7450.75,64
2026-07-27 22:05:00+00:00,7450.75,7452.0,7450.5,7451.5,61
2026-07-27 22:06:00+00:00,7451.75,7451.75,7450.25,7450.5,83
2026-07-27 22:07:00+00:00,7450.0,7450.25,7448.75,7448.75,141
2026-07-27 22:08:00+00:00,7448.75,7449.75,7448.75,7449.5,44
2026-07-27 22:09:00+00:00,7449.25,7449.5,7449.0,7449.5,32
2026-07-27 22:10:00+00:00,7449.5,7449.75,7448.75,7449.0,35
2026-07-27 22:11:00+00:00,7449.0,7449.0,7448.25,7448.25,64
2026-07-27 22:12:00+00:00,7448.25,7449.25,7448.25,7448.5,117
2026-07-27 22:13:00+00:00,7448.5,7448.5,7446.75,7447.25,147
2026-07-27 22:14:00+00:00,7447.25,7447.5,7446.75,7447.0,98
2026-07-27 22:15:00+00:00,7447.25,7448.25,7446.5,7447.25,134
2026-07-27 22:16:00+00:00,7447.0,7447.0,7446.5,7446.75,67
2026-07-27 22:17:00+00:00,7447.0,7448.0,7447.0,7447.75,55
2026-07-27 22:18:00+00:00,7447.75,7448.75,7447.25,7448.5,104
2026-07-27 22:19:00+00:00,7448.5,7448.5,7447.25,7447.5,87
2026-07-27 22:20:00+00:00,7447.75,7448.5,7447.0,7447.5,98
2026-07-27 22:21:00+00:00,7447.5,7448.5,7447.5,7448.25,109
2026-07-27 22:22:00+00:00,7448.0,7448.25,7447.75,7447.75,55
2026-07-27 22:23:00+00:00,7447.5,7448.25,7447.5,7448.25,83
2026-07-27 22:24:00+00:00,7448.0,7448.0,7446.25,7446.75,160
2026-07-27 22:25:00+00:00,7446.75,7447.0,7446.0,7446.0,135
2026-07-27 22:26:00+00:00,7446.0,7446.75,7445.0,7446.25,236
2026-07-27 22:27:00+00:00,7446.25,7446.75,7445.5,7445.5,104
2026-07-27 22:28:00+00:00,7445.5,7445.75,7445.0,7445.25,274
2026-07-27 22:29:00+00:00,7445.0,7445.25,7444.0,7444.75,120
2026-07-27 22:30:00+00:00,7444.75,7446.0,7444.75,7446.0,93
2026-07-27 22:31:00+00:00,7445.75,7447.0,7445.75,7446.5,185
2026-07-27 22:32:00+00:00,7446.5,7448.0,7446.5,7447.75,121
2026-07-27 22:33:00+00:00,7447.75,7447.75,7447.25,7447.5,35
2026-07-27 22:34:00+00:00,7447.5,7447.5,7446.5,7447.25,70
2026-07-27 22:35:00+00:00,7447.75,7448.0,7446.75,7447.75,108
2026-07-27 22:36:00+00:00,7447.75,7448.5,7447.75,7448.0,81
2026-07-27 22:37:00+00:00,7447.75,7447.75,7446.0,7446.25,65
2026-07-27 22:38:00+00:00,7446.5,7446.5,7446.25,7446.5,12
2026-07-27 22:39:00+00:00,7446.75,7447.25,7446.75,7447.0,42
2026-07-27 22:40:00+00:00,7447.0,7447.0,7445.25,7445.25,77
2026-07-27 22:41:00+00:00,7445.5,7446.75,7445.0,7446.0,77
2026-07-27 22:42:00+00:00,7446.0,7446.25,7445.25,7446.0,75
2026-07-27 22:43:00+00:00,7446.0,7446.25,7445.5,7445.5,25
2026-07-27 22:44:00+00:00,7445.5,7445.75,7445.25,7445.5,44
2026-07-27 22:45:00+00:00,7445.75,7446.0,7444.75,7445.0,92
2026-07-27 22:46:00+00:00,7445.25,7445.5,7444.5,7445.0,83
2026-07-27 22:47:00+00:00,7445.0,7445.5,7444.5,7445.25,94
2026-07-27 22:48:00+00:00,7445.25,7446.0,7445.25,7445.25,36
2026-07-27 22:49:00+00:00,7445.25,7445.75,7445.25,7445.5,44
2026-07-27 22:50:00+00:00,7445.25,7445.25,7445.0,7445.25,29
2026-07-27 22:51:00+00:00,7445.75,7447.25,7445.75,7446.25,67
2026-07-27 22:52:00+00:00,7446.0,7446.0,7445.75,7446.0,13
2026-07-27 22:53:00+00:00,7446.0,7446.0,7445.5,7445.5,27
2026-07-27 22:54:00+00:00,7445.25,7445.75,7445.25,7445.25,48
2026-07-27 22:55:00+00:00,7445.25,7445.5,7445.25,7445.25,21
2026-07-27 22:56:00+00:00,7445.5,7445.5,7444.75,7445.0,23
2026-07-27 22:57:00+00:00,7445.0,7445.5,7444.25,7444.5,33
2026-07-27 22:58:00+00:00,7444.5,7444.75,7444.0,7444.25,59
2026-07-27 22:59:00+00:00,7444.25,7445.25,7444.0,7444.5,72
2026-07-27 23:00:00+00:00,7444.5,7444.75,7444.0,7444.0,42
2026-07-27 23:01:00+00:00,7443.75,7443.75,7441.25,7441.25,298
2026-07-27 23:02:00+00:00,7441.25,7441.5,7440.5,7440.75,166
2026-07-27 23:03:00+00:00,7440.75,7441.25,7440.0,7440.5,155
2026-07-27 23:04:00+00:00,7440.5,7441.0,7440.25,7441.0,66
2026-07-27 23:05:00+00:00,7441.25,7446.0,7441.0,7445.0,309
2026-07-27 23:06:00+00:00,7444.75,7447.25,7444.75,7446.75,141
2026-07-27 23:07:00+00:00,7446.5,7446.5,7445.25,7445.25,44
2026-07-27 23:08:00+00:00,7445.25,7445.25,7444.25,7444.75,34
2026-07-27 23:09:00+00:00,7445.0,7445.0,7444.25,7444.25,17
2026-07-27 23:10:00+00:00,7444.5,7444.75,7443.75,7443.75,26
2026-07-27 23:11:00+00:00,7443.75,7444.25,7443.5,7443.5,33
2026-07-27 23:12:00+00:00,7443.75,7444.75,7443.25,7444.75,63
2026-07-27 23:13:00+00:00,7444.75,7445.25,7444.25,7444.25,59
2026-07-27 23:14:00+00:00,7444.0,7444.25,7443.5,7444.0,107
2026-07-27 23:15:00+00:00,7443.5,7443.5,7442.5,7442.5,69
2026-07-27 23:16:00+00:00,7442.5,7442.5,7441.75,7442.25,63
2026-07-27 23:17:00+00:00,7442.25,7444.75,7442.0,7444.5,94
2026-07-27 23:18:00+00:00,7444.75,7445.25,7444.25,7444.75,83
2026-07-27 23:19:00+00:00,7445.0,7446.0,7444.75,7445.5,88
2026-07-27 23:20:00+00:00,7445.75,7447.5,7444.25,7444.25,195
2026-07-27 23:21:00+00:00,7444.5,7445.25,7444.25,7445.25,21
2026-07-27 23:22:00+00:00,7445.25,7445.75,7444.75,7445.0,50
2026-07-27 23:23:00+00:00,7445.5,7445.75,7445.25,7445.75,17
2026-07-27 23:24:00+00:00,7445.75,7447.25,7445.75,7446.0,59
2026-07-27 23:25:00+00:00,7446.25,7446.75,7445.75,7446.5,50
2026-07-27 23:26:00+00:00,7446.25,7446.5,7446.0,7446.5,27
2026-07-27 23:27:00+00:00,7446.25,7446.5,7446.0,7446.25,9
2026-07-27 23:28:00+00:00,7446.5,7448.5,7446.5,7448.0,148
2026-07-27 23:29:00+00:00,7448.0,7449.0,7448.0,7449.0,41
2026-07-27 23:30:00+00:00,7448.5,7448.75,7447.75,7448.5,65
2026-07-27 23:31:00+00:00,7448.25,7448.25,7447.25,7447.5,55
2026-07-27 23:32:00+00:00,7448.0,7448.25,7447.25,7447.5,72
2026-07-27 23:33:00+00:00,7447.25,7447.75,7447.25,7447.5,19
2026-07-27 23:34:00+00:00,7447.5,7447.75,7447.0,7447.5,52
2026-07-27 23:35:00+00:00,7447.25,7447.25,7445.5,7445.5,112
2026-07-27 23:36:00+00:00,7445.75,7447.75,7445.75,7447.25,83
2026-07-27 23:37:00+00:00,7447.25,7447.5,7446.75,7447.5,15
2026-07-27 23:38:00+00:00,7447.5,7447.5,7446.5,7446.75,22
2026-07-27 23:39:00+00:00,7446.75,7446.75,7446.0,7446.25,48
2026-07-27 23:40:00+00:00,7446.25,7446.75,7445.75,7446.0,35
2026-07-27 23:41:00+00:00,7446.0,7446.5,7446.0,7446.25,28
2026-07-27 23:42:00+00:00,7446.25,7446.5,7445.75,7446.0,38
2026-07-27 23:43:00+00:00,7446.0,7446.0,7444.75,7445.0,56
2026-07-27 23:44:00+00:00,7445.0,7445.5,7445.0,7445.25,41
2026-07-27 23:45:00+00:00,7445.5,7446.25,7443.75,7445.25,187
2026-07-27 23:46:00+00:00,7445.25,7445.5,7443.25,7443.25,109
2026-07-27 23:47:00+00:00,7443.5,7444.25,7442.75,7443.5,127
2026-07-27 23:48:00+00:00,7443.75,7443.75,7442.0,7442.0,78
2026-07-27 23:49:00+00:00,7442.25,7443.0,7442.0,7442.75,64
2026-07-27 23:50:00+00:00,7443.0,7444.0,7442.0,7443.0,157
2026-07-27 23:51:00+00:00,7443.5,7449.25,7443.5,7448.0,293
2026-07-27 23:52:00+00:00,7448.0,7449.75,7447.75,7448.25,202
2026-07-27 23:53:00+00:00,7448.0,7449.75,7447.5,7448.75,120
2026-07-27 23:54:00+00:00,7449.0,7449.25,7448.5,7449.0,98
2026-07-27 23:55:00+00:00,7449.25,7450.0,7448.75,7449.5,117
2026-07-27 23:56:00+00:00,7449.25,7449.25,7447.75,7447.75,72
2026-07-27 23:57:00+00:00,7448.25,7449.25,7448.0,7448.0,103
2026-07-27 23:58:00+00:00,7447.75,7448.5,7446.75,7447.75,59
2026-07-27 23:59:00+00:00,7447.75,7447.75,7447.0,7447.75,112
2026-07-28 00:00:00+00:00,7448.25,7451.5,7447.75,7448.25,627
2026-07-28 00:01:00+00:00,7448.0,7448.5,7445.75,7448.0,305
2026-07-28 00:02:00+00:00,7448.0,7451.0,7447.75,7449.25,281
2026-07-28 00:03:00+00:00,7449.25,7452.0,7448.0,7451.75,297
2026-07-28 00:04:00+00:00,7451.5,7451.75,7449.75,7450.25,153
2026-07-28 00:05:00+00:00,7450.25,7450.5,7443.75,7444.0,366
2026-07-28 00:06:00+00:00,7444.25,7446.75,7443.5,7445.75,200
2026-07-28 00:07:00+00:00,7445.5,7445.5,7441.75,7444.0,251
2026-07-28 00:08:00+00:00,7444.0,7444.75,7442.75,7443.0,157
2026-07-28 00:09:00+00:00,7443.0,7445.0,7442.5,7444.25,153
2026-07-28 00:10:00+00:00,7444.25,7445.0,7440.25,7440.25,328
2026-07-28 00:11:00+00:00,7440.25,7441.25,7438.25,7438.75,384
2026-07-28 00:12:00+00:00,7439.0,7442.25,7438.75,7440.5,280
2026-07-28 00:13:00+00:00,7440.75,7440.75,7438.75,7439.0,180
2026-07-28 00:14:00+00:00,7439.5,7441.75,7439.0,7441.75,185
2026-07-28 00:15:00+00:00,7441.5,7443.5,7440.0,7443.25,439
2026-07-28 00:16:00+00:00,7443.5,7444.0,7440.0,7441.0,261
2026-07-28 00:17:00+00:00,7441.0,7441.5,7439.25,7441.25,135
2026-07-28 00:18:00+00:00,7441.0,7442.0,7439.5,7439.75,142
2026-07-28 00:19:00+00:00,7440.0,7442.0,7439.5,7440.5,91
2026-07-28 00:20:00+00:00,7441.0,7442.5,7441.0,7441.75,127
2026-07-28 00:21:00+00:00,7441.5,7442.0,7439.0,7439.25,182
2026-07-28 00:22:00+00:00,7439.5,7439.5,7436.5,7437.75,401
2026-07-28 00:23:00+00:00,7437.5,7438.5,7437.25,7438.0,254
2026-07-28 00:24:00+00:00,7438.0,7439.25,7437.25,7438.5,214
2026-07-28 00:25:00+00:00,7438.75,7439.75,7437.75,7439.5,216
2026-07-28 00:26:00+00:00,7439.5,7439.75,7436.25,7437.0,237
2026-07-28 00:27:00+00:00,7436.75,7438.25,7436.5,7438.0,215
2026-07-28 00:28:00+00:00,7437.75,7439.5,7437.25,7438.25,290
2026-07-28 00:29:00+00:00,7438.0,7440.5,7437.5,7440.5,163
2026-07-28 00:30:00+00:00,7440.5,7441.5,7435.5,7435.75,325
2026-07-28 00:31:00+00:00,7435.75,7437.25,7434.25,7435.5,311
2026-07-28 00:32:00+00:00,7435.25,7436.25,7434.25,7435.75,220
2026-07-28 00:33:00+00:00,7436.0,7442.25,7436.0,7441.75,344
2026-07-28 00:34:00+00:00,7441.75,7443.25,7441.25,7442.0,346
2026-07-28 00:35:00+00:00,7442.0,7444.0,7441.25,7443.25,241
2026-07-28 00:36:00+00:00,7443.5,7444.0,7442.25,7443.25,171
2026-07-28 00:37:00+00:00,7443.5,7444.75,7442.0,7442.5,177
2026-07-28 00:38:00+00:00,7442.5,7444.25,7442.5,7443.0,144
2026-07-28 00:39:00+00:00,7443.0,7444.25,7442.75,7442.75,96
2026-07-28 00:40:00+00:00,7442.75,7443.5,7442.0,7442.0,85
2026-07-28 00:41:00+00:00,7442.0,7444.25,7442.0,7443.0,130
2026-07-28 00:42:00+00:00,7443.0,7444.0,7442.25,7443.75,75
2026-07-28 00:43:00+00:00,7443.75,7445.0,7443.0,7444.5,151
2026-07-28 00:44:00+00:00,7444.75,7445.0,7442.75,7443.5,86
2026-07-28 00:45:00+00:00,7443.25,7443.25,7440.5,7441.0,203
2026-07-28 00:46:00+00:00,7441.0,7441.5,7440.25,7441.5,133
2026-07-28 00:47:00+00:00,7441.5,7441.5,7439.25,7439.25,276
2026-07-28 00:48:00+00:00,7439.25,7439.5,7438.25,7439.0,160
2026-07-28 00:49:00+00:00,7439.0,7440.0,7438.0,7439.0,162
2026-07-28 00:50:00+00:00,7439.0,7439.0,7437.75,7438.75,140
2026-07-28 00:51:00+00:00,7438.75,7439.5,7437.5,7437.5,126
2026-07-28 00:52:00+00:00,7437.75,7439.0,7437.75,7438.5,90
2026-07-28 00:53:00+00:00,7438.25,7438.5,7437.5,7438.0,58
2026-07-28 00:54:00+00:00,7438.0,7438.5,7437.5,7438.0,83
2026-07-28 00:55:00+00:00,7437.75,7439.0,7437.5,7439.0,107
2026-07-28 00:56:00+00:00,7439.0,7439.25,7437.75,7438.0,49
2026-07-28 00:57:00+00:00,7438.0,7439.25,7437.25,7439.25,78
2026-07-28 00:58:00+00:00,7438.5,7438.75,7437.0,7437.0,108
2026-07-28 00:59:00+00:00,7436.75,7437.75,7435.5,7437.75,206
2026-07-28 01:00:00+00:00,7437.5,7438.75,7435.5,7436.25,365
2026-07-28 01:01:00+00:00,7436.25,7437.25,7434.25,7436.5,407
2026-07-28 01:02:00+00:00,7436.25,7437.5,7435.0,7436.5,573
2026-07-28 01:03:00+00:00,7436.25,7438.25,7436.0,7438.0,185
2026-07-28 01:04:00+00:00,7438.0,7438.75,7434.25,7434.25,222
2026-07-28 01:05:00+00:00,7434.25,7434.75,7433.5,7434.25,195
2026-07-28 01:06:00+00:00,7434.25,7434.25,7431.25,7431.5,447
2026-07-28 01:07:00+00:00,7431.5,7431.75,7430.75,7431.25,189
2026-07-28 01:08:00+00:00,7431.25,7432.25,7431.25,7431.5,149
2026-07-28 01:09:00+00:00,7431.25,7431.5,7428.5,7429.75,525
2026-07-28 01:10:00+00:00,7429.75,7430.5,7428.25,7428.5,168
2026-07-28 01:11:00+00:00,7428.5,7429.5,7427.75,7429.25,223
2026-07-28 01:12:00+00:00,7429.25,7429.25,7425.0,7425.5,435
2026-07-28 01:13:00+00:00,7425.5,7428.25,7425.0,7427.5,257
2026-07-28 01:14:00+00:00,7427.75,7428.75,7427.25,7427.75,203
2026-07-28 01:15:00+00:00,7427.75,7429.0,7426.25,7429.0,219
2026-07-28 01:16:00+00:00,7428.75,7429.75,7428.0,7428.5,188
2026-07-28 01:17:00+00:00,7428.5,7429.75,7428.25,7429.5,202
2026-07-28 01:18:00+00:00,7429.5,7429.5,7428.5,7428.75,164
2026-07-28 01:19:00+00:00,7428.75,7429.75,7428.0,7429.75,150
2026-07-28 01:20:00+00:00,7429.75,7431.25,7429.0,7431.25,196
2026-07-28 01:21:00+00:00,7431.0,7432.5,7429.75,7432.25,201
2026-07-28 01:22:00+00:00,7432.25,7432.5,7428.75,7428.75,309
2026-07-28 01:23:00+00:00,7429.0,7431.0,7428.25,7430.75,114
2026-07-28 01:24:00+00:00,7430.75,7431.25,7429.25,7431.25,176
2026-07-28 01:25:00+00:00,7431.0,7431.0,7430.0,7431.0,142
2026-07-28 01:26:00+00:00,7430.75,7433.25,7430.25,7433.25,194
2026-07-28 01:27:00+00:00,7433.5,7437.0,7433.0,7437.0,427
2026-07-28 01:28:00+00:00,7437.25,7441.25,7436.75,7439.25,593
2026-07-28 01:29:00+00:00,7439.25,7440.0,7437.75,7438.0,222
2026-07-28 01:35:00+00:00,7442.5,7443.0,7440.25,7440.5,1093
2026-07-28 01:36:00+00:00,7440.5,7441.5,7440.25,7441.25,179
2026-07-28 01:37:00+00:00,7441.0,7441.5,7440.75,7441.0,95
2026-07-28 01:38:00+00:00,7441.25,7442.0,7439.75,7440.0,130
2026-07-28 01:39:00+00:00,7440.0,7440.25,7438.75,7439.5,177
2026-07-28 01:40:00+00:00,7439.75,7439.75,7436.5,7437.25,291
2026-07-28 01:41:00+00:00,7437.5,7439.25,7437.5,7437.75,112
2026-07-28 01:42:00+00:00,7437.75,7438.5,7437.25,7437.5,94
2026-07-28 01:43:00+00:00,7437.75,7440.25,7437.25,7440.0,131
2026-07-28 01:44:00+00:00,7439.75,7441.5,7438.25,7441.25,209
2026-07-28 01:45:00+00:00,7441.0,7441.25,7439.5,7440.0,104
2026-07-28 01:46:00+00:00,7439.75,7443.5,7439.75,7442.0,221
2026-07-28 01:47:00+00:00,7442.25,7442.75,7441.5,7441.75,147
2026-07-28 01:48:00+00:00,7441.75,7443.5,7441.75,7443.0,119
2026-07-28 01:49:00+00:00,7443.25,7443.5,7442.0,7442.0,75
2026-07-28 01:50:00+00:00,7441.75,7442.0,7440.25,7440.25,161
2026-07-28 01:51:00+00:00,7440.0,7440.25,7438.0,7438.5,242
2026-07-28 01:52:00+00:00,7438.25,7438.25,7436.75,7437.0,419
2026-07-28 01:53:00+00:00,7437.25,7437.5,7434.5,7434.75,463
2026-07-28 01:54:00+00:00,7434.75,7435.0,7433.5,7434.25,128
2026-07-28 01:55:00+00:00,7434.25,7435.25,7432.75,7433.25,284
2026-07-28 01:56:00+00:00,7433.25,7434.0,7432.0,7433.25,216
2026-07-28 01:57:00+00:00,7433.5,7433.75,7432.75,7433.5,72
2026-07-28 01:58:00+00:00,7433.5,7434.5,7433.0,7433.5,93
2026-07-28 01:59:00+00:00,7433.5,7434.5,7433.25,7434.25,91
2026-07-28 02:00:00+00:00,7434.5,7435.0,7431.25,7431.5,334
2026-07-28 02:01:00+00:00,7431.5,7433.0,7431.25,7432.25,203
2026-07-28 02:02:00+00:00,7432.25,7432.5,7431.75,7432.0,156
2026-07-28 02:03:00+00:00,7432.0,7432.5,7431.0,7432.0,336
2026-07-28 02:04:00+00:00,7431.75,7432.25,7431.25,7431.5,94
2026-07-28 02:05:00+00:00,7431.5,7432.75,7431.0,7431.75,220
2026-07-28 02:06:00+00:00,7431.75,7432.75,7430.75,7430.75,297
2026-07-28 02:07:00+00:00,7430.75,7431.75,7430.5,7431.5,189
2026-07-28 02:08:00+00:00,7432.0,7432.75,7431.5,7432.0,93
2026-07-28 02:09:00+00:00,7431.5,7432.0,7431.0,7431.25,78
2026-07-28 02:10:00+00:00,7431.25,7432.0,7430.75,7432.0,53
2026-07-28 02:11:00+00:00,7432.0,7432.0,7431.25,7431.75,53
2026-07-28 02:12:00+00:00,7431.5,7432.0,7431.0,7431.5,115
2026-07-28 02:13:00+00:00,7431.5,7431.5,7429.0,7429.75,245
2026-07-28 02:14:00+00:00,7429.75,7431.5,7429.75,7430.75,77
2026-07-28 02:15:00+00:00,7430.5,7430.5,7429.0,7429.5,109
2026-07-28 02:16:00+00:00,7429.25,7429.5,7428.0,7429.5,192
2026-07-28 02:17:00+00:00,7429.5,7431.25,7429.25,7431.25,138
2026-07-28 02:18:00+00:00,7431.25,7431.25,7429.5,7429.5,133
2026-07-28 02:19:00+00:00,7430.0,7433.5,7430.0,7433.0,189
2026-07-28 02:20:00+00:00,7433.25,7435.25,7433.0,7434.0,248
2026-07-28 02:21:00+00:00,7434.25,7435.75,7433.5,7434.0,182
2026-07-28 02:22:00+00:00,7434.25,7435.25,7434.0,7434.25,123
2026-07-28 02:23:00+00:00,7434.5,7435.25,7432.75,7432.75,91
2026-07-28 02:24:00+00:00,7432.75,7433.75,7432.5,7433.75,60
2026-07-28 02:25:00+00:00,7434.5,7434.75,7433.25,7433.75,84
2026-07-28 02:26:00+00:00,7433.5,7433.5,7429.75,7429.75,138
2026-07-28 02:27:00+00:00,7430.0,7430.75,7429.0,7429.5,92
2026-07-28 02:28:00+00:00,7429.75,7431.5,7429.75,7431.0,80
2026-07-28 02:29:00+00:00,7431.0,7431.0,7430.0,7430.25,78
2026-07-28 02:30:00+00:00,7430.25,7430.5,7429.0,7430.5,138
2026-07-28 02:31:00+00:00,7430.5,7430.75,7428.75,7428.75,125
2026-07-28 02:32:00+00:00,7428.75,7429.5,7428.5,7429.5,86
2026-07-28 02:33:00+00:00,7429.5,7429.5,7427.25,7427.25,221
2026-07-28 02:34:00+00:00,7427.25,7429.5,7427.0,7429.0,227
2026-07-28 02:35:00+00:00,7429.0,7429.75,7428.75,7429.0,76
2026-07-28 02:36:00+00:00,7429.0,7430.0,7427.75,7430.0,74
2026-07-28 02:37:00+00:00,7429.75,7430.5,7428.75,7429.0,64
2026-07-28 02:38:00+00:00,7428.75,7431.0,7428.75,7430.5,86
2026-07-28 02:39:00+00:00,7430.5,7430.75,7429.25,7430.0,69
2026-07-28 02:40:00+00:00,7429.75,7430.25,7428.5,7428.5,64
2026-07-28 02:41:00+00:00,7428.25,7429.0,7428.25,7428.5,184
2026-07-28 02:42:00+00:00,7428.25,7429.0,7428.25,7428.25,42
2026-07-28 02:43:00+00:00,7428.5,7428.75,7427.25,7428.0,139
2026-07-28 02:44:00+00:00,7428.0,7428.5,7427.0,7428.0,105
2026-07-28 02:45:00+00:00,7428.25,7428.25,7427.0,7427.5,444
2026-07-28 02:46:00+00:00,7427.75,7429.5,7427.5,7429.0,74
2026-07-28 02:47:00+00:00,7428.5,7428.5,7427.25,7427.75,84
2026-07-28 02:48:00+00:00,7427.75,7428.0,7426.75,7427.25,68
2026-07-28 02:49:00+00:00,7427.25,7429.25,7427.0,7428.5,163
2026-07-28 02:50:00+00:00,7428.5,7429.75,7427.25,7427.75,181
2026-07-28 02:51:00+00:00,7427.5,7430.0,7427.5,7428.75,155
2026-07-28 02:52:00+00:00,7429.0,7430.5,7428.5,7430.5,140
2026-07-28 02:53:00+00:00,7430.5,7433.5,7430.5,7432.25,275
2026-07-28 02:54:00+00:00,7432.25,7432.75,7430.5,7430.5,89
2026-07-28 02:55:00+00:00,7430.5,7431.0,7430.5,7430.75,40
2026-07-28 02:56:00+00:00,7430.75,7430.75,7429.5,7429.5,98
2026-07-28 02:57:00+00:00,7429.5,7430.0,7429.0,7430.0,48
2026-07-28 02:58:00+00:00,7430.5,7431.25,7429.75,7431.0,66
2026-07-28 02:59:00+00:00,7430.5,7430.5,7429.75,7430.5,44
2026-07-28 03:00:00+00:00,7430.5,7431.0,7427.75,7427.75,107
2026-07-28 03:01:00+00:00,7427.75,7428.25,7426.5,7427.5,220
2026-07-28 03:02:00+00:00,7427.75,7428.75,7427.25,7428.0,114
2026-07-28 03:03:00+00:00,7428.0,7428.5,7427.5,7427.75,54
2026-07-28 03:04:00+00:00,7427.5,7427.75,7426.0,7427.75,221
2026-07-28 03:05:00+00:00,7427.5,7427.5,7426.0,7426.0,86
2026-07-28 03:06:00+00:00,7426.0,7427.25,7425.25,7427.25,246
2026-07-28 03:07:00+00:00,7427.25,7428.0,7425.75,7425.75,149
2026-07-28 03:08:00+00:00,7426.0,7426.5,7425.75,7426.5,85
2026-07-28 03:09:00+00:00,7426.0,7426.0,7425.5,7425.75,57
2026-07-28 03:10:00+00:00,7425.75,7426.0,7424.0,7424.75,265
2026-07-28 03:11:00+00:00,7424.75,7425.5,7424.25,7425.25,245
2026-07-28 03:12:00+00:00,7425.0,7426.5,7424.5,7426.0,237
2026-07-28 03:13:00+00:00,7426.25,7429.0,7426.0,7428.0,278
2026-07-28 03:14:00+00:00,7428.25,7429.25,7428.25,7428.5,82
2026-07-28 03:15:00+00:00,7428.5,7430.5,7427.75,7430.0,128
2026-07-28 03:16:00+00:00,7430.0,7430.5,7429.0,7430.25,107
2026-07-28 03:17:00+00:00,7430.5,7432.75,7429.75,7432.75,215
2026-07-28 03:18:00+00:00,7432.5,7435.5,7432.0,7434.0,386
2026-07-28 03:19:00+00:00,7434.0,7435.5,7434.0,7435.5,152
2026-07-28 03:20:00+00:00,7435.5,7437.5,7435.5,7435.75,217
2026-07-28 03:21:00+00:00,7435.5,7437.5,7435.25,7437.25,143
2026-07-28 03:22:00+00:00,7437.0,7437.5,7436.75,7437.0,116
2026-07-28 03:23:00+00:00,7437.0,7437.75,7436.25,7437.0,145
2026-07-28 03:24:00+00:00,7436.75,7437.75,7436.5,7436.75,109
2026-07-28 03:25:00+00:00,7436.75,7438.0,7435.75,7436.0,214
2026-07-28 03:26:00+00:00,7435.75,7435.75,7432.75,7433.25,252
2026-07-28 03:27:00+00:00,7432.75,7432.75,7431.5,7431.5,147
2026-07-28 03:28:00+00:00,7431.25,7431.5,7429.25,7429.5,248
2026-07-28 03:29:00+00:00,7429.75,7430.0,7429.0,7429.75,149
2026-07-28 03:30:00+00:00,7429.75,7430.0,7426.75,7427.5,353
2026-07-28 03:31:00+00:00,7427.5,7427.75,7425.75,7427.75,205
2026-07-28 03:32:00+00:00,7427.5,7431.75,7427.25,7430.25,440
2026-07-28 03:33:00+00:00,7430.5,7435.5,7430.5,7434.25,510
2026-07-28 03:34:00+00:00,7434.5,7435.75,7434.25,7435.25,220
2026-07-28 03:35:00+00:00,7435.0,7435.5,7434.0,7434.5,136
2026-07-28 03:36:00+00:00,7434.5,7435.25,7433.25,7434.75,119
2026-07-28 03:37:00+00:00,7435.25,7436.75,7435.0,7436.5,267
2026-07-28 03:38:00+00:00,7436.5,7438.5,7436.5,7438.25,233
2026-07-28 03:39:00+00:00,7438.0,7438.75,7437.5,7438.5,246
2026-07-28 03:40:00+00:00,7438.5,7442.0,7438.25,7441.0,551
2026-07-28 03:41:00+00:00,7441.0,7441.25,7438.25,7438.5,262
2026-07-28 03:42:00+00:00,7438.25,7438.75,7437.0,7438.0,194
2026-07-28 03:43:00+00:00,7438.25,7440.25,7437.5,7440.25,181
2026-07-28 03:44:00+00:00,7440.25,7440.5,7439.25,7440.25,94
2026-07-28 03:45:00+00:00,7440.5,7441.75,7439.75,7440.0,299
2026-07-28 03:46:00+00:00,7439.75,7440.5,7438.25,7438.75,155
2026-07-28 03:47:00+00:00,7438.75,7440.0,7438.5,7439.0,139
2026-07-28 03:48:00+00:00,7439.0,7441.5,7438.75,7441.25,136
2026-07-28 03:49:00+00:00,7441.25,7441.75,7440.0,7441.5,147
2026-07-28 03:50:00+00:00,7441.75,7442.0,7440.25,7440.25,117
2026-07-28 03:51:00+00:00,7440.25,7440.5,7439.5,7440.25,63
2026-07-28 03:52:00+00:00,7440.25,7440.5,7438.5,7438.5,83
2026-07-28 03:53:00+00:00,7438.25,7441.5,7438.25,7440.0,152
2026-07-28 03:54:00+00:00,7440.0,7440.5,7439.0,7440.25,89
2026-07-28 03:55:00+00:00,7440.0,7440.0,7437.5,7437.75,110
2026-07-28 03:56:00+00:00,7437.75,7439.5,7437.75,7439.5,83
2026-07-28 03:57:00+00:00,7439.75,7440.0,7438.5,7438.75,99
2026-07-28 03:58:00+00:00,7438.5,7440.75,7438.25,7440.75,93
2026-07-28 04:09:00+00:00,7435.75,7435.75,7434.5,7434.5,129
2026-07-28 04:10:00+00:00,7434.5,7435.25,7433.75,7434.5,97
2026-07-28 04:11:00+00:00,7434.5,7435.0,7434.0,7434.5,71
2026-07-28 04:12:00+00:00,7434.5,7434.5,7432.0,7432.5,172
2026-07-28 04:13:00+00:00,7432.5,7433.0,7431.75,7432.25,351
2026-07-28 04:14:00+00:00,7432.5,7432.5,7430.0,7430.75,204
2026-07-28 04:15:00+00:00,7430.75,7431.5,7429.75,7431.25,175
2026-07-28 04:16:00+00:00,7431.5,7432.5,7430.75,7432.5,177
2026-07-28 04:17:00+00:00,7432.25,7434.0,7432.0,7432.5,141
2026-07-28 04:18:00+00:00,7432.25,7433.0,7431.75,7433.0,58
2026-07-28 04:19:00+00:00,7433.0,7435.0,7432.5,7434.5,183
2026-07-28 04:20:00+00:00,7434.75,7435.75,7432.0,7432.0,177
2026-07-28 04:21:00+00:00,7432.0,7432.25,7431.5,7431.5,86
2026-07-28 04:22:00+00:00,7431.5,7432.0,7431.0,7431.0,114
2026-07-28 04:23:00+00:00,7431.0,7432.0,7430.5,7430.75,78
2026-07-28 04:24:00+00:00,7430.25,7430.75,7429.75,7430.75,119
2026-07-28 04:25:00+00:00,7430.5,7431.75,7430.0,7431.0,80
2026-07-28 04:26:00+00:00,7430.5,7431.25,7429.75,7431.25,71
2026-07-28 04:27:00+00:00,7431.5,7431.75,7430.25,7430.75,74
2026-07-28 04:28:00+00:00,7430.75,7431.25,7430.25,7430.75,41
2026-07-28 04:29:00+00:00,7430.75,7431.25,7430.0,7430.5,40
2026-07-28 04:30:00+00:00,7430.25,7430.25,7429.25,7429.25,114
2026-07-28 04:31:00+00:00,7429.5,7431.0,7429.5,7429.5,73
2026-07-28 04:32:00+00:00,7429.5,7429.75,7429.0,7429.25,105
2026-07-28 04:33:00+00:00,7429.25,7430.25,7429.25,7430.25,89
2026-07-28 04:34:00+00:00,7430.0,7430.5,7429.5,7430.25,52
2026-07-28 04:35:00+00:00,7430.25,7430.75,7429.75,7430.25,44
2026-07-28 04:36:00+00:00,7430.0,7430.5,7428.5,7429.0,92
2026-07-28 04:37:00+00:00,7429.5,7430.75,7429.25,7429.75,74
2026-07-28 04:38:00+00:00,7429.75,7430.75,7429.5,7430.75,68
2026-07-28 04:39:00+00:00,7430.75,7431.5,7429.5,7430.5,176
2026-07-28 04:40:00+00:00,7430.25,7431.0,7429.25,7431.0,111
2026-07-28 04:41:00+00:00,7431.0,7431.75,7430.0,7431.25,109
2026-07-28 04:42:00+00:00,7431.5,7431.75,7430.25,7430.5,85
2026-07-28 04:43:00+00:00,7430.5,7430.75,7429.75,7430.0,53
2026-07-28 04:44:00+00:00,7430.0,7430.75,7429.5,7430.75,37
2026-07-28 04:45:00+00:00,7430.5,7432.25,7430.25,7431.75,114
2026-07-28 04:46:00+00:00,7431.75,7434.75,7431.75,7433.0,314
2026-07-28 04:47:00+00:00,7433.0,7434.5,7432.25,7432.5,231
2026-07-28 04:48:00+00:00,7432.75,7432.75,7430.25,7430.75,97
2026-07-28 04:49:00+00:00,7430.75,7432.25,7430.75,7431.25,50
2026-07-28 04:50:00+00:00,7431.0,7431.25,7429.75,7430.25,89
2026-07-28 04:51:00+00:00,7430.25,7430.5,7429.5,7429.5,35
2026-07-28 04:52:00+00:00,7429.75,7430.0,7429.25,7429.5,51
2026-07-28 04:53:00+00:00,7429.5,7429.5,7428.5,7428.5,160
2026-07-28 04:54:00+00:00,7428.5,7429.25,7428.25,7429.25,65
2026-07-28 04:55:00+00:00,7429.0,7430.0,7428.75,7429.25,71
2026-07-28 04:56:00+00:00,7429.0,7429.75,7428.0,7429.25,175
2026-07-28 04:57:00+00:00,7429.0,7429.0,7427.0,7427.75,101
2026-07-28 04:58:00+00:00,7427.5,7427.75,7426.5,7427.0,75
2026-07-28 04:59:00+00:00,7426.75,7427.25,7426.0,7427.25,131
2026-07-28 05:00:00+00:00,7427.5,7430.0,7426.5,7429.5,269
2026-07-28 05:01:00+00:00,7429.5,7431.25,7429.5,7430.0,142
2026-07-28 05:02:00+00:00,7430.0,7431.0,7429.25,7431.0,72
2026-07-28 05:03:00+00:00,7431.0,7431.25,7430.25,7430.75,49
2026-07-28 05:04:00+00:00,7430.5,7431.5,7430.25,7430.5,62
2026-07-28 05:05:00+00:00,7430.25,7430.5,7429.0,7429.25,75
2026-07-28 05:06:00+00:00,7429.25,7429.25,7427.25,7428.5,133
2026-07-28 05:07:00+00:00,7428.75,7430.5,7428.5,7429.0,112
2026-07-28 05:08:00+00:00,7428.75,7429.5,7428.75,7429.25,25
2026-07-28 05:18:00+00:00,7448.25,7448.25,7448.25,7448.25,733
2026-07-28 05:19:00+00:00,7427.5,7427.75,7426.75,7426.75,102
2026-07-28 05:20:00+00:00,7426.75,7428.0,7426.25,7427.5,124
2026-07-28 05:21:00+00:00,7427.5,7427.5,7426.25,7426.5,92
2026-07-28 05:22:00+00:00,7426.75,7426.75,7425.5,7426.25,180
2026-07-28 05:23:00+00:00,7426.0,7426.75,7425.0,7426.75,144
2026-07-28 05:24:00+00:00,7426.75,7427.5,7426.5,7426.75,78
2026-07-28 05:25:00+00:00,7426.5,7426.5,7425.0,7425.25,141
2026-07-28 05:26:00+00:00,7425.25,7425.5,7424.0,7425.25,228
2026-07-28 05:27:00+00:00,7425.25,7425.5,7424.5,7425.5,126
2026-07-28 05:28:00+00:00,7425.25,7425.25,7424.5,7425.0,130
2026-07-28 05:29:00+00:00,7425.0,7425.5,7424.75,7424.75,115
2026-07-28 05:30:00+00:00,7424.75,7425.25,7422.25,7422.25,302
2026-07-28 05:31:00+00:00,7422.5,7422.5,7420.25,7421.75,578
2026-07-28 05:32:00+00:00,7421.75,7422.0,7420.25,7420.75,260
2026-07-28 05:33:00+00:00,7421.0,7421.0,7419.75,7420.0,266
2026-07-28 05:34:00+00:00,7420.25,7420.5,7419.75,7420.5,217
2026-07-28 05:35:00+00:00,7420.5,7421.0,7419.0,7420.0,246
2026-07-28 05:36:00+00:00,7419.75,7421.0,7419.5,7421.0,177
2026-07-28 05:37:00+00:00,7421.0,7424.0,7420.75,7424.0,338
2026-07-28 05:38:00+00:00,7424.25,7424.25,7421.0,7421.25,165
2026-07-28 05:39:00+00:00,7421.25,7422.5,7420.75,7422.5,147
2026-07-28 05:40:00+00:00,7422.5,7422.5,7420.75,7421.5,83
2026-07-28 05:41:00+00:00,7421.25,7421.5,7419.5,7420.5,148
2026-07-28 05:42:00+00:00,7420.5,7421.5,7420.0,7421.5,106
2026-07-28 05:43:00+00:00,7421.5,7422.0,7421.0,7421.5,108
2026-07-28 05:44:00+00:00,7421.5,7422.25,7420.5,7422.0,122
2026-07-28 05:45:00+00:00,7422.0,7423.0,7421.5,7422.75,154
2026-07-28 05:46:00+00:00,7422.75,7422.75,7421.75,7422.0,65
2026-07-28 05:47:00+00:00,7421.75,7423.5,7421.75,7423.25,127
2026-07-28 05:48:00+00:00,7423.5,7423.5,7422.5,7423.0,223
2026-07-28 05:49:00+00:00,7423.0,7423.25,7422.25,7422.75,72
2026-07-28 05:50:00+00:00,7422.75,7422.75,7421.75,7422.0,91
2026-07-28 05:51:00+00:00,7421.75,7425.5,7421.75,7424.0,236
2026-07-28 05:52:00+00:00,7424.0,7424.75,7423.75,7424.0,118
2026-07-28 05:53:00+00:00,7424.25,7424.5,7424.0,7424.25,133
2026-07-28 05:54:00+00:00,7424.0,7424.25,7422.5,7423.5,262
2026-07-28 05:55:00+00:00,7423.5,7424.25,7422.0,7422.0,71
2026-07-28 05:56:00+00:00,7422.25,7422.25,7421.75,7421.75,92
2026-07-28 05:57:00+00:00,7421.5,7421.5,7420.0,7420.25,130
2026-07-28 05:58:00+00:00,7420.25,7420.5,7419.5,7420.0,83
2026-07-28 05:59:00+00:00,7420.0,7420.75,7419.75,7420.75,78
2026-07-28 06:00:00+00:00,7421.25,7423.75,7421.0,7422.75,344
2026-07-28 06:01:00+00:00,7422.75,7424.5,7422.5,7423.75,241
2026-07-28 06:02:00+00:00,7423.75,7423.75,7421.0,7421.5,225
2026-07-28 06:03:00+00:00,7421.5,7422.0,7420.5,7421.0,234
2026-07-28 06:04:00+00:00,7421.25,7421.5,7420.0,7420.0,176
2026-07-28 06:05:00+00:00,7420.25,7420.75,7419.5,7420.75,295
2026-07-28 06:06:00+00:00,7421.0,7422.0,7420.0,7422.0,249
2026-07-28 06:07:00+00:00,7422.25,7423.0,7421.5,7422.25,241
2026-07-28 06:08:00+00:00,7422.5,7422.75,7421.75,7422.75,157
2026-07-28 06:09:00+00:00,7422.75,7423.5,7421.25,7421.75,183
2026-07-28 06:10:00+00:00,7421.75,7422.0,7420.25,7421.0,199
2026-07-28 06:11:00+00:00,7420.75,7421.5,7420.5,7420.75,161
2026-07-28 06:12:00+00:00,7421.0,7421.25,7420.25,7420.75,106
2026-07-28 06:13:00+00:00,7420.75,7423.75,7420.5,7423.25,226
2026-07-28 06:14:00+00:00,7423.25,7423.75,7422.25,7423.0,211
2026-07-28 06:15:00+00:00,7423.0,7425.5,7423.0,7424.75,316
2026-07-28 06:16:00+00:00,7424.5,7424.75,7423.5,7424.25,220
2026-07-28 06:17:00+00:00,7424.5,7426.5,7424.25,7425.5,230
2026-07-28 06:18:00+00:00,7425.0,7425.25,7424.5,7424.75,145
2026-07-28 06:19:00+00:00,7424.75,7425.25,7424.75,7424.75,109
2026-07-28 06:20:00+00:00,7424.5,7425.75,7422.25,7424.0,1635
2026-07-28 06:21:00+00:00,7424.0,7426.0,7424.0,7425.75,195
2026-07-28 06:22:00+00:00,7426.0,7426.5,7425.5,7425.75,223
2026-07-28 06:23:00+00:00,7425.25,7425.5,7422.25,7422.5,206
2026-07-28 06:24:00+00:00,7422.5,7423.75,7419.75,7423.5,938
2026-07-28 06:25:00+00:00,7423.5,7424.0,7422.0,7424.0,582
2026-07-28 06:26:00+00:00,7423.75,7425.75,7423.25,7424.0,774
2026-07-28 06:27:00+00:00,7424.0,7424.25,7422.5,7423.25,171
2026-07-28 06:28:00+00:00,7423.5,7425.75,7423.25,7425.75,196
2026-07-28 06:29:00+00:00,7425.75,7425.75,7425.0,7425.5,118
2026-07-28 06:30:00+00:00,7425.5,7426.25,7424.25,7424.5,293
2026-07-28 06:31:00+00:00,7424.5,7426.0,7424.5,7426.0,136
2026-07-28 06:32:00+00:00,7426.0,7426.25,7424.5,7425.0,136
2026-07-28 06:33:00+00:00,7424.5,7425.0,7423.75,7425.0,172
2026-07-28 06:34:00+00:00,7424.75,7426.25,7424.5,7425.5,204
2026-07-28 06:35:00+00:00,7425.5,7428.0,7425.5,7427.75,185
2026-07-28 06:36:00+00:00,7427.5,7428.5,7426.75,7428.5,298
2026-07-28 06:37:00+00:00,7428.75,7428.75,7425.0,7425.0,181
2026-07-28 06:38:00+00:00,7425.0,7426.0,7425.0,7425.5,59
2026-07-28 06:39:00+00:00,7425.5,7427.5,7425.5,7427.25,144
2026-07-28 06:40:00+00:00,7427.25,7429.0,7427.0,7428.75,174
2026-07-28 06:41:00+00:00,7428.75,7429.5,7428.25,7428.25,131
2026-07-28 06:42:00+00:00,7428.5,7428.5,7427.25,7427.75,116
2026-07-28 06:43:00+00:00,7428.0,7428.5,7427.5,7427.5,134
2026-07-28 06:44:00+00:00,7427.75,7428.5,7427.25,7427.25,99
2026-07-28 06:45:00+00:00,7427.25,7427.25,7425.5,7425.75,161
2026-07-28 06:46:00+00:00,7425.5,7426.5,7425.0,7426.5,153
2026-07-28 06:47:00+00:00,7426.5,7426.5,7424.25,7424.75,197
2026-07-28 06:48:00+00:00,7425.0,7425.5,7424.5,7425.5,200
2026-07-28 06:49:00+00:00,7425.5,7426.0,7425.0,7425.5,119
2026-07-28 06:50:00+00:00,7425.5,7426.25,7425.0,7426.25,89
2026-07-28 06:51:00+00:00,7426.25,7426.25,7425.25,7425.25,99
2026-07-28 06:52:00+00:00,7425.25,7426.25,7425.0,7425.5,139
2026-07-28 06:53:00+00:00,7425.25,7427.0,7425.25,7426.5,94
2026-07-28 06:54:00+00:00,7426.25,7427.25,7426.25,7427.25,90
2026-07-28 06:55:00+00:00,7427.25,7428.75,7427.25,7428.75,192
2026-07-28 06:56:00+00:00,7428.75,7429.0,7428.0,7428.75,117
2026-07-28 06:57:00+00:00,7428.75,7431.0,7428.75,7430.25,294
2026-07-28 06:58:00+00:00,7430.25,7431.5,7429.5,7430.75,249
2026-07-28 06:59:00+00:00,7430.5,7430.75,7428.75,7429.75,170
2026-07-28 07:00:00+00:00,7429.75,7432.5,7429.75,7431.75,592
2026-07-28 07:01:00+00:00,7431.75,7433.5,7431.0,7433.0,780
2026-07-28 07:02:00+00:00,7432.75,7433.25,7431.5,7432.0,443
2026-07-28 07:03:00+00:00,7432.25,7432.75,7430.5,7431.25,270
2026-07-28 07:04:00+00:00,7431.0,7431.25,7429.5,7430.5,204
2026-07-28 07:05:00+00:00,7431.0,7431.25,7429.0,7430.0,289
2026-07-28 07:06:00+00:00,7430.5,7430.75,7429.0,7429.5,182
2026-07-28 07:07:00+00:00,7429.75,7432.25,7429.5,7432.0,293
2026-07-28 07:08:00+00:00,7432.0,7434.5,7431.75,7434.25,378
2026-07-28 07:09:00+00:00,7434.25,7436.25,7433.75,7435.25,504
2026-07-28 07:10:00+00:00,7435.25,7435.75,7434.0,7434.25,364
2026-07-28 07:11:00+00:00,7434.25,7436.0,7433.75,7435.5,298
2026-07-28 07:12:00+00:00,7435.75,7436.75,7435.5,7436.0,372
2026-07-28 07:13:00+00:00,7436.0,7436.5,7435.0,7435.0,236
2026-07-28 07:14:00+00:00,7435.0,7436.5,7434.75,7435.75,125
2026-07-28 07:15:00+00:00,7435.75,7437.75,7435.5,7436.75,328
2026-07-28 07:16:00+00:00,7436.75,7437.75,7436.5,7437.5,319
2026-07-28 07:17:00+00:00,7437.5,7438.25,7436.75,7437.5,211
2026-07-28 07:18:00+00:00,7437.5,7438.0,7436.75,7438.0,140
2026-07-28 07:19:00+00:00,7438.25,7438.5,7436.5,7436.5,227
2026-07-28 07:20:00+00:00,7436.5,7437.25,7435.25,7435.75,336
2026-07-28 07:21:00+00:00,7435.5,7437.75,7435.5,7437.5,216
2026-07-28 07:22:00+00:00,7437.25,7437.5,7436.25,7437.5,150
2026-07-28 07:23:00+00:00,7437.25,7437.75,7436.5,7436.75,123
2026-07-28 07:24:00+00:00,7436.75,7436.75,7435.25,7435.25,139
2026-07-28 07:25:00+00:00,7435.25,7436.75,7434.75,7436.5,260
2026-07-28 07:26:00+00:00,7436.5,7437.25,7436.0,7436.5,156
2026-07-28 07:27:00+00:00,7436.75,7436.75,7434.25,7434.5,176
2026-07-28 07:28:00+00:00,7434.5,7436.0,7434.25,7434.25,567
2026-07-28 07:29:00+00:00,7434.0,7435.5,7434.0,7435.25,251
2026-07-28 07:30:00+00:00,7435.0,7435.25,7434.0,7434.5,211
2026-07-28 07:31:00+00:00,7434.5,7435.75,7434.5,7435.0,157
2026-07-28 07:32:00+00:00,7435.0,7436.0,7434.5,7435.75,341
2026-07-28 07:33:00+00:00,7435.5,7435.75,7434.25,7435.0,238
2026-07-28 07:34:00+00:00,7435.25,7436.0,7435.0,7435.5,222
2026-07-28 07:35:00+00:00,7435.75,7437.0,7435.25,7436.25,177
2026-07-28 07:36:00+00:00,7436.25,7436.75,7435.5,7435.75,128
2026-07-28 07:37:00+00:00,7436.0,7436.25,7433.25,7433.5,191
2026-07-28 07:38:00+00:00,7433.5,7434.75,7433.25,7434.5,166
2026-07-28 07:39:00+00:00,7434.25,7437.0,7434.0,7436.5,155
2026-07-28 07:40:00+00:00,7436.5,7437.5,7436.5,7437.0,117
2026-07-28 07:41:00+00:00,7437.0,7437.0,7435.25,7435.75,95
2026-07-28 07:42:00+00:00,7435.5,7436.75,7435.0,7435.75,396
2026-07-28 07:43:00+00:00,7435.75,7436.25,7435.25,7435.75,96
2026-07-28 07:44:00+00:00,7435.5,7435.5,7434.0,7434.5,136
2026-07-28 07:45:00+00:00,7434.25,7434.75,7432.0,7432.0,363
2026-07-28 07:46:00+00:00,7432.25,7432.5,7431.5,7432.25,143
2026-07-28 07:47:00+00:00,7432.25,7432.5,7431.25,7431.75,120
2026-07-28 07:48:00+00:00,7431.75,7432.0,7429.75,7430.25,220
2026-07-28 07:49:00+00:00,7430.5,7432.0,7429.25,7431.25,186
2026-07-28 07:50:00+00:00,7431.25,7432.0,7430.5,7431.25,192
2026-07-28 07:51:00+00:00,7431.0,7434.0,7430.75,7433.5,533
2026-07-28 07:52:00+00:00,7433.25,7436.5,7432.0,7436.25,392
2026-07-28 07:53:00+00:00,7436.25,7436.25,7434.0,7434.75,174
2026-07-28 07:54:00+00:00,7434.5,7436.0,7434.5,7435.5,178
2026-07-28 07:55:00+00:00,7435.75,7436.5,7434.25,7435.5,159
2026-07-28 07:56:00+00:00,7435.75,7436.5,7435.0,7435.0,207
2026-07-28 07:57:00+00:00,7435.0,7435.0,7433.75,7434.0,125
2026-07-28 07:58:00+00:00,7433.75,7434.0,7432.5,7433.25,170
2026-07-28 07:59:00+00:00,7433.25,7433.5,7432.5,7433.25,178
2026-07-28 08:00:00+00:00,7433.5,7433.5,7429.25,7431.0,609
2026-07-28 08:01:00+00:00,7430.75,7432.75,7430.25,7431.75,569
2026-07-28 08:02:00+00:00,7431.5,7436.25,7431.5,7435.75,529
2026-07-28 08:03:00+00:00,7435.5,7436.5,7434.0,7434.75,544
2026-07-28 08:04:00+00:00,7435.0,7435.25,7433.75,7434.25,423
2026-07-28 08:05:00+00:00,7434.25,7435.5,7434.25,7434.5,359
2026-07-28 08:06:00+00:00,7434.75,7436.25,7434.25,7435.75,451
2026-07-28 08:07:00+00:00,7435.5,7435.5,7431.25,7432.75,446
2026-07-28 08:08:00+00:00,7432.75,7433.0,7430.25,7430.25,481
2026-07-28 08:09:00+00:00,7430.25,7430.5,7429.25,7429.5,292
2026-07-28 08:10:00+00:00,7429.5,7429.5,7426.5,7426.75,433
2026-07-28 08:11:00+00:00,7426.5,7427.25,7425.25,7425.75,455
2026-07-28 08:12:00+00:00,7426.0,7427.25,7425.5,7426.5,416
2026-07-28 08:13:00+00:00,7426.5,7427.0,7425.75,7427.0,238
2026-07-28 08:14:00+00:00,7426.75,7426.75,7425.5,7426.25,281
2026-07-28 08:15:00+00:00,7426.25,7432.25,7425.5,7432.25,704
2026-07-28 08:16:00+00:00,7432.25,7433.5,7431.0,7432.0,578
2026-07-28 08:17:00+00:00,7432.0,7433.25,7431.75,7432.25,305
2026-07-28 08:18:00+00:00,7432.25,7434.25,7431.75,7433.75,412
2026-07-28 08:19:00+00:00,7433.75,7438.0,7433.75,7436.5,672
2026-07-28 08:20:00+00:00,7436.25,7438.75,7436.25,7438.25,524
2026-07-28 08:21:00+00:00,7438.5,7440.0,7437.75,7438.5,430
2026-07-28 08:22:00+00:00,7438.5,7439.25,7437.25,7437.5,300
2026-07-28 08:23:00+00:00,7437.25,7440.5,7436.5,7440.0,395
2026-07-28 08:24:00+00:00,7439.75,7444.5,7439.75,7443.25,1060
2026-07-28 08:25:00+00:00,7443.0,7443.25,7440.5,7440.75,361
2026-07-28 08:26:00+00:00,7440.75,7441.5,7439.75,7441.25,251
2026-07-28 08:27:00+00:00,7441.25,7442.25,7441.0,7441.75,192
2026-07-28 08:28:00+00:00,7442.0,7442.0,7440.75,7441.0,238
2026-07-28 08:29:00+00:00,7441.0,7442.75,7441.0,7442.75,272
2026-07-28 08:30:00+00:00,7443.0,7443.5,7438.75,7439.25,362
2026-07-28 08:31:00+00:00,7439.25,7440.5,7439.0,7439.75,223
2026-07-28 08:32:00+00:00,7440.0,7440.5,7438.75,7439.0,160
2026-07-28 08:33:00+00:00,7439.0,7441.25,7439.0,7440.75,258
2026-07-28 08:34:00+00:00,7440.25,7443.5,7439.75,7443.0,323
2026-07-28 08:35:00+00:00,7442.75,7443.0,7441.75,7442.25,220
2026-07-28 08:36:00+00:00,7442.25,7442.5,7441.0,7441.5,141
2026-07-28 08:37:00+00:00,7441.5,7442.5,7440.25,7442.5,202
2026-07-28 08:38:00+00:00,7442.5,7444.75,7442.25,7443.75,425
2026-07-28 08:39:00+00:00,7443.75,7443.75,7442.25,7442.5,167
2026-07-28 08:40:00+00:00,7443.0,7445.25,7442.75,7444.5,247
2026-07-28 08:41:00+00:00,7444.75,7446.25,7444.5,7445.75,344
2026-07-28 08:42:00+00:00,7445.75,7446.25,7444.25,7445.5,235
2026-07-28 08:43:00+00:00,7445.5,7446.25,7445.25,7445.75,235
2026-07-28 08:44:00+00:00,7445.75,7446.0,7444.25,7444.5,218
2026-07-28 08:45:00+00:00,7444.5,7445.25,7443.75,7444.0,294
2026-07-28 08:46:00+00:00,7444.25,7445.0,7443.5,7444.75,165
2026-07-28 08:47:00+00:00,7444.75,7448.5,7444.0,7446.5,712
2026-07-28 08:48:00+00:00,7446.25,7447.25,7445.5,7446.0,233
2026-07-28 08:49:00+00:00,7446.0,7446.5,7445.5,7445.5,142
2026-07-28 08:50:00+00:00,7445.75,7449.0,7445.5,7448.0,301
2026-07-28 08:51:00+00:00,7447.75,7447.75,7444.75,7445.0,214
2026-07-28 08:52:00+00:00,7445.25,7445.5,7444.5,7444.75,242
2026-07-28 08:53:00+00:00,7444.5,7444.5,7443.25,7443.25,174
2026-07-28 08:54:00+00:00,7443.25,7443.25,7442.25,7442.5,142
2026-07-28 08:55:00+00:00,7442.5,7442.5,7440.25,7440.75,776
2026-07-28 08:56:00+00:00,7440.75,7441.75,7440.75,7441.5,204
2026-07-28 08:57:00+00:00,7441.25,7442.0,7440.5,7441.0,138
2026-07-28 08:58:00+00:00,7441.0,7441.75,7441.0,7441.75,109
2026-07-28 08:59:00+00:00,7442.0,7442.0,7441.0,7442.0,97
2026-07-28 09:00:00+00:00,7441.75,7442.5,7441.0,7442.5,225
2026-07-28 09:01:00+00:00,7442.25,7443.25,7441.5,7442.75,240
2026-07-28 09:02:00+00:00,7443.0,7443.0,7441.25,7443.0,122
2026-07-28 09:03:00+00:00,7443.0,7443.25,7441.0,7441.75,127
2026-07-28 09:04:00+00:00,7441.5,7442.0,7440.25,7441.5,267
2026-07-28 09:05:00+00:00,7441.25,7442.75,7441.25,7442.5,80
2026-07-28 09:06:00+00:00,7442.5,7443.5,7442.25,7442.75,147
2026-07-28 09:07:00+00:00,7442.75,7443.25,7442.0,7442.75,94
2026-07-28 09:08:00+00:00,7443.0,7444.0,7442.5,7442.75,153
2026-07-28 09:09:00+00:00,7442.5,7443.75,7442.25,7443.0,88
2026-07-28 09:10:00+00:00,7443.0,7444.5,7442.5,7443.5,190
2026-07-28 09:11:00+00:00,7443.5,7444.5,7443.5,7444.5,110
2026-07-28 09:12:00+00:00,7444.5,7445.25,7443.25,7443.25,142
2026-07-28 09:13:00+00:00,7443.0,7443.75,7441.5,7441.5,115
2026-07-28 09:14:00+00:00,7441.5,7442.25,7440.75,7441.5,146
2026-07-28 09:15:00+00:00,7441.75,7442.75,7441.75,7442.25,120
2026-07-28 09:16:00+00:00,7442.25,7443.75,7442.25,7443.25,138
2026-07-28 09:17:00+00:00,7443.25,7444.25,7442.75,7442.75,104
2026-07-28 09:18:00+00:00,7442.75,7443.0,7441.75,7443.0,103
2026-07-28 09:19:00+00:00,7443.25,7443.75,7442.5,7443.75,176
2026-07-28 09:20:00+00:00,7443.75,7444.25,7443.25,7443.25,148
2026-07-28 09:21:00+00:00,7443.5,7444.0,7443.25,7444.0,111
2026-07-28 09:22:00+00:00,7444.0,7444.5,7443.75,7444.0,88
2026-07-28 09:23:00+00:00,7443.75,7444.25,7443.75,7444.0,121
2026-07-28 09:24:00+00:00,7443.75,7444.25,7443.75,7444.0,79
2026-07-28 09:25:00+00:00,7444.0,7444.0,7443.25,7443.75,122
2026-07-28 09:26:00+00:00,7443.75,7445.0,7443.5,7444.25,74
2026-07-28 09:27:00+00:00,7444.25,7444.5,7443.75,7444.25,82
2026-07-28 09:28:00+00:00,7444.25,7444.75,7444.0,7444.75,81
2026-07-28 09:29:00+00:00,7444.75,7445.75,7444.75,7445.25,118
2026-07-28 09:30:00+00:00,7445.5,7445.5,7443.0,7443.0,242
2026-07-28 09:31:00+00:00,7443.25,7444.25,7443.25,7443.75,131
2026-07-28 09:32:00+00:00,7444.0,7444.0,7443.0,7443.25,136
2026-07-28 09:33:00+00:00,7443.25,7444.0,7442.75,7444.0,89
2026-07-28 09:34:00+00:00,7444.0,7444.0,7443.0,7443.25,168
2026-07-28 09:35:00+00:00,7443.5,7443.5,7442.0,7443.5,346
2026-07-28 09:36:00+00:00,7443.5,7443.5,7442.25,7442.75,229
2026-07-28 09:37:00+00:00,7442.5,7443.0,7441.5,7441.5,247
2026-07-28 09:38:00+00:00,7441.75,7443.25,7441.75,7442.75,160
2026-07-28 09:39:00+00:00,7442.75,7443.0,7442.25,7442.75,166
2026-07-28 09:40:00+00:00,7442.75,7443.25,7442.25,7442.5,123
2026-07-28 09:41:00+00:00,7442.5,7444.0,7442.5,7443.0,192
2026-07-28 09:42:00+00:00,7443.0,7444.5,7442.75,7444.25,124
2026-07-28 09:43:00+00:00,7444.0,7444.25,7443.5,7443.5,86
2026-07-28 09:44:00+00:00,7443.5,7443.5,7441.5,7442.25,169
2026-07-28 09:45:00+00:00,7442.5,7443.25,7442.25,7442.5,91
2026-07-28 09:46:00+00:00,7442.75,7443.25,7442.25,7442.25,120
2026-07-28 09:47:00+00:00,7442.5,7442.5,7442.0,7442.25,85
2026-07-28 09:48:00+00:00,7442.25,7442.5,7441.5,7442.25,252
2026-07-28 09:49:00+00:00,7442.0,7443.5,7442.0,7443.25,110
2026-07-28 09:50:00+00:00,7443.5,7444.75,7443.5,7443.5,137
2026-07-28 09:51:00+00:00,7444.0,7444.0,7442.75,7443.0,94
2026-07-28 09:52:00+00:00,7443.0,7443.0,7442.25,7443.0,72
2026-07-28 09:53:00+00:00,7443.25,7443.25,7442.0,7442.25,144
2026-07-28 09:54:00+00:00,7442.25,7442.5,7441.75,7442.0,81
2026-07-28 09:55:00+00:00,7442.0,7442.25,7441.75,7442.0,110
2026-07-28 09:56:00+00:00,7441.75,7442.5,7440.75,7440.75,182
2026-07-28 09:57:00+00:00,7441.0,7441.25,7439.0,7439.0,182
2026-07-28 09:58:00+00:00,7438.75,7439.5,7438.0,7439.25,207
2026-07-28 09:59:00+00:00,7439.25,7440.25,7439.25,7439.75,197
2026-07-28 10:00:00+00:00,7439.5,7440.25,7438.25,7440.0,241
2026-07-28 10:01:00+00:00,7440.0,7440.75,7439.75,7440.25,161
2026-07-28 10:02:00+00:00,7440.25,7441.0,7440.0,7440.25,68
2026-07-28 10:03:00+00:00,7440.25,7440.5,7439.0,7440.25,230
2026-07-28 10:04:00+00:00,7440.25,7441.25,7440.25,7440.75,90
2026-07-28 10:05:00+00:00,7440.75,7440.75,7439.75,7440.0,133
2026-07-28 10:06:00+00:00,7439.75,7441.0,7439.5,7440.25,62
2026-07-28 10:07:00+00:00,7440.0,7440.0,7439.0,7439.75,135
2026-07-28 10:08:00+00:00,7439.75,7439.75,7438.0,7438.25,240
2026-07-28 10:09:00+00:00,7438.25,7440.0,7438.0,7439.5,126
2026-07-28 10:10:00+00:00,7439.5,7439.5,7438.25,7439.0,163
2026-07-28 10:11:00+00:00,7438.75,7439.75,7438.0,7439.75,145
2026-07-28 10:12:00+00:00,7439.75,7441.0,7439.5,7439.5,183
2026-07-28 10:13:00+00:00,7439.5,7440.5,7439.5,7439.75,125
2026-07-28 10:14:00+00:00,7440.0,7440.25,7438.75,7439.0,102
2026-07-28 10:15:00+00:00,7439.0,7439.75,7438.75,7438.75,87
2026-07-28 10:16:00+00:00,7438.75,7441.75,7438.5,7440.75,322
2026-07-28 10:17:00+00:00,7440.75,7441.75,7440.5,7441.5,148
2026-07-28 10:18:00+00:00,7441.75,7441.75,7440.75,7441.5,86
2026-07-28 10:19:00+00:00,7441.75,7442.25,7441.5,7442.0,144
2026-07-28 10:20:00+00:00,7442.0,7442.25,7440.75,7441.0,105
2026-07-28 10:21:00+00:00,7441.0,7441.0,7437.25,7439.0,256
2026-07-28 10:22:00+00:00,7438.75,7439.25,7438.0,7438.5,260
2026-07-28 10:23:00+00:00,7438.5,7438.5,7437.75,7437.75,64
2026-07-28 10:24:00+00:00,7437.75,7439.25,7437.75,7439.25,146
2026-07-28 10:25:00+00:00,7439.25,7439.5,7438.0,7438.0,143
2026-07-28 10:26:00+00:00,7438.0,7438.0,7436.75,7437.25,135
2026-07-28 10:27:00+00:00,7437.25,7439.0,7437.25,7439.0,127
2026-07-28 10:28:00+00:00,7439.25,7441.0,7439.25,7440.75,245
2026-07-28 10:29:00+00:00,7440.75,7442.5,7440.75,7442.5,131
2026-07-28 10:30:00+00:00,7442.5,7444.0,7441.5,7443.75,619
2026-07-28 10:31:00+00:00,7443.75,7444.25,7443.25,7443.25,404
2026-07-28 10:32:00+00:00,7443.25,7443.5,7442.25,7443.0,87
2026-07-28 10:33:00+00:00,7443.0,7443.25,7441.0,7441.75,191
2026-07-28 10:34:00+00:00,7441.75,7442.0,7438.5,7439.75,807
2026-07-28 10:35:00+00:00,7439.5,7440.0,7435.25,7437.0,1828
2026-07-28 10:36:00+00:00,7437.25,7438.5,7436.0,7438.25,376
2026-07-28 10:37:00+00:00,7438.25,7440.25,7438.25,7438.75,245
2026-07-28 10:38:00+00:00,7438.75,7439.0,7437.25,7438.0,165
2026-07-28 10:39:00+00:00,7438.0,7439.0,7436.0,7436.25,226
2026-07-28 10:40:00+00:00,7436.0,7436.0,7433.75,7434.5,542
2026-07-28 10:41:00+00:00,7434.5,7435.25,7434.25,7435.0,229
2026-07-28 10:42:00+00:00,7434.75,7436.75,7434.75,7435.75,237
2026-07-28 10:43:00+00:00,7435.75,7436.0,7434.75,7435.0,160
2026-07-28 10:44:00+00:00,7435.0,7437.0,7435.0,7437.0,204
2026-07-28 10:45:00+00:00,7437.0,7437.75,7436.5,7436.75,231
2026-07-28 10:46:00+00:00,7436.75,7438.5,7436.75,7438.25,190
2026-07-28 10:47:00+00:00,7438.25,7439.5,7438.0,7439.25,288
2026-07-28 10:48:00+00:00,7439.25,7441.25,7438.0,7441.0,448
2026-07-28 10:49:00+00:00,7440.75,7441.0,7438.75,7438.75,312
2026-07-28 10:50:00+00:00,7438.75,7439.75,7438.5,7438.75,125
2026-07-28 10:51:00+00:00,7438.75,7439.5,7438.5,7439.5,183
2026-07-28 10:52:00+00:00,7439.25,7439.25,7437.75,7438.25,123
2026-07-28 10:53:00+00:00,7438.5,7440.75,7438.0,7440.5,102
2026-07-28 10:54:00+00:00,7440.25,7441.5,7440.25,7441.5,200
2026-07-28 10:55:00+00:00,7441.5,7441.75,7440.5,7441.25,304
2026-07-28 10:56:00+00:00,7441.25,7441.75,7440.5,7441.25,154
2026-07-28 10:57:00+00:00,7441.25,7441.75,7440.25,7440.75,134
2026-07-28 10:58:00+00:00,7440.5,7441.75,7440.5,7441.0,254
2026-07-28 10:59:00+00:00,7440.75,7442.5,7440.0,7442.25,616
2026-07-28 11:00:00+00:00,7442.25,7446.25,7440.0,7444.0,1572
2026-07-28 11:01:00+00:00,7444.0,7444.5,7441.5,7441.75,478
2026-07-28 11:02:00+00:00,7441.75,7441.75,7439.75,7440.75,546
2026-07-28 11:03:00+00:00,7440.75,7441.0,7438.75,7438.75,420
2026-07-28 11:04:00+00:00,7438.75,7440.0,7438.25,7439.0,565
2026-07-28 11:05:00+00:00,7438.75,7440.5,7437.0,7440.5,644
2026-07-28 11:06:00+00:00,7440.5,7441.5,7439.5,7440.75,571
2026-07-28 11:07:00+00:00,7440.75,7440.75,7437.0,7438.0,325
2026-07-28 11:08:00+00:00,7437.75,7438.75,7437.25,7438.0,287
2026-07-28 11:09:00+00:00,7438.0,7438.5,7437.25,7437.5,288
2026-07-28 11:10:00+00:00,7437.5,7437.75,7436.5,7437.25,249
2026-07-28 11:11:00+00:00,7437.25,7437.25,7434.75,7435.0,587
2026-07-28 11:12:00+00:00,7435.0,7436.5,7434.25,7434.5,264
2026-07-28 11:13:00+00:00,7434.25,7434.5,7433.25,7433.5,447
2026-07-28 11:14:00+00:00,7433.5,7434.75,7432.5,7433.25,422
2026-07-28 11:15:00+00:00,7433.25,7445.0,7433.25,7442.25,2977
2026-07-28 11:16:00+00:00,7442.25,7442.25,7440.25,7440.5,498
2026-07-28 11:17:00+00:00,7440.25,7442.25,7440.25,7441.5,320
2026-07-28 11:18:00+00:00,7441.5,7450.0,7441.5,7446.0,1683
2026-07-28 11:19:00+00:00,7446.25,7447.25,7445.75,7446.5,310
2026-07-28 11:20:00+00:00,7446.5,7448.25,7444.25,7444.5,606
2026-07-28 11:21:00+00:00,7444.5,7445.75,7443.75,7444.25,385
2026-07-28 11:22:00+00:00,7444.0,7445.25,7442.5,7445.25,385
2026-07-28 11:23:00+00:00,7445.25,7446.0,7444.5,7445.0,310
2026-07-28 11:24:00+00:00,7445.0,7446.25,7442.75,7442.75,441
2026-07-28 11:25:00+00:00,7442.5,7442.75,7441.0,7441.0,499
2026-07-28 11:26:00+00:00,7440.75,7441.5,7439.25,7439.25,278
2026-07-28 11:27:00+00:00,7439.5,7439.75,7438.0,7439.0,262
2026-07-28 11:28:00+00:00,7438.75,7439.5,7437.5,7438.75,344
2026-07-28 11:29:00+00:00,7439.0,7440.75,7438.0,7438.0,335
2026-07-28 11:30:00+00:00,7438.0,7438.25,7435.5,7436.75,694
2026-07-28 11:31:00+00:00,7436.75,7438.0,7436.75,7437.75,317
2026-07-28 11:32:00+00:00,7437.75,7439.25,7437.25,7438.5,382
2026-07-28 11:33:00+00:00,7438.0,7439.75,7437.5,7439.5,160
2026-07-28 11:34:00+00:00,7439.25,7440.0,7437.75,7438.0,399
2026-07-28 11:35:00+00:00,7438.0,7439.5,7437.75,7439.25,280
2026-07-28 11:36:00+00:00,7439.0,7450.0,7438.25,7445.0,2115
2026-07-28 11:37:00+00:00,7444.75,7445.0,7443.0,7443.75,384
2026-07-28 11:38:00+00:00,7443.75,7444.5,7442.0,7442.0,570
2026-07-28 11:39:00+00:00,7441.75,7441.75,7437.25,7437.5,1001
2026-07-28 11:40:00+00:00,7437.5,7437.5,7433.75,7434.5,1847
2026-07-28 11:41:00+00:00,7434.5,7435.0,7433.5,7434.25,578
2026-07-28 11:42:00+00:00,7434.5,7434.75,7433.0,7433.5,493
2026-07-28 11:43:00+00:00,7433.75,7437.0,7433.75,7436.25,562
2026-07-28 11:44:00+00:00,7436.25,7439.0,7435.5,7437.5,287
2026-07-28 11:45:00+00:00,7437.5,7440.5,7437.0,7440.5,366
2026-07-28 11:46:00+00:00,7440.5,7442.0,7439.75,7442.0,297
2026-07-28 11:47:00+00:00,7442.25,7445.0,7441.75,7444.75,541
2026-07-28 11:48:00+00:00,7444.5,7446.25,7444.25,7445.75,400
2026-07-28 11:49:00+00:00,7445.75,7446.75,7442.75,7443.5,465
2026-07-28 11:50:00+00:00,7443.25,7444.0,7441.75,7442.5,308
2026-07-28 11:51:00+00:00,7443.25,7445.5,7443.0,7445.5,216
2026-07-28 11:52:00+00:00,7445.25,7446.0,7444.25,7444.75,244
2026-07-28 11:53:00+00:00,7444.5,7445.25,7443.25,7445.0,276
2026-07-28 11:54:00+00:00,7444.75,7445.25,7444.25,7444.25,161
2026-07-28 11:55:00+00:00,7444.5,7446.25,7444.5,7445.5,338
2026-07-28 11:56:00+00:00,7445.5,7447.5,7445.25,7447.5,766
2026-07-28 11:57:00+00:00,7447.5,7448.5,7447.25,7447.5,566
2026-07-28 11:58:00+00:00,7447.5,7451.0,7447.5,7450.75,816
2026-07-28 11:59:00+00:00,7451.0,7452.5,7450.5,7450.75,518
2026-07-28 12:00:00+00:00,7450.75,7452.5,7450.75,7451.25,608
2026-07-28 12:01:00+00:00,7451.0,7451.5,7449.25,7449.75,380
2026-07-28 12:02:00+00:00,7449.5,7450.5,7449.0,7450.5,648
2026-07-28 12:03:00+00:00,7450.5,7451.0,7449.5,7451.0,359
2026-07-28 12:04:00+00:00,7451.0,7454.0,7450.75,7452.75,529
2026-07-28 12:05:00+00:00,7452.75,7454.25,7452.0,7453.5,418
2026-07-28 12:06:00+00:00,7453.25,7455.0,7452.0,7452.25,444
2026-07-28 12:07:00+00:00,7452.5,7453.25,7452.0,7452.25,435
2026-07-28 12:08:00+00:00,7452.0,7452.75,7451.5,7451.75,328
2026-07-28 12:09:00+00:00,7451.75,7453.5,7451.25,7453.0,364
2026-07-28 12:10:00+00:00,7452.75,7453.25,7450.0,7450.5,351
2026-07-28 12:11:00+00:00,7450.5,7450.75,7449.75,7450.0,269
2026-07-28 12:12:00+00:00,7450.0,7450.75,7449.25,7450.0,470
2026-07-28 12:13:00+00:00,7449.75,7450.5,7448.25,7450.25,647
2026-07-28 12:14:00+00:00,7450.25,7451.0,7449.5,7450.5,166
2026-07-28 12:15:00+00:00,7450.75,7451.0,7448.75,7449.5,288
2026-07-28 12:16:00+00:00,7449.5,7450.5,7448.5,7450.25,368
2026-07-28 12:17:00+00:00,7450.0,7450.5,7448.75,7449.0,286
2026-07-28 12:18:00+00:00,7449.0,7450.25,7448.5,7450.0,494
2026-07-28 12:19:00+00:00,7449.75,7451.25,7449.25,7451.0,621
2026-07-28 12:20:00+00:00,7451.0,7451.5,7449.5,7450.25,275
2026-07-28 12:21:00+00:00,7450.5,7452.75,7450.0,7452.5,269
2026-07-28 12:22:00+00:00,7452.25,7452.5,7451.0,7451.25,136
2026-07-28 12:23:00+00:00,7451.0,7453.25,7451.0,7451.75,152
2026-07-28 12:24:00+00:00,7451.75,7453.5,7449.75,7453.25,466
2026-07-28 12:25:00+00:00,7453.25,7455.5,7452.25,7455.5,389
2026-07-28 12:26:00+00:00,7455.25,7456.0,7454.0,7455.75,662
2026-07-28 12:27:00+00:00,7455.75,7458.0,7455.5,7457.0,1041
2026-07-28 12:28:00+00:00,7457.0,7457.25,7455.0,7455.0,423
2026-07-28 12:29:00+00:00,7454.75,7457.25,7454.75,7457.0,387
2026-07-28 12:30:00+00:00,7457.25,7459.75,7457.0,7459.0,832
2026-07-28 12:31:00+00:00,7459.25,7459.5,7455.75,7456.25,864
2026-07-28 12:32:00+00:00,7456.25,7458.0,7456.0,7457.5,538
2026-07-28 12:33:00+00:00,7458.0,7458.5,7456.0,7456.25,327
2026-07-28 12:34:00+00:00,7456.5,7457.0,7451.25,7454.25,2788
2026-07-28 12:35:00+00:00,7454.0,7455.5,7453.25,7455.25,439
2026-07-28 12:36:00+00:00,7454.75,7457.75,7453.25,7457.0,993
2026-07-28 12:37:00+00:00,7457.0,7458.0,7454.25,7455.0,776
2026-07-28 12:38:00+00:00,7455.0,7456.75,7454.75,7455.5,467
2026-07-28 12:39:00+00:00,7455.5,7455.75,7453.75,7454.25,330
2026-07-28 12:40:00+00:00,7453.75,7456.5,7453.5,7453.75,678
2026-07-28 12:41:00+00:00,7453.5,7453.75,7452.0,7452.75,885
2026-07-28 12:42:00+00:00,7452.75,7457.25,7452.5,7456.75,484
2026-07-28 12:43:00+00:00,7456.75,7459.0,7456.75,7458.5,758
2026-07-28 12:44:00+00:00,7458.5,7460.5,7458.0,7459.5,992
2026-07-28 12:45:00+00:00,7459.5,7460.75,7458.75,7459.5,704
2026-07-28 12:46:00+00:00,7459.5,7467.0,7459.5,7461.0,2093
2026-07-28 12:47:00+00:00,7461.0,7461.5,7459.75,7460.0,447
2026-07-28 12:48:00+00:00,7460.25,7460.5,7459.0,7459.25,540
2026-07-28 12:49:00+00:00,7459.25,7461.0,7459.0,7460.25,717
2026-07-28 12:50:00+00:00,7460.75,7461.0,7456.5,7456.75,863
2026-07-28 12:51:00+00:00,7456.5,7457.5,7456.0,7457.0,615
2026-07-28 12:52:00+00:00,7457.0,7458.0,7456.5,7457.0,300
2026-07-28 12:53:00+00:00,7456.75,7457.5,7455.5,7455.5,276
2026-07-28 12:54:00+00:00,7455.5,7459.75,7455.5,7459.0,584
2026-07-28 12:55:00+00:00,7459.25,7460.0,7458.0,7458.5,630
2026-07-28 12:56:00+00:00,7458.5,7459.0,7457.75,7458.25,231
2026-07-28 12:57:00+00:00,7458.25,7459.25,7457.25,7457.5,419
2026-07-28 12:58:00+00:00,7457.25,7457.75,7456.0,7456.5,411
2026-07-28 12:59:00+00:00,7456.5,7457.0,7456.0,7456.5,299
2026-07-28 13:00:00+00:00,7456.5,7457.0,7454.0,7454.25,1245
2026-07-28 13:01:00+00:00,7454.25,7454.5,7453.25,7453.5,1220
2026-07-28 13:02:00+00:00,7453.5,7454.5,7452.75,7453.75,964
2026-07-28 13:03:00+00:00,7453.5,7455.25,7453.0,7454.25,600
2026-07-28 13:04:00+00:00,7454.25,7455.0,7453.75,7454.0,355
2026-07-28 13:05:00+00:00,7453.75,7455.0,7453.5,7454.25,381
2026-07-28 13:06:00+00:00,7454.5,7458.25,7454.5,7457.5,887
2026-07-28 13:07:00+00:00,7457.25,7458.0,7456.75,7457.75,440
2026-07-28 13:08:00+00:00,7458.0,7459.25,7457.25,7458.0,501
2026-07-28 13:09:00+00:00,7458.25,7459.0,7457.75,7458.5,355
2026-07-28 13:10:00+00:00,7458.25,7458.5,7457.25,7457.75,423
2026-07-28 13:11:00+00:00,7457.75,7458.0,7455.75,7456.0,544
2026-07-28 13:12:00+00:00,7456.0,7456.75,7455.0,7456.25,397
2026-07-28 13:13:00+00:00,7456.25,7457.5,7456.0,7457.0,363
2026-07-28 13:14:00+00:00,7456.75,7457.5,7455.75,7456.25,381
2026-07-28 13:15:00+00:00,7456.0,7456.75,7455.75,7456.5,397
2026-07-28 13:16:00+00:00,7456.25,7458.0,7456.25,7457.75,370
2026-07-28 13:17:00+00:00,7457.75,7459.0,7457.25,7458.25,391
2026-07-28 13:18:00+00:00,7458.0,7462.25,7458.0,7462.25,1455
2026-07-28 13:19:00+00:00,7462.25,7462.25,7459.0,7459.5,481
2026-07-28 13:20:00+00:00,7459.5,7460.75,7459.0,7460.25,473
2026-07-28 13:21:00+00:00,7460.5,7461.0,7459.75,7460.75,436
2026-07-28 13:22:00+00:00,7460.75,7461.25,7458.0,7458.25,483
2026-07-28 13:23:00+00:00,7458.25,7459.0,7457.0,7457.25,419
2026-07-28 13:24:00+00:00,7457.25,7459.25,7457.0,7459.25,532
2026-07-28 13:25:00+00:00,7459.0,7459.0,7454.5,7456.25,1672
2026-07-28 13:26:00+00:00,7456.5,7457.25,7455.75,7457.0,598
2026-07-28 13:27:00+00:00,7457.0,7457.5,7454.25,7455.75,1557
2026-07-28 13:28:00+00:00,7455.5,7455.5,7451.25,7452.0,2250
2026-07-28 13:29:00+00:00,7451.75,7453.0,7449.0,7449.75,2567
2026-07-28 13:30:00+00:00,7449.75,7452.5,7446.0,7446.0,13589
2026-07-28 13:31:00+00:00,7445.75,7446.75,7440.5,7441.75,9740
2026-07-28 13:32:00+00:00,7441.5,7443.0,7437.75,7440.0,7294
2026-07-28 13:33:00+00:00,7440.0,7443.25,7438.5,7440.5,7504
2026-07-28 13:34:00+00:00,7440.5,7442.75,7438.25,7439.25,5768
2026-07-28 13:35:00+00:00,7439.25,7448.25,7439.25,7447.75,6681
2026-07-28 13:36:00+00:00,7447.75,7448.5,7441.25,7442.25,4465
2026-07-28 13:37:00+00:00,7442.5,7445.75,7438.5,7440.0,3924
2026-07-28 13:38:00+00:00,7439.75,7442.5,7438.0,7438.0,3562
2026-07-28 13:39:00+00:00,7438.0,7439.0,7435.25,7435.5,3671
2026-07-28 13:40:00+00:00,7435.75,7441.0,7434.5,7438.0,5653
2026-07-28 13:41:00+00:00,7438.0,7441.25,7434.75,7435.75,3567
2026-07-28 13:42:00+00:00,7435.75,7436.5,7429.75,7430.5,4914
2026-07-28 13:43:00+00:00,7430.5,7431.5,7423.25,7424.5,6025
2026-07-28 13:44:00+00:00,7424.25,7429.25,7424.25,7428.25,5724
2026-07-28 13:45:00+00:00,7428.0,7431.0,7425.25,7426.0,6352
2026-07-28 13:46:00+00:00,7425.75,7425.75,7420.25,7421.75,5826
2026-07-28 13:47:00+00:00,7422.0,7422.25,7417.0,7417.75,5530
2026-07-28 13:48:00+00:00,7417.5,7429.5,7417.25,7429.0,7120
2026-07-28 13:49:00+00:00,7429.0,7433.5,7427.25,7433.0,6231
2026-07-28 13:50:00+00:00,7432.75,7439.5,7429.0,7429.25,6643
2026-07-28 13:51:00+00:00,7429.25,7431.5,7426.0,7429.0,6337
2026-07-28 13:52:00+00:00,7429.0,7436.75,7428.0,7432.5,4699
2026-07-28 13:53:00+00:00,7432.75,7433.0,7424.75,7430.5,5972
2026-07-28 13:54:00+00:00,7430.5,7433.75,7427.5,7428.0,4314
2026-07-28 13:55:00+00:00,7428.0,7430.25,7424.0,7424.75,4251
2026-07-28 13:56:00+00:00,7424.75,7428.5,7423.0,7428.0,4495
2026-07-28 13:57:00+00:00,7427.75,7429.0,7423.75,7424.5,3711
2026-07-28 13:58:00+00:00,7424.5,7424.75,7421.0,7421.75,3027
2026-07-28 13:59:00+00:00,7421.75,7424.5,7418.75,7422.0,3351
2026-07-28 14:00:00+00:00,7421.75,7432.75,7421.5,7431.75,5201
2026-07-28 14:01:00+00:00,7432.0,7433.0,7427.75,7428.5,3689
2026-07-28 14:02:00+00:00,7428.5,7434.5,7428.25,7431.5,3277
2026-07-28 14:03:00+00:00,7431.75,7433.25,7429.25,7430.5,2304
2026-07-28 14:04:00+00:00,7430.5,7432.5,7428.25,7429.75,2362
2026-07-28 14:05:00+00:00,7429.5,7437.0,7428.5,7437.0,3298
2026-07-28 14:06:00+00:00,7436.75,7438.25,7433.0,7438.0,3992
2026-07-28 14:07:00+00:00,7437.75,7439.5,7431.75,7432.0,4008
2026-07-28 14:08:00+00:00,7432.0,7432.25,7426.0,7431.25,4666
2026-07-28 14:09:00+00:00,7431.25,7432.25,7427.75,7427.75,3515
2026-07-28 14:10:00+00:00,7427.75,7434.5,7427.0,7431.75,4183
2026-07-28 14:11:00+00:00,7432.0,7434.0,7430.25,7433.75,3388
2026-07-28 14:12:00+00:00,7434.0,7435.5,7425.5,7425.5,3216
2026-07-28 14:13:00+00:00,7425.75,7428.5,7423.75,7424.5,3156
2026-07-28 14:14:00+00:00,7424.25,7424.5,7420.0,7423.25,5519
2026-07-28 14:15:00+00:00,7423.5,7428.75,7423.5,7428.5,4664
2026-07-28 14:16:00+00:00,7428.25,7429.25,7422.5,7423.5,3033
2026-07-28 14:17:00+00:00,7423.25,7426.25,7421.5,7424.0,3579
2026-07-28 14:18:00+00:00,7424.0,7428.5,7423.0,7427.0,3841
2026-07-28 14:19:00+00:00,7427.0,7428.0,7422.75,7423.25,3503
2026-07-28 14:20:00+00:00,7423.25,7427.25,7423.0,7423.25,2578
2026-07-28 14:21:00+00:00,7423.25,7430.25,7421.0,7429.75,3832
2026-07-28 14:22:00+00:00,7429.75,7431.75,7422.25,7423.75,4353
2026-07-28 14:23:00+00:00,7423.5,7433.75,7422.5,7433.5,3869
2026-07-28 14:24:00+00:00,7433.25,7436.25,7429.0,7430.0,4986
2026-07-28 14:25:00+00:00,7430.25,7433.0,7428.5,7431.5,2954
2026-07-28 14:26:00+00:00,7431.5,7433.0,7429.25,7431.5,2544
2026-07-28 14:27:00+00:00,7431.5,7434.75,7430.25,7431.0,2797
2026-07-28 14:28:00+00:00,7431.0,7433.25,7429.5,7429.75,1998
2026-07-28 14:29:00+00:00,7429.75,7435.25,7429.0,7434.75,2798
2026-07-28 14:30:00+00:00,7434.75,7437.75,7430.5,7432.0,3447
2026-07-28 14:31:00+00:00,7432.25,7436.75,7430.75,7434.25,2682
2026-07-28 14:32:00+00:00,7434.5,7437.25,7431.25,7433.75,2802
2026-07-28 14:33:00+00:00,7433.75,7435.25,7431.5,7435.25,2404
2026-07-28 14:34:00+00:00,7435.0,7437.0,7429.5,7429.5,2433
2026-07-28 14:35:00+00:00,7429.75,7436.75,7429.0,7436.75,2705
2026-07-28 14:36:00+00:00,7436.5,7442.5,7436.25,7440.75,5851
2026-07-28 14:37:00+00:00,7441.0,7444.0,7438.75,7441.75,3449
2026-07-28 14:38:00+00:00,7441.5,7442.25,7434.25,7434.5,3496
2026-07-28 14:39:00+00:00,7434.25,7434.5,7430.75,7432.75,3310
2026-07-28 14:40:00+00:00,7432.75,7437.75,7431.0,7437.25,3199
2026-07-28 14:41:00+00:00,7437.0,7441.5,7436.5,7441.0,3618
2026-07-28 14:42:00+00:00,7441.25,7441.5,7437.0,7439.75,2394
2026-07-28 14:43:00+00:00,7439.75,7444.0,7438.25,7441.5,3021
2026-07-28 14:44:00+00:00,7441.75,7443.0,7439.5,7440.0,2406
2026-07-28 14:45:00+00:00,7439.75,7442.5,7435.75,7436.75,3918
2026-07-28 14:46:00+00:00,7436.5,7441.25,7436.0,7441.0,2954
2026-07-28 14:47:00+00:00,7441.0,7445.0,7440.75,7444.5,2977
2026-07-28 14:48:00+00:00,7444.25,7449.75,7444.25,7449.25,4596
2026-07-28 14:49:00+00:00,7449.25,7451.75,7448.5,7450.5,3751
2026-07-28 14:50:00+00:00,7450.5,7453.75,7450.0,7452.0,4495
2026-07-28 14:51:00+00:00,7452.0,7455.25,7451.25,7454.5,4176
2026-07-28 14:52:00+00:00,7454.5,7455.25,7448.5,7450.0,3948
2026-07-28 14:53:00+00:00,7450.0,7455.0,7450.0,7452.75,3127
2026-07-28 14:54:00+00:00,7452.5,7452.5,7450.5,7451.75,2768
2026-07-28 14:55:00+00:00,7452.0,7456.0,7450.0,7453.5,4627
2026-07-28 14:56:00+00:00,7453.75,7454.0,7450.0,7450.75,2575
2026-07-28 14:57:00+00:00,7450.5,7450.5,7446.0,7447.25,2321
2026-07-28 14:58:00+00:00,7447.25,7447.75,7445.0,7445.75,1878
2026-07-28 14:59:00+00:00,7445.75,7447.25,7443.0,7444.0,2126
2026-07-28 15:00:00+00:00,7444.25,7449.0,7443.5,7448.75,2456
2026-07-28 15:01:00+00:00,7448.5,7449.25,7445.25,7447.5,2155
2026-07-28 15:02:00+00:00,7447.5,7447.75,7443.75,7444.75,2042
2026-07-28 15:03:00+00:00,7444.5,7444.5,7440.25,7440.5,2334
2026-07-28 15:04:00+00:00,7440.75,7442.25,7438.75,7439.0,2561
2026-07-28 15:05:00+00:00,7438.75,7441.25,7437.5,7441.25,2460
2026-07-28 15:06:00+00:00,7441.0,7446.0,7441.0,7442.5,2771
2026-07-28 15:07:00+00:00,7442.5,7442.75,7438.75,7441.5,1660
2026-07-28 15:08:00+00:00,7441.5,7443.0,7439.75,7440.75,1846
2026-07-28 15:09:00+00:00,7440.75,7445.75,7440.5,7445.5,2764
2026-07-28 15:10:00+00:00,7445.5,7453.5,7443.5,7445.0,8790
2026-07-28 15:11:00+00:00,7444.75,7446.75,7442.0,7446.0,2649
2026-07-28 15:12:00+00:00,7446.0,7454.75,7444.75,7452.75,4742
2026-07-28 15:13:00+00:00,7453.0,7453.0,7448.75,7451.75,2491
2026-07-28 15:14:00+00:00,7452.0,7454.5,7451.0,7451.5,2857
2026-07-28 15:15:00+00:00,7451.5,7453.5,7449.25,7453.25,3708
2026-07-28 15:16:00+00:00,7453.25,7456.75,7453.25,7454.25,4052
2026-07-28 15:17:00+00:00,7454.0,7456.75,7450.75,7456.25,3742
2026-07-28 15:18:00+00:00,7456.0,7463.5,7455.25,7462.5,6508
2026-07-28 15:19:00+00:00,7462.5,7463.5,7460.25,7463.5,4237
2026-07-28 15:20:00+00:00,7463.5,7469.5,7463.25,7467.75,6760
2026-07-28 15:21:00+00:00,7468.0,7469.0,7465.75,7467.75,5445
2026-07-28 15:22:00+00:00,7467.5,7470.0,7466.0,7467.0,5910
2026-07-28 15:23:00+00:00,7467.25,7469.0,7466.75,7468.25,3210
2026-07-28 15:24:00+00:00,7468.5,7471.25,7467.5,7471.25,4429
2026-07-28 15:25:00+00:00,7471.25,7473.0,7470.75,7471.5,4026
2026-07-28 15:26:00+00:00,7471.75,7477.25,7471.25,7475.25,7171
2026-07-28 15:27:00+00:00,7475.5,7475.5,7470.25,7470.75,4063
2026-07-28 15:28:00+00:00,7471.0,7471.0,7468.25,7470.0,5305
2026-07-28 15:29:00+00:00,7470.25,7471.0,7468.0,7469.25,2836
2026-07-28 15:30:00+00:00,7469.25,7472.5,7467.5,7468.75,4532
2026-07-28 15:31:00+00:00,7468.75,7469.5,7467.25,7469.5,2755
2026-07-28 15:32:00+00:00,7469.25,7471.25,7468.75,7469.0,2062
2026-07-28 15:33:00+00:00,7469.0,7472.0,7468.75,7471.5,1927
2026-07-28 15:34:00+00:00,7471.5,7472.5,7469.5,7470.0,1990
2026-07-28 15:35:00+00:00,7470.0,7473.0,7469.75,7472.75,2526
2026-07-28 15:36:00+00:00,7472.75,7474.75,7472.75,7474.0,2450
2026-07-28 15:37:00+00:00,7473.75,7475.0,7472.0,7475.0,2031
2026-07-28 15:38:00+00:00,7474.75,7476.5,7474.25,7474.75,2903
2026-07-28 15:39:00+00:00,7475.0,7475.5,7473.5,7474.0,1642
2026-07-28 15:40:00+00:00,7473.75,7474.5,7471.5,7473.5,2112
2026-07-28 15:41:00+00:00,7473.5,7475.5,7472.75,7474.5,1288
2026-07-28 15:42:00+00:00,7474.25,7474.75,7473.0,7474.5,1393
2026-07-28 15:43:00+00:00,7474.25,7476.75,7473.25,7476.5,2229
2026-07-28 15:44:00+00:00,7476.5,7478.5,7476.25,7478.25,4462
2026-07-28 15:45:00+00:00,7478.25,7479.75,7477.25,7478.0,3585
2026-07-28 15:46:00+00:00,7478.0,7480.5,7477.75,7480.0,3133
2026-07-28 15:47:00+00:00,7480.0,7480.25,7479.0,7479.25,1678
2026-07-28 15:48:00+00:00,7479.25,7481.75,7479.25,7481.5,1984
2026-07-28 15:49:00+00:00,7481.5,7482.25,7479.75,7480.75,2677
2026-07-28 15:50:00+00:00,7480.75,7481.25,7475.75,7476.25,5761
2026-07-28 15:51:00+00:00,7476.5,7478.25,7475.0,7477.75,3398
2026-07-28 15:52:00+00:00,7477.75,7478.5,7476.0,7478.5,1424
2026-07-28 15:53:00+00:00,7478.5,7482.0,7478.25,7481.25,2635
2026-07-28 15:54:00+00:00,7481.0,7481.5,7477.75,7478.25,1938
2026-07-28 15:55:00+00:00,7478.0,7478.75,7475.75,7476.0,2066
2026-07-28 15:56:00+00:00,7476.0,7479.0,7475.5,7479.0,1668
2026-07-28 15:57:00+00:00,7479.0,7480.25,7478.0,7480.0,1342
2026-07-28 15:58:00+00:00,7480.0,7481.5,7478.5,7479.0,2052
2026-07-28 15:59:00+00:00,7479.0,7480.0,7478.5,7479.5,1327
2026-07-28 16:00:00+00:00,7479.75,7481.0,7477.25,7481.0,2767
2026-07-28 16:01:00+00:00,7481.0,7481.0,7479.0,7479.0,1698
2026-07-28 16:02:00+00:00,7479.25,7480.5,7477.75,7477.75,1631
2026-07-28 16:03:00+00:00,7478.0,7479.5,7477.25,7478.75,1472
2026-07-28 16:04:00+00:00,7479.0,7479.0,7476.75,7477.75,1383
2026-07-28 16:05:00+00:00,7477.5,7479.5,7477.5,7477.75,1308
2026-07-28 16:06:00+00:00,7478.0,7479.0,7476.5,7478.5,1740
2026-07-28 16:07:00+00:00,7478.5,7478.75,7474.75,7474.75,2392
2026-07-28 16:08:00+00:00,7474.75,7475.0,7473.0,7474.25,3340
2026-07-28 16:09:00+00:00,7474.25,7475.0,7473.25,7473.25,1665
2026-07-28 16:10:00+00:00,7473.5,7474.25,7472.5,7472.75,1973
2026-07-28 16:11:00+00:00,7473.0,7475.75,7472.75,7475.25,2983
2026-07-28 16:12:00+00:00,7475.25,7475.75,7474.0,7475.5,1581
2026-07-28 16:13:00+00:00,7475.25,7476.0,7473.0,7473.25,1245
2026-07-28 16:14:00+00:00,7473.0,7474.0,7472.5,7474.0,1199
2026-07-28 16:15:00+00:00,7474.0,7475.25,7472.25,7473.0,1778
2026-07-28 16:16:00+00:00,7473.0,7473.25,7471.5,7471.75,1182
2026-07-28 16:17:00+00:00,7471.75,7473.5,7471.5,7471.75,1751
2026-07-28 16:18:00+00:00,7471.75,7473.5,7470.75,7471.75,1744
2026-07-28 16:19:00+00:00,7471.75,7476.75,7471.5,7476.75,2107
2026-07-28 16:20:00+00:00,7476.75,7478.5,7475.5,7477.0,3135
2026-07-28 16:21:00+00:00,7477.0,7477.25,7474.25,7476.25,1700
2026-07-28 16:22:00+00:00,7476.0,7476.5,7474.25,7474.75,1341
2026-07-28 16:23:00+00:00,7474.75,7474.75,7472.0,7472.5,1914
2026-07-28 16:24:00+00:00,7472.25,7472.75,7470.5,7472.5,2298
2026-07-28 16:25:00+00:00,7472.25,7473.75,7471.75,7473.75,1076
2026-07-28 16:26:00+00:00,7473.5,7473.75,7471.75,7472.25,1439
2026-07-28 16:27:00+00:00,7472.25,7473.5,7470.5,7472.25,1409
2026-07-28 16:28:00+00:00,7472.25,7473.25,7471.25,7471.5,1139
2026-07-28 16:29:00+00:00,7471.5,7472.5,7469.5,7470.0,1496
2026-07-28 16:30:00+00:00,7469.75,7469.75,7467.25,7467.5,2419
2026-07-28 16:31:00+00:00,7467.5,7468.25,7466.75,7468.0,2410
2026-07-28 16:32:00+00:00,7468.0,7470.5,7467.25,7470.5,2210
2026-07-28 16:33:00+00:00,7470.25,7471.5,7468.5,7469.0,1809
2026-07-28 16:34:00+00:00,7469.0,7471.25,7468.5,7468.75,1010
2026-07-28 16:35:00+00:00,7468.75,7470.75,7468.75,7469.75,1106
2026-07-28 16:36:00+00:00,7470.0,7470.5,7468.5,7469.25,943
2026-07-28 16:37:00+00:00,7469.25,7470.25,7468.5,7470.0,1181
2026-07-28 16:38:00+00:00,7470.0,7474.25,7469.25,7473.5,2067
2026-07-28 16:39:00+00:00,7473.5,7475.75,7472.5,7475.5,2238
2026-07-28 16:40:00+00:00,7475.25,7477.25,7474.5,7475.25,2237
2026-07-28 16:41:00+00:00,7475.5,7477.75,7475.0,7477.5,1601
2026-07-28 16:42:00+00:00,7477.5,7478.0,7475.25,7475.75,1969
2026-07-28 16:43:00+00:00,7476.0,7478.75,7476.0,7478.75,1261
2026-07-28 16:44:00+00:00,7478.75,7479.25,7475.75,7477.0,3140
2026-07-28 16:45:00+00:00,7477.0,7478.5,7475.25,7475.5,2629
2026-07-28 16:46:00+00:00,7475.5,7476.75,7471.25,7472.0,2343
2026-07-28 16:47:00+00:00,7472.0,7475.5,7472.0,7474.75,1360
2026-07-28 16:48:00+00:00,7474.75,7475.5,7472.25,7473.5,2041
2026-07-28 16:49:00+00:00,7473.25,7476.0,7473.25,7475.5,1186
2026-07-28 16:50:00+00:00,7475.25,7480.75,7475.25,7479.75,2109
2026-07-28 16:51:00+00:00,7479.75,7483.25,7479.75,7483.0,2712
2026-07-28 16:52:00+00:00,7482.75,7483.25,7482.0,7482.75,1631
2026-07-28 16:53:00+00:00,7482.5,7484.5,7482.25,7482.75,1990
2026-07-28 16:54:00+00:00,7482.75,7484.25,7482.75,7484.0,1127
2026-07-28 16:55:00+00:00,7483.75,7484.25,7482.5,7484.0,1452
2026-07-28 16:56:00+00:00,7484.25,7485.75,7482.5,7485.25,2191
2026-07-28 16:57:00+00:00,7485.25,7485.5,7483.25,7484.25,1393
2026-07-28 16:58:00+00:00,7484.25,7484.5,7483.0,7483.75,1058
2026-07-28 16:59:00+00:00,7483.75,7484.25,7483.25,7484.0,816
2026-07-28 17:00:00+00:00,7484.0,7485.5,7482.25,7484.5,1773
2026-07-28 17:01:00+00:00,7484.5,7485.5,7483.75,7483.75,1178
2026-07-28 17:02:00+00:00,7483.75,7484.25,7480.0,7481.0,3242
2026-07-28 17:03:00+00:00,7481.0,7481.25,7479.0,7479.75,1817
2026-07-28 17:04:00+00:00,7479.75,7480.25,7478.75,7479.25,1036
2026-07-28 17:05:00+00:00,7479.25,7481.0,7478.5,7479.25,1250
2026-07-28 17:06:00+00:00,7479.5,7481.0,7476.25,7479.25,3766
2026-07-28 17:07:00+00:00,7479.25,7479.25,7477.25,7478.5,1516
2026-07-28 17:08:00+00:00,7478.5,7479.0,7474.75,7474.75,1810
2026-07-28 17:09:00+00:00,7474.75,7475.5,7472.0,7472.5,2566
2026-07-28 17:10:00+00:00,7472.75,7472.75,7469.5,7472.0,3203
2026-07-28 17:11:00+00:00,7472.25,7474.0,7471.0,7474.0,2021
2026-07-28 17:12:00+00:00,7474.0,7476.0,7472.75,7473.5,1684
2026-07-28 17:13:00+00:00,7473.75,7473.75,7469.75,7471.0,1668
2026-07-28 17:14:00+00:00,7471.0,7471.5,7469.75,7471.0,2528
2026-07-28 17:15:00+00:00,7471.0,7473.0,7470.5,7471.75,1646
2026-07-28 17:16:00+00:00,7471.75,7472.25,7470.0,7471.25,1667
2026-07-28 17:17:00+00:00,7471.25,7471.5,7468.25,7469.0,1680
2026-07-28 17:18:00+00:00,7469.0,7470.0,7468.75,7469.5,1065
2026-07-28 17:19:00+00:00,7469.25,7471.25,7468.75,7470.5,2508
2026-07-28 17:20:00+00:00,7470.5,7478.25,7469.5,7476.5,6060
2026-07-28 17:21:00+00:00,7476.5,7479.5,7473.5,7474.0,3518
2026-07-28 17:22:00+00:00,7473.75,7474.25,7471.5,7473.5,1605
2026-07-28 17:23:00+00:00,7473.25,7475.5,7473.0,7473.75,1631
2026-07-28 17:24:00+00:00,7473.75,7474.75,7470.75,7471.0,1166
2026-07-28 17:25:00+00:00,7470.75,7471.25,7468.75,7470.0,1971
2026-07-28 17:26:00+00:00,7470.25,7472.25,7470.25,7471.75,988
2026-07-28 17:27:00+00:00,7471.75,7474.75,7471.75,7473.75,1873
2026-07-28 17:28:00+00:00,7473.5,7474.5,7471.5,7471.5,1180
2026-07-28 17:29:00+00:00,7471.5,7473.25,7470.5,7470.75,1164
2026-07-28 17:30:00+00:00,7470.75,7471.0,7469.25,7470.25,1478
2026-07-28 17:31:00+00:00,7470.0,7470.25,7468.75,7469.25,1349
2026-07-28 17:32:00+00:00,7469.0,7470.25,7468.75,7469.75,1469
2026-07-28 17:33:00+00:00,7469.5,7474.0,7469.5,7473.25,2551
2026-07-28 17:34:00+00:00,7473.0,7476.0,7473.0,7474.75,1980
2026-07-28 17:35:00+00:00,7474.5,7477.0,7474.25,7474.75,1299
2026-07-28 17:36:00+00:00,7474.5,7475.25,7473.5,7473.75,1058
2026-07-28 17:37:00+00:00,7473.75,7475.0,7473.5,7473.5,1070
2026-07-28 17:38:00+00:00,7473.5,7474.75,7472.5,7474.0,962
2026-07-28 17:39:00+00:00,7474.0,7474.0,7471.0,7471.75,928
2026-07-28 17:40:00+00:00,7471.5,7474.5,7470.75,7472.25,2300
2026-07-28 17:41:00+00:00,7472.25,7472.75,7469.25,7469.25,958
2026-07-28 17:42:00+00:00,7469.5,7470.25,7468.25,7469.0,1360
2026-07-28 17:43:00+00:00,7468.75,7469.0,7465.75,7466.0,2167
2026-07-28 17:44:00+00:00,7466.0,7466.0,7464.0,7465.5,2316
2026-07-28 17:45:00+00:00,7465.5,7467.0,7464.0,7465.0,1938
2026-07-28 17:46:00+00:00,7465.0,7466.75,7464.25,7466.5,1409
2026-07-28 17:47:00+00:00,7466.25,7467.75,7464.75,7465.25,1258
2026-07-28 17:48:00+00:00,7465.25,7470.75,7465.25,7469.75,2723
2026-07-28 17:49:00+00:00,7469.75,7471.75,7468.0,7470.5,1772
2026-07-28 17:50:00+00:00,7470.5,7470.5,7467.0,7467.75,1523
2026-07-28 17:51:00+00:00,7468.0,7468.0,7465.75,7467.5,1069
2026-07-28 17:52:00+00:00,7467.25,7469.0,7465.25,7465.5,1004
2026-07-28 17:53:00+00:00,7465.75,7467.0,7465.5,7466.5,845
2026-07-28 17:54:00+00:00,7466.5,7467.25,7464.25,7465.25,1765
2026-07-28 17:55:00+00:00,7465.25,7466.0,7462.75,7463.5,1995
2026-07-28 17:56:00+00:00,7463.75,7466.75,7463.25,7466.75,1380
2026-07-28 17:57:00+00:00,7466.5,7467.25,7465.75,7466.5,908
2026-07-28 17:58:00+00:00,7466.5,7467.75,7465.5,7467.5,1113
2026-07-28 17:59:00+00:00,7467.75,7470.0,7467.5,7469.5,1408
2026-07-28 18:00:00+00:00,7469.75,7473.25,7467.75,7471.5,2742
2026-07-28 18:01:00+00:00,7471.5,7472.25,7469.0,7469.0,1789
2026-07-28 18:02:00+00:00,7469.0,7471.25,7467.75,7469.25,1370
2026-07-28 18:03:00+00:00,7469.25,7470.25,7468.5,7469.25,1493
2026-07-28 18:04:00+00:00,7469.25,7470.25,7467.75,7470.0,1300
2026-07-28 18:05:00+00:00,7469.75,7470.75,7468.0,7468.5,1040
2026-07-28 18:06:00+00:00,7468.75,7469.0,7467.0,7467.5,1114
2026-07-28 18:07:00+00:00,7467.75,7467.75,7465.75,7466.25,1136
2026-07-28 18:08:00+00:00,7466.5,7467.25,7465.5,7466.0,1262
2026-07-28 18:09:00+00:00,7466.0,7466.5,7465.25,7466.5,891
2026-07-28 18:10:00+00:00,7466.5,7467.0,7464.5,7465.25,1444
2026-07-28 18:11:00+00:00,7465.25,7465.75,7463.25,7463.75,1402
2026-07-28 18:12:00+00:00,7463.75,7465.25,7463.25,7465.25,1542
2026-07-28 18:13:00+00:00,7465.25,7465.5,7462.0,7464.0,1855
2026-07-28 18:14:00+00:00,7464.0,7464.0,7462.0,7462.25,1524
2026-07-28 18:15:00+00:00,7462.25,7465.25,7462.0,7464.75,1800
2026-07-28 18:16:00+00:00,7464.75,7465.75,7463.5,7465.25,1476
2026-07-28 18:17:00+00:00,7465.5,7465.5,7462.25,7463.75,1389
2026-07-28 18:18:00+00:00,7463.5,7465.25,7463.25,7465.0,1119
2026-07-28 18:19:00+00:00,7465.0,7466.5,7463.75,7465.25,1334
2026-07-28 18:20:00+00:00,7465.5,7467.5,7464.5,7467.25,1412
2026-07-28 18:21:00+00:00,7467.25,7467.5,7464.75,7465.0,1271
2026-07-28 18:22:00+00:00,7465.25,7466.5,7464.25,7466.5,1098
2026-07-28 18:23:00+00:00,7466.5,7467.0,7462.75,7463.5,1321
2026-07-28 18:24:00+00:00,7463.5,7465.0,7463.0,7463.5,811
2026-07-28 18:25:00+00:00,7463.25,7464.5,7462.5,7464.0,1560
2026-07-28 18:26:00+00:00,7464.25,7464.75,7463.25,7463.75,835
2026-07-28 18:27:00+00:00,7463.75,7464.25,7462.75,7463.75,1096
2026-07-28 18:28:00+00:00,7463.75,7464.75,7462.0,7463.25,1769
2026-07-28 18:29:00+00:00,7463.25,7464.25,7462.75,7463.75,720
2026-07-28 18:30:00+00:00,7464.0,7465.75,7463.0,7465.0,2016
2026-07-28 18:31:00+00:00,7464.75,7464.75,7463.0,7463.75,1445
2026-07-28 18:32:00+00:00,7463.75,7465.0,7463.25,7464.25,1251
2026-07-28 18:33:00+00:00,7464.25,7467.0,7464.0,7466.5,1313
2026-07-28 18:34:00+00:00,7466.75,7468.5,7466.5,7467.25,2320
2026-07-28 18:35:00+00:00,7467.25,7467.5,7465.5,7466.75,1387
2026-07-28 18:36:00+00:00,7467.0,7467.25,7465.25,7466.25,1288
2026-07-28 18:37:00+00:00,7466.5,7467.75,7466.0,7467.5,737
2026-07-28 18:38:00+00:00,7467.75,7469.0,7466.75,7468.25,1047
2026-07-28 18:39:00+00:00,7468.25,7468.25,7465.0,7466.25,1272
2026-07-28 18:40:00+00:00,7466.0,7466.5,7463.75,7464.25,1571
2026-07-28 18:41:00+00:00,7464.25,7465.0,7464.0,7464.0,1209
2026-07-28 18:42:00+00:00,7464.25,7465.0,7463.25,7463.75,1211
2026-07-28 18:43:00+00:00,7463.75,7465.75,7463.5,7465.25,1105
2026-07-28 18:44:00+00:00,7465.5,7466.75,7464.0,7465.5,1152
2026-07-28 18:45:00+00:00,7465.5,7468.25,7464.75,7468.25,1537
2026-07-28 18:46:00+00:00,7468.25,7471.0,7467.25,7471.0,2014
2026-07-28 18:47:00+00:00,7470.75,7472.0,7470.25,7470.5,2311
2026-07-28 18:48:00+00:00,7470.5,7471.25,7469.25,7469.75,1436
2026-07-28 18:49:00+00:00,7470.0,7471.25,7469.5,7470.25,1064
2026-07-28 18:50:00+00:00,7470.25,7471.75,7470.0,7471.5,1075
2026-07-28 18:51:00+00:00,7471.5,7473.0,7471.5,7471.75,1648
2026-07-28 18:52:00+00:00,7471.75,7472.25,7470.0,7470.5,1230
2026-07-28 18:53:00+00:00,7470.5,7471.5,7469.25,7469.75,1466
2026-07-28 18:54:00+00:00,7469.75,7471.0,7469.5,7470.25,833
2026-07-28 18:55:00+00:00,7470.5,7472.25,7468.75,7472.0,1296
2026-07-28 18:56:00+00:00,7472.0,7473.0,7471.25,7472.5,1880
2026-07-28 18:57:00+00:00,7472.5,7473.75,7471.75,7473.0,1307
2026-07-28 18:58:00+00:00,7473.0,7474.0,7472.25,7473.25,1424
2026-07-28 18:59:00+00:00,7473.0,7473.5,7472.25,7472.25,1055
2026-07-28 19:00:00+00:00,7472.25,7475.75,7472.25,7474.25,2267
2026-07-28 19:01:00+00:00,7474.25,7475.25,7473.5,7474.75,1358
2026-07-28 19:02:00+00:00,7474.75,7475.25,7473.5,7475.25,2217
2026-07-28 19:03:00+00:00,7475.25,7477.0,7474.75,7476.25,1916
2026-07-28 19:04:00+00:00,7476.25,7477.5,7475.0,7477.0,2149
2026-07-28 19:05:00+00:00,7476.75,7477.5,7475.0,7477.0,3126
2026-07-28 19:06:00+00:00,7477.25,7477.5,7475.0,7475.5,2545
2026-07-28 19:07:00+00:00,7475.75,7477.0,7475.0,7475.0,1358
2026-07-28 19:08:00+00:00,7475.0,7475.0,7472.5,7472.5,2924
2026-07-28 19:09:00+00:00,7472.75,7473.75,7471.75,7472.0,1475
2026-07-28 19:10:00+00:00,7472.25,7474.5,7472.0,7472.0,1384
2026-07-28 19:11:00+00:00,7472.25,7473.5,7471.75,7473.0,1285
2026-07-28 19:12:00+00:00,7473.25,7473.25,7471.75,7472.0,911
2026-07-28 19:13:00+00:00,7472.25,7473.25,7471.25,7473.0,1218
2026-07-28 19:14:00+00:00,7473.0,7473.25,7471.5,7472.5,983
2026-07-28 19:15:00+00:00,7472.5,7473.75,7471.5,7472.0,1681
2026-07-28 19:16:00+00:00,7471.75,7473.0,7470.75,7472.5,1576
2026-07-28 19:17:00+00:00,7472.5,7474.5,7471.5,7472.5,1827
2026-07-28 19:18:00+00:00,7472.5,7475.25,7472.25,7474.25,1776
2026-07-28 19:19:00+00:00,7474.5,7475.25,7473.75,7474.25,1119
2026-07-28 19:20:00+00:00,7474.25,7474.75,7473.5,7474.25,979
2026-07-28 19:21:00+00:00,7474.5,7475.0,7473.25,7473.75,902
2026-07-28 19:22:00+00:00,7474.0,7475.75,7474.0,7475.5,1513
2026-07-28 19:23:00+00:00,7475.75,7476.25,7475.25,7475.25,1388
2026-07-28 19:24:00+00:00,7475.5,7476.5,7475.25,7476.25,903
2026-07-28 19:25:00+00:00,7476.25,7476.75,7474.25,7474.5,1214
2026-07-28 19:26:00+00:00,7474.5,7475.0,7471.75,7472.25,1700
2026-07-28 19:27:00+00:00,7472.25,7472.5,7471.5,7472.25,1315
2026-07-28 19:28:00+00:00,7472.5,7475.75,7472.25,7475.25,2030
2026-07-28 19:29:00+00:00,7475.5,7476.0,7474.5,7475.0,1251
2026-07-28 19:30:00+00:00,7475.25,7475.5,7472.75,7473.75,2750
2026-07-28 19:31:00+00:00,7473.75,7474.75,7473.25,7473.5,2077
2026-07-28 19:32:00+00:00,7473.75,7474.75,7473.0,7474.0,1689
2026-07-28 19:33:00+00:00,7474.25,7474.5,7473.0,7473.0,1306
2026-07-28 19:34:00+00:00,7473.0,7474.0,7472.5,7473.25,1159
2026-07-28 19:35:00+00:00,7473.25,7473.5,7470.25,7470.75,2181
2026-07-28 19:36:00+00:00,7470.75,7470.75,7469.5,7470.0,2043
2026-07-28 19:37:00+00:00,7470.0,7470.0,7468.75,7469.5,1722
2026-07-28 19:38:00+00:00,7469.5,7470.0,7468.25,7469.25,2073
2026-07-28 19:39:00+00:00,7469.5,7469.75,7467.25,7468.0,1552
2026-07-28 19:40:00+00:00,7468.0,7470.25,7467.75,7469.0,1994
2026-07-28 19:41:00+00:00,7469.0,7470.25,7468.25,7470.0,1549
2026-07-28 19:42:00+00:00,7470.0,7471.0,7468.5,7469.0,2085
2026-07-28 19:43:00+00:00,7469.25,7471.25,7469.0,7470.5,1711
2026-07-28 19:44:00+00:00,7470.75,7471.25,7469.5,7471.0,1436
2026-07-28 19:45:00+00:00,7471.0,7471.5,7467.75,7467.75,2438
2026-07-28 19:46:00+00:00,7467.75,7468.25,7467.0,7468.25,1431
2026-07-28 19:47:00+00:00,7468.25,7469.75,7468.0,7468.5,1496
2026-07-28 19:48:00+00:00,7468.75,7469.75,7468.0,7468.5,1265
2026-07-28 19:49:00+00:00,7468.5,7469.5,7468.0,7469.25,1534
2026-07-28 19:50:00+00:00,7469.25,7470.25,7466.5,7467.0,4332
2026-07-28 19:51:00+00:00,7466.75,7467.75,7466.5,7467.0,1783
2026-07-28 19:52:00+00:00,7466.75,7468.5,7466.5,7468.5,1988
2026-07-28 19:53:00+00:00,7468.25,7470.0,7467.5,7470.0,2045
2026-07-28 19:54:00+00:00,7470.0,7475.0,7469.75,7474.25,5384
2026-07-28 19:55:00+00:00,7474.5,7474.5,7468.0,7470.0,6391
2026-07-28 19:56:00+00:00,7469.75,7471.75,7469.0,7469.75,3798
2026-07-28 19:57:00+00:00,7469.75,7470.25,7468.25,7469.5,4524
2026-07-28 19:58:00+00:00,7469.5,7470.5,7468.5,7468.75,7451
2026-07-28 19:59:00+00:00,7468.75,7469.25,7462.5,7466.0,42613
2026-07-28 20:00:00+00:00,7466.25,7467.5,7463.75,7466.75,11310
2026-07-28 20:01:00+00:00,7466.75,7467.0,7464.25,7464.5,2092
2026-07-28 20:02:00+00:00,7464.5,7465.25,7461.75,7462.75,1623
2026-07-28 20:03:00+00:00,7462.75,7464.75,7462.5,7464.0,1177
2026-07-28 20:04:00+00:00,7464.0,7465.0,7463.75,7464.0,831
2026-07-28 20:05:00+00:00,7464.0,7469.25,7461.75,7462.0,3436
2026-07-28 20:06:00+00:00,7462.25,7462.75,7458.25,7462.5,2657
2026-07-28 20:07:00+00:00,7462.75,7463.5,7460.75,7461.5,1321
2026-07-28 20:08:00+00:00,7461.25,7466.0,7461.0,7463.5,1589
2026-07-28 20:09:00+00:00,7463.75,7464.25,7462.0,7463.25,757
2026-07-28 20:10:00+00:00,7463.25,7465.25,7462.75,7465.0,846
2026-07-28 20:11:00+00:00,7464.75,7466.0,7464.0,7465.5,792
2026-07-28 20:12:00+00:00,7465.5,7467.5,7465.5,7466.75,819
2026-07-28 20:13:00+00:00,7466.75,7468.75,7466.75,7467.5,1064
2026-07-28 20:14:00+00:00,7467.5,7468.25,7466.5,7467.0,1335
2026-07-28 20:15:00+00:00,7467.0,7467.25,7464.25,7464.75,1666
2026-07-28 20:16:00+00:00,7464.75,7466.5,7464.75,7466.25,370
2026-07-28 20:17:00+00:00,7466.25,7466.75,7465.5,7465.5,411
2026-07-28 20:18:00+00:00,7465.75,7467.5,7465.5,7467.25,298
2026-07-28 20:19:00+00:00,7467.25,7468.25,7467.25,7468.0,381
2026-07-28 20:20:00+00:00,7468.0,7468.5,7466.75,7466.75,264
2026-07-28 20:21:00+00:00,7466.75,7467.25,7466.25,7466.75,209
2026-07-28 20:22:00+00:00,7466.75,7467.75,7466.5,7466.5,298
2026-07-28 20:23:00+00:00,7466.5,7468.0,7466.0,7467.5,346
2026-07-28 20:24:00+00:00,7467.75,7468.25,7467.0,7468.0,189
2026-07-28 20:25:00+00:00,7468.0,7469.0,7467.75,7469.0,315
2026-07-28 20:26:00+00:00,7469.25,7473.5,7469.25,7471.75,1143
2026-07-28 20:27:00+00:00,7471.75,7473.75,7471.5,7472.0,712
2026-07-28 20:28:00+00:00,7472.0,7473.75,7471.75,7473.75,227
2026-07-28 20:29:00+00:00,7473.75,7474.0,7472.0,7472.5,401
2026-07-28 20:30:00+00:00,7472.5,7473.5,7472.0,7472.75,387
2026-07-28 20:31:00+00:00,7472.5,7472.75,7471.25,7472.0,223
2026-07-28 20:32:00+00:00,7472.0,7472.75,7471.75,7472.75,203
2026-07-28 20:33:00+00:00,7472.5,7472.5,7471.5,7471.75,291
2026-07-28 20:34:00+00:00,7471.75,7471.75,7471.0,7471.75,157
2026-07-28 20:35:00+00:00,7471.75,7473.0,7471.75,7472.25,208
2026-07-28 20:36:00+00:00,7472.25,7472.25,7470.5,7470.75,320
2026-07-28 20:37:00+00:00,7470.5,7470.5,7465.75,7468.5,1161
2026-07-28 20:38:00+00:00,7468.5,7468.5,7465.75,7467.5,559
2026-07-28 20:39:00+00:00,7467.5,7467.75,7466.75,7466.75,212
2026-07-28 20:40:00+00:00,7466.75,7467.0,7466.25,7466.75,205
2026-07-28 20:41:00+00:00,7466.75,7467.5,7466.25,7466.5,333
2026-07-28 20:42:00+00:00,7466.5,7467.25,7466.5,7467.0,171
2026-07-28 20:43:00+00:00,7467.0,7467.5,7466.5,7466.5,201
2026-07-28 20:44:00+00:00,7466.75,7467.5,7466.75,7467.5,181
2026-07-28 20:45:00+00:00,7467.5,7467.75,7467.25,7467.5,188
2026-07-28 20:46:00+00:00,7467.5,7468.75,7467.5,7468.5,217
2026-07-28 20:47:00+00:00,7468.5,7469.0,7468.5,7469.0,157
2026-07-28 20:48:00+00:00,7469.25,7469.25,7468.0,7468.75,94
2026-07-28 20:49:00+00:00,7468.75,7468.75,7468.0,7468.25,121
2026-07-28 20:50:00+00:00,7468.25,7468.5,7466.0,7466.5,356
2026-07-28 20:51:00+00:00,7466.5,7466.75,7466.0,7466.25,159
2026-07-28 20:52:00+00:00,7466.25,7467.0,7466.0,7467.0,139
2026-07-28 20:53:00+00:00,7467.25,7467.75,7466.0,7466.75,282
2026-07-28 20:54:00+00:00,7466.75,7468.5,7466.75,7468.25,396
2026-07-28 20:55:00+00:00,7468.0,7468.5,7467.75,7468.0,160
2026-07-28 20:56:00+00:00,7467.75,7468.25,7467.5,7468.0,129
2026-07-28 20:57:00+00:00,7468.25,7469.25,7468.0,7469.0,140
2026-07-28 20:58:00+00:00,7469.25,7469.25,7468.0,7468.5,136
2026-07-28 20:59:00+00:00,7468.5,7469.0,7467.5,7467.5,297
2026-07-28 22:00:00+00:00,7464.0,7469.75,7464.0,7468.25,0
2026-07-28 22:01:00+00:00,7468.25,7469.75,7466.5,7466.5,188
2026-07-28 22:02:00+00:00,7467.0,7469.5,7466.75,7469.25,123
2026-07-28 22:03:00+00:00,7469.75,7471.5,7469.75,7471.0,142
2026-07-28 22:04:00+00:00,7471.25,7471.5,7470.5,7471.25,140
2026-07-28 22:05:00+00:00,7471.25,7473.25,7471.25,7472.75,226
2026-07-28 22:06:00+00:00,7472.5,7472.75,7471.25,7471.5,117
2026-07-28 22:07:00+00:00,7471.75,7472.5,7471.5,7472.25,69
2026-07-28 22:08:00+00:00,7472.0,7473.25,7472.0,7472.75,82
2026-07-28 22:09:00+00:00,7473.0,7473.75,7473.0,7473.0,120
2026-07-28 22:10:00+00:00,7472.75,7474.0,7471.25,7471.5,263
2026-07-28 22:11:00+00:00,7471.5,7471.75,7470.25,7470.75,167
2026-07-28 22:12:00+00:00,7470.75,7471.0,7470.5,7470.75,59
2026-07-28 22:13:00+00:00,7470.75,7470.75,7466.25,7466.5,401
2026-07-28 22:14:00+00:00,7466.75,7467.75,7465.25,7467.25,238
2026-07-28 22:15:00+00:00,7467.25,7468.25,7467.0,7467.75,85
2026-07-28 22:16:00+00:00,7467.5,7467.5,7466.25,7466.25,80
2026-07-28 22:17:00+00:00,7466.25,7466.25,7465.0,7465.75,101
2026-07-28 22:18:00+00:00,7465.5,7465.5,7461.75,7462.75,536
2026-07-28 22:19:00+00:00,7463.0,7463.75,7461.75,7463.25,128
2026-07-28 22:20:00+00:00,7463.0,7464.0,7460.0,7461.75,296
2026-07-28 22:21:00+00:00,7461.5,7462.25,7461.5,7461.75,86
2026-07-28 22:22:00+00:00,7462.0,7462.0,7461.25,7461.25,48
2026-07-28 22:23:00+00:00,7461.25,7461.5,7459.25,7459.25,262
2026-07-28 22:24:00+00:00,7459.0,7460.0,7459.0,7460.0,127
2026-07-28 22:25:00+00:00,7459.75,7460.5,7457.25,7458.75,401
2026-07-28 22:26:00+00:00,7459.0,7461.25,7458.0,7461.25,204
2026-07-28 22:27:00+00:00,7461.25,7462.0,7460.25,7460.25,270
2026-07-28 22:28:00+00:00,7460.25,7462.25,7460.25,7461.5,215
2026-07-28 22:29:00+00:00,7461.75,7462.75,7461.25,7462.0,187
2026-07-28 22:30:00+00:00,7461.75,7463.0,7461.0,7461.75,116
2026-07-28 22:31:00+00:00,7462.0,7462.75,7460.25,7460.25,153
2026-07-28 22:32:00+00:00,7460.0,7460.0,7454.75,7458.0,583
2026-07-28 22:33:00+00:00,7458.25,7459.0,7454.75,7455.25,500
2026-07-28 22:34:00+00:00,7454.75,7456.75,7454.75,7455.75,350
2026-07-28 22:35:00+00:00,7456.0,7456.5,7454.5,7456.0,239
2026-07-28 22:36:00+00:00,7456.25,7459.5,7456.25,7458.5,369
2026-07-28 22:37:00+00:00,7458.25,7458.5,7455.75,7456.0,118
2026-07-28 22:38:00+00:00,7455.75,7456.25,7452.75,7453.0,292
2026-07-28 22:39:00+00:00,7453.25,7454.5,7450.75,7451.25,442
2026-07-28 22:40:00+00:00,7451.5,7454.25,7451.25,7454.0,204
2026-07-28 22:41:00+00:00,7454.0,7454.5,7453.0,7454.25,129
2026-07-28 22:42:00+00:00,7454.0,7455.5,7454.0,7454.75,309
2026-07-28 22:43:00+00:00,7454.5,7455.25,7453.5,7454.25,117
2026-07-28 22:44:00+00:00,7454.0,7454.5,7452.0,7453.25,329
2026-07-28 22:45:00+00:00,7453.25,7453.75,7451.75,7452.25,596
2026-07-28 22:46:00+00:00,7452.25,7453.75,7451.25,7453.0,698
2026-07-28 22:47:00+00:00,7453.0,7453.5,7451.25,7451.5,439
2026-07-28 22:48:00+00:00,7451.5,7454.0,7451.0,7453.75,571
2026-07-28 22:49:00+00:00,7453.75,7453.75,7451.75,7452.75,454
2026-07-28 22:50:00+00:00,7452.75,7454.0,7451.25,7453.5,421
2026-07-28 22:51:00+00:00,7453.25,7454.5,7452.0,7454.0,386
2026-07-28 22:52:00+00:00,7454.25,7457.25,7454.0,7456.0,419
2026-07-28 22:53:00+00:00,7456.25,7456.25,7450.5,7451.25,525
2026-07-28 22:54:00+00:00,7451.0,7454.75,7450.75,7454.25,656
2026-07-28 22:55:00+00:00,7454.0,7455.5,7453.75,7455.0,443
2026-07-28 22:56:00+00:00,7455.0,7456.25,7453.5,7454.5,395
2026-07-28 22:57:00+00:00,7454.75,7457.0,7454.5,7456.25,427
2026-07-28 22:58:00+00:00,7456.25,7456.25,7454.0,7454.25,394
2026-07-28 22:59:00+00:00,7454.25,7454.75,7451.75,7451.75,407
2026-07-28 23:00:00+00:00,7452.0,7452.5,7450.25,7451.25,494
2026-07-28 23:01:00+00:00,7451.5,7453.0,7451.0,7451.25,291
2026-07-28 23:02:00+00:00,7451.25,7451.5,7450.5,7451.25,309
2026-07-28 23:03:00+00:00,7451.25,7452.25,7449.25,7451.25,678
2026-07-28 23:04:00+00:00,7451.0,7456.25,7449.75,7456.0,755
2026-07-28 23:05:00+00:00,7455.75,7457.0,7455.25,7456.75,484
2026-07-28 23:06:00+00:00,7456.5,7459.25,7456.25,7457.75,708
2026-07-28 23:07:00+00:00,7458.0,7459.25,7457.25,7458.75,633
2026-07-28 23:08:00+00:00,7458.75,7459.0,7458.0,7458.0,415
2026-07-28 23:09:00+00:00,7458.0,7458.0,7452.5,7452.75,776
2026-07-28 23:10:00+00:00,7453.0,7455.75,7452.0,7454.25,618
2026-07-28 23:11:00+00:00,7454.25,7458.5,7453.25,7458.0,400
2026-07-28 23:12:00+00:00,7458.0,7460.0,7458.0,7459.5,499
2026-07-28 23:13:00+00:00,7459.5,7463.25,7459.25,7462.25,611
2026-07-28 23:14:00+00:00,7462.5,7465.5,7461.75,7463.5,806
2026-07-28 23:15:00+00:00,7463.5,7463.5,7461.25,7461.25,287
2026-07-28 23:16:00+00:00,7461.5,7462.5,7459.75,7462.25,281
2026-07-28 23:17:00+00:00,7461.75,7463.75,7461.75,7463.25,541
2026-07-28 23:18:00+00:00,7463.25,7464.75,7461.75,7462.25,317
2026-07-28 23:19:00+00:00,7462.25,7462.25,7460.75,7461.0,216
2026-07-28 23:20:00+00:00,7461.0,7463.25,7459.5,7463.25,313
2026-07-28 23:21:00+00:00,7463.25,7464.25,7461.5,7464.25,240
2026-07-28 23:22:00+00:00,7464.0,7467.5,7464.0,7467.5,701
2026-07-28 23:23:00+00:00,7467.5,7468.75,7467.25,7468.5,400
2026-07-28 23:24:00+00:00,7468.75,7469.25,7468.0,7468.5,296
2026-07-28 23:25:00+00:00,7468.75,7468.75,7468.0,7468.25,284
2026-07-28 23:26:00+00:00,7468.5,7469.75,7468.25,7469.5,417
2026-07-28 23:27:00+00:00,7469.5,7471.0,7467.25,7467.75,452
2026-07-28 23:28:00+00:00,7468.25,7470.0,7468.25,7469.0,158
2026-07-28 23:29:00+00:00,7469.5,7469.5,7468.0,7468.75,131
2026-07-28 23:30:00+00:00,7468.75,7469.25,7467.75,7469.25,122
2026-07-28 23:31:00+00:00,7469.5,7469.75,7468.5,7469.5,101
2026-07-28 23:32:00+00:00,7469.25,7470.75,7468.5,7469.25,278
2026-07-28 23:33:00+00:00,7469.25,7469.75,7468.25,7468.5,132
2026-07-28 23:34:00+00:00,7468.5,7469.25,7468.25,7469.0,98
2026-07-28 23:35:00+00:00,7469.25,7469.5,7468.75,7469.25,99
2026-07-28 23:36:00+00:00,7469.25,7469.75,7468.25,7468.75,95
2026-07-28 23:37:00+00:00,7468.5,7469.75,7468.0,7469.0,100
2026-07-28 23:38:00+00:00,7469.0,7469.75,7468.25,7468.75,202
2026-07-28 23:39:00+00:00,7469.25,7469.5,7468.0,7468.25,110
2026-07-28 23:40:00+00:00,7468.25,7469.5,7467.5,7469.0,227
2026-07-28 23:41:00+00:00,7469.0,7470.25,7468.5,7469.25,201
2026-07-28 23:42:00+00:00,7469.75,7469.75,7468.25,7468.5,222
2026-07-28 23:43:00+00:00,7468.75,7472.0,7468.5,7471.75,222
2026-07-28 23:44:00+00:00,7472.0,7484.0,7471.75,7482.75,1816
2026-07-28 23:45:00+00:00,7482.5,7483.5,7479.75,7480.5,1015
2026-07-28 23:46:00+00:00,7480.75,7485.0,7480.75,7483.75,595
2026-07-28 23:47:00+00:00,7484.0,7488.25,7483.5,7486.5,1026
2026-07-28 23:48:00+00:00,7486.25,7488.0,7484.25,7486.25,755
2026-07-28 23:49:00+00:00,7486.0,7489.25,7485.5,7488.25,705
2026-07-28 23:50:00+00:00,7488.25,7495.25,7488.25,7494.5,1691
2026-07-28 23:51:00+00:00,7494.25,7494.75,7491.5,7492.25,667
2026-07-28 23:52:00+00:00,7492.25,7492.5,7488.0,7489.75,689
2026-07-28 23:53:00+00:00,7489.75,7492.25,7489.5,7489.75,546
2026-07-28 23:54:00+00:00,7489.5,7491.75,7488.5,7491.75,355
2026-07-28 23:55:00+00:00,7491.5,7491.75,7489.0,7490.5,520
2026-07-28 23:56:00+00:00,7490.5,7493.0,7490.0,7492.25,436
2026-07-28 23:57:00+00:00,7492.0,7494.5,7491.5,7494.5,425
2026-07-28 23:58:00+00:00,7494.25,7495.0,7492.75,7494.0,500
2026-07-28 23:59:00+00:00,7493.75,7494.75,7492.75,7494.75,487
2026-07-29 00:00:00+00:00,7494.75,7495.0,7490.25,7492.0,1123
2026-07-29 00:01:00+00:00,7492.25,7496.0,7491.75,7495.0,1103
2026-07-29 00:02:00+00:00,7495.25,7498.75,7494.0,7495.25,1351
2026-07-29 00:03:00+00:00,7495.5,7496.25,7494.25,7495.25,426
2026-07-29 00:04:00+00:00,7495.25,7496.75,7494.5,7495.25,389
2026-07-29 00:05:00+00:00,7495.5,7496.5,7494.5,7495.75,427
2026-07-29 00:06:00+00:00,7495.75,7498.0,7495.0,7496.75,636
2026-07-29 00:07:00+00:00,7496.5,7499.25,7496.25,7498.0,637
2026-07-29 00:08:00+00:00,7497.75,7498.0,7496.25,7496.25,299
2026-07-29 00:09:00+00:00,7496.25,7497.0,7494.25,7494.25,320
2026-07-29 00:10:00+00:00,7494.25,7495.25,7493.5,7493.5,306
2026-07-29 00:11:00+00:00,7493.75,7495.5,7493.25,7495.0,335
2026-07-29 00:12:00+00:00,7495.25,7496.0,7493.75,7495.75,356
2026-07-29 00:13:00+00:00,7495.75,7496.75,7495.0,7495.75,473
2026-07-29 00:14:00+00:00,7495.75,7496.5,7494.25,7494.5,270
2026-07-29 00:15:00+00:00,7494.25,7494.25,7491.25,7493.25,659
2026-07-29 00:16:00+00:00,7493.5,7495.25,7492.25,7494.75,397
2026-07-29 00:17:00+00:00,7494.75,7496.5,7493.5,7494.25,388
2026-07-29 00:18:00+00:00,7494.25,7495.75,7493.0,7494.0,225
2026-07-29 00:19:00+00:00,7493.75,7495.25,7493.25,7494.75,182
2026-07-29 00:20:00+00:00,7494.5,7497.0,7493.75,7494.0,333
2026-07-29 00:21:00+00:00,7493.75,7501.0,7492.75,7498.25,1672
2026-07-29 00:22:00+00:00,7498.25,7499.0,7493.75,7494.0,551
2026-07-29 00:23:00+00:00,7493.75,7496.0,7493.5,7494.25,339
2026-07-29 00:24:00+00:00,7494.25,7494.75,7492.25,7493.5,396
2026-07-29 00:25:00+00:00,7493.25,7493.75,7491.5,7492.75,380
2026-07-29 00:26:00+00:00,7492.75,7493.5,7491.5,7493.25,294
2026-07-29 00:27:00+00:00,7493.25,7494.0,7492.25,7492.5,340
2026-07-29 00:28:00+00:00,7492.5,7492.75,7490.75,7491.5,348
2026-07-29 00:29:00+00:00,7491.25,7493.5,7490.75,7493.0,266
2026-07-29 00:30:00+00:00,7493.0,7494.0,7490.25,7491.0,265
2026-07-29 00:31:00+00:00,7491.0,7491.25,7489.75,7490.5,261
2026-07-29 00:32:00+00:00,7490.25,7490.25,7488.75,7489.25,270
2026-07-29 00:33:00+00:00,7489.0,7489.5,7487.5,7489.5,466
2026-07-29 00:34:00+00:00,7489.5,7491.0,7489.0,7489.25,185
2026-07-29 00:35:00+00:00,7489.0,7490.25,7488.75,7489.25,188
2026-07-29 00:36:00+00:00,7489.5,7490.5,7489.0,7489.5,284
2026-07-29 00:37:00+00:00,7489.5,7494.0,7489.0,7493.0,383
2026-07-29 00:38:00+00:00,7493.25,7494.0,7491.75,7493.5,448
2026-07-29 00:39:00+00:00,7494.0,7495.25,7493.5,7493.5,342
2026-07-29 00:40:00+00:00,7493.5,7494.0,7492.25,7492.25,129
2026-07-29 00:41:00+00:00,7492.75,7492.75,7489.75,7490.5,152
2026-07-29 00:42:00+00:00,7490.5,7490.75,7489.75,7490.25,167
2026-07-29 00:43:00+00:00,7490.25,7494.0,7489.75,7493.5,137
2026-07-29 00:44:00+00:00,7493.5,7493.5,7491.25,7492.75,132
2026-07-29 00:45:00+00:00,7492.75,7494.75,7492.5,7494.25,162
2026-07-29 00:46:00+00:00,7494.0,7494.5,7492.75,7493.25,116
2026-07-29 00:47:00+00:00,7493.5,7494.25,7492.5,7494.25,298
2026-07-29 00:48:00+00:00,7494.0,7494.25,7490.75,7490.75,145
2026-07-29 00:49:00+00:00,7490.5,7491.5,7490.0,7490.5,200
2026-07-29 00:50:00+00:00,7490.0,7490.75,7488.75,7490.0,162
2026-07-29 00:51:00+00:00,7490.0,7491.25,7488.75,7490.75,346
2026-07-29 00:52:00+00:00,7490.75,7491.75,7490.0,7491.25,86
2026-07-29 00:53:00+00:00,7491.0,7492.5,7490.5,7490.5,117
2026-07-29 00:54:00+00:00,7491.0,7492.25,7490.75,7492.25,120
2026-07-29 00:55:00+00:00,7492.25,7492.25,7490.0,7491.0,176
2026-07-29 00:56:00+00:00,7490.75,7490.75,7489.0,7489.5,177
2026-07-29 00:57:00+00:00,7489.25,7490.0,7488.75,7489.25,260
2026-07-29 00:58:00+00:00,7489.25,7489.25,7485.25,7486.75,428
2026-07-29 00:59:00+00:00,7486.75,7487.5,7485.5,7486.75,138
2026-07-29 01:00:00+00:00,7486.75,7487.0,7485.25,7486.5,248
2026-07-29 01:01:00+00:00,7486.75,7489.25,7486.5,7487.75,263
2026-07-29 01:02:00+00:00,7487.75,7488.5,7487.25,7487.75,150
2026-07-29 01:03:00+00:00,7488.0,7488.75,7487.25,7488.25,342
2026-07-29 01:04:00+00:00,7488.5,7488.5,7485.0,7486.25,223
2026-07-29 01:05:00+00:00,7486.25,7486.25,7484.75,7484.75,287
2026-07-29 01:06:00+00:00,7484.5,7484.75,7480.75,7481.25,626
2026-07-29 01:07:00+00:00,7481.25,7483.5,7480.25,7483.0,415
2026-07-29 01:08:00+00:00,7483.0,7483.25,7480.5,7481.0,203
2026-07-29 01:09:00+00:00,7481.25,7481.25,7479.0,7479.5,254
2026-07-29 01:10:00+00:00,7479.5,7479.75,7475.75,7476.0,779
2026-07-29 01:11:00+00:00,7476.25,7476.25,7473.5,7474.25,932
2026-07-29 01:12:00+00:00,7474.0,7475.5,7473.25,7475.5,567
2026-07-29 01:13:00+00:00,7475.25,7476.0,7474.25,7474.25,310
2026-07-29 01:14:00+00:00,7474.25,7474.25,7471.5,7472.75,574
2026-07-29 01:15:00+00:00,7472.5,7472.75,7468.75,7470.25,982
2026-07-29 01:16:00+00:00,7470.0,7471.75,7469.5,7471.75,497
2026-07-29 01:17:00+00:00,7471.75,7473.25,7469.75,7472.5,497
2026-07-29 01:18:00+00:00,7472.25,7474.0,7470.5,7471.0,365
2026-07-29 01:19:00+00:00,7471.25,7474.5,7471.25,7472.75,252
2026-07-29 01:20:00+00:00,7472.75,7476.0,7472.75,7474.25,371
2026-07-29 01:21:00+00:00,7474.25,7476.0,7474.25,7475.25,224
2026-07-29 01:22:00+00:00,7475.5,7477.0,7475.0,7475.75,425
2026-07-29 01:23:00+00:00,7476.0,7478.25,7476.0,7478.25,256
2026-07-29 01:24:00+00:00,7478.5,7480.75,7478.25,7480.0,837
2026-07-29 01:25:00+00:00,7480.0,7480.25,7478.5,7479.0,234
2026-07-29 01:26:00+00:00,7479.0,7480.25,7478.5,7479.5,216
2026-07-29 01:27:00+00:00,7479.75,7481.0,7478.75,7479.75,288
2026-07-29 01:28:00+00:00,7479.75,7480.25,7478.0,7478.75,122
2026-07-29 01:29:00+00:00,7479.25,7479.5,7478.0,7478.25,86
2026-07-29 01:30:00+00:00,7478.0,7478.5,7475.5,7477.0,573
2026-07-29 01:31:00+00:00,7477.25,7478.5,7476.5,7477.5,233
2026-07-29 01:32:00+00:00,7477.25,7479.0,7477.0,7477.75,189
2026-07-29 01:33:00+00:00,7477.5,7477.5,7473.5,7473.5,255
2026-07-29 01:34:00+00:00,7473.5,7477.25,7473.5,7476.25,222
2026-07-29 01:35:00+00:00,7476.0,7476.75,7472.75,7473.25,225
2026-07-29 01:36:00+00:00,7473.25,7474.25,7473.25,7473.75,133
2026-07-29 01:37:00+00:00,7473.25,7475.25,7473.25,7475.0,138
2026-07-29 01:38:00+00:00,7475.0,7475.75,7474.5,7475.0,67
2026-07-29 01:39:00+00:00,7474.75,7475.5,7473.75,7473.75,141
2026-07-29 01:40:00+00:00,7473.75,7473.75,7470.5,7470.75,414
2026-07-29 01:41:00+00:00,7470.75,7470.75,7469.5,7470.5,275
2026-07-29 01:42:00+00:00,7470.25,7470.25,7467.25,7467.5,401
2026-07-29 01:43:00+00:00,7467.5,7468.5,7467.0,7467.25,233
2026-07-29 01:44:00+00:00,7467.25,7469.0,7467.0,7467.5,339
2026-07-29 01:45:00+00:00,7467.25,7467.75,7465.25,7466.75,462
2026-07-29 01:46:00+00:00,7466.5,7468.75,7465.75,7467.25,221
2026-07-29 01:47:00+00:00,7467.25,7467.5,7464.75,7465.25,439
2026-07-29 01:48:00+00:00,7465.0,7466.25,7464.0,7466.0,415
2026-07-29 01:49:00+00:00,7466.25,7466.75,7463.75,7464.5,228
2026-07-29 01:50:00+00:00,7464.25,7465.0,7463.0,7463.75,449
2026-07-29 01:51:00+00:00,7463.75,7464.0,7459.5,7461.0,769
2026-07-29 01:52:00+00:00,7460.75,7461.25,7459.0,7461.25,598
2026-07-29 01:53:00+00:00,7461.0,7461.5,7458.75,7459.75,404
2026-07-29 01:54:00+00:00,7459.75,7460.0,7458.5,7459.75,438
2026-07-29 01:55:00+00:00,7459.75,7460.25,7459.0,7459.75,300
2026-07-29 01:56:00+00:00,7459.75,7460.0,7457.5,7458.25,726
2026-07-29 01:57:00+00:00,7458.5,7458.75,7456.0,7457.0,320
2026-07-29 01:58:00+00:00,7456.75,7457.25,7455.5,7457.25,489
2026-07-29 01:59:00+00:00,7457.25,7457.25,7455.0,7455.5,336
2026-07-29 02:00:00+00:00,7455.25,7455.5,7453.25,7454.5,601
2026-07-29 02:01:00+00:00,7454.5,7459.0,7453.75,7458.5,747
2026-07-29 02:02:00+00:00,7458.5,7458.75,7456.25,7457.0,405
2026-07-29 02:03:00+00:00,7456.25,7458.5,7455.0,7458.25,404
2026-07-29 02:04:00+00:00,7458.5,7458.5,7456.75,7457.0,257
2026-07-29 02:05:00+00:00,7457.0,7457.5,7456.25,7457.25,212
2026-07-29 02:06:00+00:00,7457.25,7461.25,7457.25,7461.0,397
2026-07-29 02:07:00+00:00,7461.25,7462.25,7460.75,7462.0,322
2026-07-29 02:08:00+00:00,7462.0,7462.5,7460.0,7462.0,334
2026-07-29 02:09:00+00:00,7461.75,7462.5,7460.0,7462.0,183
2026-07-29 02:10:00+00:00,7461.5,7463.5,7461.25,7462.5,288
2026-07-29 02:11:00+00:00,7462.25,7464.75,7461.5,7464.25,274
2026-07-29 02:12:00+00:00,7464.5,7465.25,7463.75,7464.75,352
2026-07-29 02:13:00+00:00,7464.5,7464.5,7463.25,7463.75,238
2026-07-29 02:14:00+00:00,7463.5,7464.5,7462.5,7463.0,124
2026-07-29 02:15:00+00:00,7462.75,7463.25,7460.75,7461.25,171
2026-07-29 02:16:00+00:00,7461.25,7462.5,7461.0,7461.5,211
2026-07-29 02:17:00+00:00,7461.75,7461.75,7458.0,7458.0,254
2026-07-29 02:18:00+00:00,7458.25,7460.0,7457.75,7459.75,281
2026-07-29 02:19:00+00:00,7459.5,7459.5,7458.75,7459.0,25
2026-07-29 02:20:00+00:00,7458.75,7459.75,7458.75,7459.75,242
2026-07-29 02:21:00+00:00,7459.75,7464.0,7459.25,7463.5,363
2026-07-29 02:22:00+00:00,7463.25,7465.75,7463.25,7465.25,326
2026-07-29 02:23:00+00:00,7465.25,7465.5,7461.5,7464.0,226
2026-07-29 02:24:00+00:00,7463.75,7465.25,7462.5,7462.5,153
2026-07-29 02:25:00+00:00,7462.5,7463.75,7461.75,7463.75,122
2026-07-29 02:26:00+00:00,7463.5,7464.5,7462.25,7463.0,123
2026-07-29 02:27:00+00:00,7463.25,7463.75,7462.5,7463.75,65
2026-07-29 02:28:00+00:00,7463.75,7465.5,7463.5,7464.75,143
2026-07-29 02:29:00+00:00,7464.5,7466.5,7464.0,7466.5,143
2026-07-29 02:30:00+00:00,7466.25,7468.0,7466.0,7468.0,266
2026-07-29 02:31:00+00:00,7468.0,7468.25,7466.75,7467.75,229
2026-07-29 02:32:00+00:00,7467.75,7468.0,7466.5,7467.5,120
2026-07-29 02:33:00+00:00,7467.25,7467.25,7463.75,7464.75,162
2026-07-29 02:34:00+00:00,7464.75,7465.5,7464.0,7465.5,89
2026-07-29 02:35:00+00:00,7465.5,7466.25,7464.25,7464.75,98
2026-07-29 02:36:00+00:00,7465.25,7468.25,7464.25,7464.5,605
2026-07-29 02:37:00+00:00,7464.25,7465.0,7463.5,7465.0,148
2026-07-29 02:38:00+00:00,7464.5,7465.0,7463.75,7464.5,105
2026-07-29 02:39:00+00:00,7464.75,7467.25,7464.25,7467.25,126
2026-07-29 02:40:00+00:00,7467.5,7468.25,7465.75,7467.0,206
2026-07-29 02:41:00+00:00,7467.25,7468.75,7467.0,7468.25,183
2026-07-29 02:42:00+00:00,7468.25,7468.25,7466.75,7467.25,85
2026-07-29 02:43:00+00:00,7467.25,7467.5,7466.75,7466.75,71
2026-07-29 02:44:00+00:00,7466.5,7466.5,7465.75,7466.25,93
2026-07-29 02:45:00+00:00,7466.25,7466.5,7464.75,7465.25,103
2026-07-29 02:46:00+00:00,7465.0,7466.0,7464.75,7465.25,99
2026-07-29 02:47:00+00:00,7465.0,7465.5,7464.0,7464.25,147
2026-07-29 02:48:00+00:00,7464.5,7465.0,7464.25,7464.5,87
2026-07-29 02:49:00+00:00,7464.5,7465.25,7463.5,7463.75,161
2026-07-29 02:50:00+00:00,7463.75,7465.5,7462.75,7465.0,245
2026-07-29 02:51:00+00:00,7464.75,7465.75,7463.0,7465.5,179
2026-07-29 02:52:00+00:00,7465.5,7465.5,7463.75,7463.75,96
2026-07-29 02:53:00+00:00,7463.75,7464.0,7462.75,7463.0,90
2026-07-29 02:54:00+00:00,7462.75,7463.5,7462.0,7463.25,202
2026-07-29 02:55:00+00:00,7463.75,7464.5,7460.75,7462.25,316
2026-07-29 02:56:00+00:00,7462.25,7463.0,7461.75,7462.25,109
2026-07-29 02:57:00+00:00,7462.75,7462.75,7461.25,7461.5,78
2026-07-29 02:58:00+00:00,7461.75,7462.25,7461.5,7461.75,92
2026-07-29 02:59:00+00:00,7462.0,7463.5,7461.75,7463.25,182
2026-07-29 03:00:00+00:00,7463.25,7463.25,7462.0,7462.0,136
2026-07-29 03:01:00+00:00,7462.0,7462.25,7461.0,7461.5,145
2026-07-29 03:02:00+00:00,7461.5,7461.75,7459.75,7460.0,253
2026-07-29 03:03:00+00:00,7460.0,7460.25,7458.25,7458.5,217
2026-07-29 03:04:00+00:00,7458.5,7458.75,7457.25,7458.5,306
2026-07-29 03:05:00+00:00,7458.5,7460.0,7458.25,7459.75,145
2026-07-29 03:06:00+00:00,7459.75,7460.5,7459.0,7460.25,150
2026-07-29 03:07:00+00:00,7460.25,7463.75,7460.25,7462.5,244
2026-07-29 03:08:00+00:00,7462.75,7466.0,7462.75,7465.25,306
2026-07-29 03:09:00+00:00,7465.0,7467.5,7465.0,7466.75,218
2026-07-29 03:10:00+00:00,7466.75,7468.0,7466.0,7467.0,216
2026-07-29 03:11:00+00:00,7467.0,7467.0,7465.75,7466.0,190
2026-07-29 03:12:00+00:00,7465.75,7465.75,7462.75,7462.75,109
2026-07-29 03:13:00+00:00,7463.0,7463.25,7461.25,7461.5,82
2026-07-29 03:14:00+00:00,7461.25,7461.25,7460.25,7461.0,98
2026-07-29 03:15:00+00:00,7460.75,7461.25,7460.25,7460.75,90
2026-07-29 03:16:00+00:00,7460.75,7461.75,7459.5,7461.5,95
2026-07-29 03:17:00+00:00,7461.25,7461.25,7460.25,7460.5,112
2026-07-29 03:18:00+00:00,7460.25,7460.75,7459.75,7460.25,251
2026-07-29 03:19:00+00:00,7460.0,7460.25,7458.75,7459.25,104
2026-07-29 03:20:00+00:00,7459.25,7461.5,7459.25,7461.5,64
2026-07-29 03:21:00+00:00,7461.5,7462.25,7459.75,7459.75,120
2026-07-29 03:22:00+00:00,7459.75,7460.25,7458.75,7459.5,100
2026-07-29 03:23:00+00:00,7459.75,7459.75,7458.25,7458.5,59
2026-07-29 03:24:00+00:00,7458.25,7458.75,7457.25,7458.25,224
2026-07-29 03:25:00+00:00,7458.25,7458.5,7456.0,7457.75,206
2026-07-29 03:26:00+00:00,7457.75,7458.25,7457.5,7458.0,88
2026-07-29 03:27:00+00:00,7457.75,7458.5,7456.75,7458.0,140
2026-07-29 03:28:00+00:00,7457.75,7458.0,7456.75,7458.0,110
2026-07-29 03:29:00+00:00,7458.0,7458.25,7455.5,7455.75,205
2026-07-29 03:30:00+00:00,7455.5,7455.5,7452.25,7453.75,750
2026-07-29 03:31:00+00:00,7453.75,7453.75,7451.5,7453.0,315
2026-07-29 03:32:00+00:00,7453.0,7455.25,7453.0,7455.25,130
2026-07-29 03:33:00+00:00,7455.25,7456.0,7454.25,7456.0,92
2026-07-29 03:34:00+00:00,7455.75,7456.25,7454.75,7456.25,117
2026-07-29 03:35:00+00:00,7456.25,7457.0,7455.75,7457.0,116
2026-07-29 03:36:00+00:00,7456.75,7457.5,7456.25,7457.0,116
2026-07-29 03:37:00+00:00,7457.5,7457.5,7455.5,7456.5,125
2026-07-29 03:38:00+00:00,7456.5,7457.0,7454.75,7454.75,117
2026-07-29 03:39:00+00:00,7455.0,7455.0,7453.5,7453.75,149
2026-07-29 03:40:00+00:00,7453.75,7454.25,7453.75,7454.0,108
2026-07-29 03:41:00+00:00,7454.0,7454.0,7452.75,7453.25,165
2026-07-29 03:42:00+00:00,7453.25,7453.75,7452.5,7452.5,197
2026-07-29 03:43:00+00:00,7452.5,7454.0,7451.25,7453.75,499
2026-07-29 03:44:00+00:00,7453.75,7455.0,7452.75,7454.75,166
2026-07-29 03:45:00+00:00,7454.75,7456.0,7454.5,7455.0,230
2026-07-29 03:46:00+00:00,7455.25,7455.75,7454.25,7455.0,114
2026-07-29 03:47:00+00:00,7454.75,7456.75,7454.75,7456.5,138
2026-07-29 03:48:00+00:00,7456.5,7456.5,7453.5,7453.5,96
2026-07-29 03:49:00+00:00,7453.75,7454.0,7453.0,7453.0,144
2026-07-29 03:50:00+00:00,7453.0,7453.0,7452.0,7452.5,137
2026-07-29 03:51:00+00:00,7452.25,7452.25,7448.25,7448.5,1046
2026-07-29 03:52:00+00:00,7448.5,7449.0,7446.5,7448.25,405
2026-07-29 03:53:00+00:00,7448.25,7448.75,7447.5,7447.5,141
2026-07-29 03:54:00+00:00,7447.5,7448.25,7446.75,7447.75,180
2026-07-29 03:55:00+00:00,7447.75,7448.0,7445.5,7445.75,387
2026-07-29 03:56:00+00:00,7445.75,7446.75,7445.0,7446.25,425
2026-07-29 03:57:00+00:00,7446.25,7447.5,7446.25,7446.75,171
2026-07-29 03:58:00+00:00,7446.75,7447.5,7446.25,7447.25,158
2026-07-29 04:09:00+00:00,7445.75,7448.0,7445.75,7448.0,160
2026-07-29 04:10:00+00:00,7447.75,7448.0,7446.0,7446.25,194
2026-07-29 04:11:00+00:00,7446.5,7446.5,7444.0,7445.0,334
2026-07-29 04:12:00+00:00,7445.0,7447.0,7444.25,7446.5,165
2026-07-29 04:13:00+00:00,7446.25,7447.0,7444.75,7445.0,142
2026-07-29 04:14:00+00:00,7445.0,7445.0,7443.75,7445.0,161
2026-07-29 04:15:00+00:00,7445.0,7445.5,7443.5,7443.75,162
2026-07-29 04:16:00+00:00,7443.5,7443.75,7442.25,7443.25,321
2026-07-29 04:17:00+00:00,7443.75,7444.25,7443.0,7443.0,132
2026-07-29 04:18:00+00:00,7443.0,7444.0,7443.0,7443.25,159
2026-07-29 04:19:00+00:00,7443.0,7445.75,7442.5,7445.75,411
2026-07-29 04:20:00+00:00,7445.75,7446.25,7443.0,7443.25,254
2026-07-29 04:21:00+00:00,7443.75,7444.25,7442.75,7443.75,145
2026-07-29 04:22:00+00:00,7444.0,7446.5,7444.0,7446.0,195
2026-07-29 04:23:00+00:00,7446.0,7446.5,7445.0,7445.5,345
2026-07-29 04:24:00+00:00,7445.75,7447.25,7445.0,7446.75,185
2026-07-29 04:25:00+00:00,7446.75,7447.5,7445.5,7446.25,958
2026-07-29 04:26:00+00:00,7446.25,7447.5,7446.25,7446.5,142
2026-07-29 04:27:00+00:00,7446.75,7448.25,7446.25,7446.75,118
2026-07-29 04:28:00+00:00,7446.75,7447.25,7444.75,7444.75,134
2026-07-29 04:29:00+00:00,7444.75,7445.0,7443.5,7445.0,90
2026-07-29 04:30:00+00:00,7444.75,7446.25,7443.5,7445.75,104
2026-07-29 04:31:00+00:00,7445.75,7446.0,7443.75,7444.5,101
2026-07-29 04:32:00+00:00,7444.5,7444.75,7443.25,7444.5,117
2026-07-29 04:33:00+00:00,7444.25,7444.5,7443.25,7443.25,77
2026-07-29 04:34:00+00:00,7443.25,7443.5,7442.0,7443.25,279
2026-07-29 04:35:00+00:00,7443.25,7444.75,7442.5,7444.25,168
2026-07-29 04:36:00+00:00,7444.75,7446.75,7443.75,7446.0,227
2026-07-29 04:37:00+00:00,7446.25,7447.0,7445.5,7446.75,189
2026-07-29 04:38:00+00:00,7446.75,7447.0,7445.5,7446.0,324
2026-07-29 04:39:00+00:00,7446.0,7446.25,7444.25,7444.5,219
2026-07-29 04:40:00+00:00,7444.75,7444.75,7442.0,7444.0,317
2026-07-29 04:41:00+00:00,7444.25,7444.5,7442.0,7442.75,207
2026-07-29 04:42:00+00:00,7442.75,7443.0,7440.75,7440.75,175
2026-07-29 04:43:00+00:00,7440.5,7441.75,7440.25,7441.75,139
2026-07-29 04:44:00+00:00,7441.75,7441.75,7439.75,7440.0,373
2026-07-29 04:45:00+00:00,7440.25,7441.5,7438.5,7441.5,337
2026-07-29 04:46:00+00:00,7441.5,7443.5,7441.25,7442.5,329
2026-07-29 04:47:00+00:00,7442.75,7443.0,7441.0,7441.75,237
2026-07-29 04:48:00+00:00,7441.75,7442.25,7441.0,7441.75,112
2026-07-29 04:49:00+00:00,7441.75,7442.0,7440.5,7442.0,127
2026-07-29 04:50:00+00:00,7441.75,7445.75,7441.75,7444.25,275
2026-07-29 04:51:00+00:00,7444.5,7448.25,7444.5,7447.5,287
2026-07-29 04:52:00+00:00,7447.5,7448.25,7447.25,7447.25,259
2026-07-29 04:53:00+00:00,7447.25,7448.5,7447.0,7447.0,387
2026-07-29 04:54:00+00:00,7447.0,7448.25,7446.5,7447.75,299
2026-07-29 04:55:00+00:00,7447.75,7450.25,7447.0,7450.0,574
2026-07-29 04:56:00+00:00,7449.75,7450.5,7449.0,7449.0,151
2026-07-29 04:57:00+00:00,7449.25,7450.25,7448.0,7449.0,132
2026-07-29 04:58:00+00:00,7449.25,7450.25,7449.25,7449.5,104
2026-07-29 04:59:00+00:00,7449.75,7450.5,7449.25,7450.5,99
2026-07-29 05:00:00+00:00,7450.75,7452.25,7448.5,7449.0,243
2026-07-29 05:01:00+00:00,7449.0,7452.0,7448.5,7452.0,130
2026-07-29 05:02:00+00:00,7451.75,7452.75,7451.25,7452.25,157
2026-07-29 05:03:00+00:00,7452.5,7454.5,7452.25,7452.75,187
2026-07-29 05:04:00+00:00,7453.0,7454.0,7452.5,7452.5,116
2026-07-29 05:05:00+00:00,7452.75,7452.75,7450.25,7451.5,112
2026-07-29 05:06:00+00:00,7451.5,7454.0,7451.5,7453.5,148
2026-07-29 05:07:00+00:00,7453.5,7455.75,7452.5,7455.75,406
2026-07-29 05:08:00+00:00,7455.75,7458.0,7455.75,7457.75,437
2026-07-29 05:09:00+00:00,7457.75,7458.75,7456.5,7457.25,502
2026-07-29 05:10:00+00:00,7457.25,7458.0,7456.25,7457.25,187
2026-07-29 05:11:00+00:00,7457.25,7459.75,7457.0,7459.25,207
2026-07-29 05:12:00+00:00,7459.25,7459.5,7458.0,7458.0,154
2026-07-29 05:13:00+00:00,7458.0,7460.75,7458.0,7460.25,279
2026-07-29 05:14:00+00:00,7460.25,7461.0,7459.25,7461.0,127
2026-07-29 05:15:00+00:00,7460.75,7461.0,7457.5,7458.0,203
2026-07-29 05:16:00+00:00,7458.0,7458.75,7456.0,7458.25,213
2026-07-29 05:17:00+00:00,7458.25,7458.25,7456.25,7456.25,112
2026-07-29 05:18:00+00:00,7456.25,7457.25,7455.5,7455.75,124
2026-07-29 05:19:00+00:00,7456.0,7456.75,7455.5,7456.5,109
2026-07-29 05:20:00+00:00,7456.5,7458.75,7454.75,7458.25,210
2026-07-29 05:21:00+00:00,7458.25,7458.25,7455.25,7456.25,89
2026-07-29 05:22:00+00:00,7456.5,7459.0,7456.25,7459.0,77
2026-07-29 05:23:00+00:00,7458.75,7459.0,7458.25,7458.75,125
2026-07-29 05:24:00+00:00,7458.75,7459.5,7458.5,7459.5,126
2026-07-29 05:25:00+00:00,7459.5,7461.0,7459.0,7459.0,223
2026-07-29 05:26:00+00:00,7458.75,7461.5,7458.25,7459.75,144
2026-07-29 05:27:00+00:00,7459.75,7460.5,7459.75,7460.25,79
2026-07-29 05:28:00+00:00,7460.0,7461.25,7459.75,7460.0,99
2026-07-29 05:29:00+00:00,7460.0,7460.75,7459.0,7459.75,108
2026-07-29 05:30:00+00:00,7459.75,7460.0,7457.0,7460.0,248
2026-07-29 05:31:00+00:00,7460.25,7460.5,7458.25,7458.75,148
2026-07-29 05:32:00+00:00,7459.0,7460.0,7458.0,7458.0,140
2026-07-29 05:33:00+00:00,7458.0,7459.75,7457.75,7459.0,71
2026-07-29 05:34:00+00:00,7459.0,7461.0,7458.25,7460.75,110
2026-07-29 05:35:00+00:00,7460.75,7461.25,7460.25,7461.0,124
2026-07-29 05:36:00+00:00,7461.25,7462.25,7460.5,7462.25,159
2026-07-29 05:37:00+00:00,7462.0,7462.75,7461.75,7461.75,174
2026-07-29 05:38:00+00:00,7461.75,7462.25,7461.5,7462.25,193
2026-07-29 05:39:00+00:00,7462.25,7462.75,7461.25,7462.0,253
2026-07-29 05:40:00+00:00,7461.75,7461.75,7460.25,7461.0,204
2026-07-29 05:41:00+00:00,7460.75,7460.75,7458.75,7460.5,187
2026-07-29 05:42:00+00:00,7460.75,7462.5,7460.5,7462.0,182
2026-07-29 05:43:00+00:00,7462.25,7462.5,7461.0,7461.0,161
2026-07-29 05:44:00+00:00,7461.0,7461.0,7459.5,7460.75,113
2026-07-29 05:45:00+00:00,7461.25,7461.5,7459.75,7460.5,119
2026-07-29 05:46:00+00:00,7460.25,7462.0,7460.25,7461.0,100
2026-07-29 05:47:00+00:00,7461.0,7462.0,7460.75,7460.75,86
2026-07-29 05:48:00+00:00,7460.5,7461.0,7459.0,7460.5,114
2026-07-29 05:49:00+00:00,7460.5,7461.0,7459.75,7460.0,113
2026-07-29 05:50:00+00:00,7460.0,7461.0,7459.5,7461.0,93
2026-07-29 05:51:00+00:00,7461.0,7461.0,7459.75,7460.0,122
2026-07-29 05:52:00+00:00,7459.75,7459.75,7458.0,7458.75,324
2026-07-29 05:53:00+00:00,7459.0,7460.5,7458.25,7460.25,122
2026-07-29 05:54:00+00:00,7460.25,7461.25,7459.5,7461.0,69
2026-07-29 05:55:00+00:00,7461.0,7461.25,7459.25,7459.25,214
2026-07-29 05:56:00+00:00,7459.0,7460.25,7458.0,7458.0,128
2026-07-29 05:57:00+00:00,7458.0,7458.5,7457.25,7457.25,125
2026-07-29 05:58:00+00:00,7457.25,7457.5,7456.5,7457.25,132
2026-07-29 05:59:00+00:00,7457.5,7458.0,7457.25,7457.75,148
2026-07-29 06:00:00+00:00,7457.5,7458.25,7456.25,7456.75,261
2026-07-29 06:01:00+00:00,7457.0,7458.25,7456.5,7456.5,348
2026-07-29 06:02:00+00:00,7456.75,7458.0,7456.25,7457.0,146
2026-07-29 06:03:00+00:00,7457.25,7457.5,7454.75,7455.0,206
2026-07-29 06:04:00+00:00,7455.0,7455.0,7452.5,7452.5,324
2026-07-29 06:05:00+00:00,7452.75,7453.0,7452.0,7452.75,193
2026-07-29 06:06:00+00:00,7453.0,7453.5,7451.25,7452.5,186
2026-07-29 06:07:00+00:00,7452.5,7453.0,7451.75,7451.75,113
2026-07-29 06:08:00+00:00,7451.75,7453.5,7451.5,7452.75,209
2026-07-29 06:09:00+00:00,7452.25,7453.5,7451.75,7452.5,169
2026-07-29 06:10:00+00:00,7452.75,7453.25,7452.0,7453.0,156
2026-07-29 06:11:00+00:00,7453.25,7454.0,7452.5,7452.75,148
2026-07-29 06:12:00+00:00,7453.0,7453.75,7452.25,7453.0,110
2026-07-29 06:13:00+00:00,7453.25,7454.25,7452.75,7454.0,138
2026-07-29 06:14:00+00:00,7454.25,7455.75,7454.0,7455.0,139
2026-07-29 06:15:00+00:00,7455.0,7456.5,7455.0,7456.0,224
2026-07-29 06:16:00+00:00,7456.25,7457.5,7455.25,7455.5,196
2026-07-29 06:17:00+00:00,7455.75,7458.0,7455.75,7457.5,126
2026-07-29 06:18:00+00:00,7457.5,7458.5,7457.25,7458.25,137
2026-07-29 06:19:00+00:00,7458.0,7458.5,7456.5,7456.75,202
2026-07-29 06:20:00+00:00,7456.75,7457.0,7455.5,7456.75,154
2026-07-29 06:21:00+00:00,7456.25,7457.0,7455.0,7455.5,151
2026-07-29 06:22:00+00:00,7455.5,7455.75,7454.0,7455.5,128
2026-07-29 06:23:00+00:00,7455.25,7457.5,7454.75,7457.25,264
2026-07-29 06:24:00+00:00,7457.75,7458.25,7457.0,7457.0,296
2026-07-29 06:25:00+00:00,7456.75,7458.0,7456.75,7458.0,101
2026-07-29 06:26:00+00:00,7458.25,7460.5,7457.75,7459.25,324
2026-07-29 06:27:00+00:00,7459.75,7461.0,7459.75,7461.0,168
2026-07-29 06:28:00+00:00,7460.75,7460.75,7459.0,7459.25,407
2026-07-29 06:29:00+00:00,7458.75,7461.25,7458.5,7461.0,291
2026-07-29 06:30:00+00:00,7460.75,7464.5,7460.75,7463.5,680
2026-07-29 06:31:00+00:00,7463.75,7465.5,7463.0,7465.0,358
2026-07-29 06:32:00+00:00,7465.0,7467.75,7464.75,7467.75,350
2026-07-29 06:33:00+00:00,7468.0,7468.75,7466.5,7467.75,356
2026-07-29 06:34:00+00:00,7468.0,7468.25,7467.25,7468.0,172
2026-07-29 06:35:00+00:00,7468.0,7469.25,7467.5,7469.25,429
2026-07-29 06:36:00+00:00,7469.25,7470.75,7469.25,7469.75,217
2026-07-29 06:37:00+00:00,7469.75,7472.25,7469.5,7472.25,233
2026-07-29 06:38:00+00:00,7472.0,7472.75,7471.0,7471.75,322
2026-07-29 06:39:00+00:00,7471.75,7473.0,7471.5,7471.5,226
2026-07-29 06:40:00+00:00,7471.5,7472.25,7471.25,7471.75,197
2026-07-29 06:41:00+00:00,7471.75,7473.5,7471.75,7473.5,382
2026-07-29 06:42:00+00:00,7473.75,7474.25,7472.75,7474.0,338
2026-07-29 06:43:00+00:00,7474.0,7474.25,7472.75,7473.0,138
2026-07-29 06:44:00+00:00,7473.25,7474.25,7472.5,7473.75,196
2026-07-29 06:45:00+00:00,7473.5,7473.75,7471.5,7471.75,143
2026-07-29 06:46:00+00:00,7472.0,7474.75,7471.75,7474.5,265
2026-07-29 06:47:00+00:00,7474.75,7475.5,7474.0,7475.25,404
2026-07-29 06:48:00+00:00,7475.25,7477.0,7475.0,7476.75,279
2026-07-29 06:49:00+00:00,7476.75,7477.0,7476.0,7476.5,295
2026-07-29 06:50:00+00:00,7476.5,7479.0,7476.25,7478.25,459
2026-07-29 06:51:00+00:00,7478.25,7479.0,7476.5,7477.5,345
2026-07-29 06:52:00+00:00,7477.75,7479.0,7477.25,7478.75,171
2026-07-29 06:53:00+00:00,7478.5,7478.5,7477.5,7478.25,153
2026-07-29 06:54:00+00:00,7478.0,7479.0,7477.0,7478.5,342
2026-07-29 06:55:00+00:00,7478.25,7480.0,7478.25,7479.0,361
2026-07-29 06:56:00+00:00,7478.75,7480.0,7478.25,7479.25,214
2026-07-29 06:57:00+00:00,7479.25,7480.0,7478.25,7478.75,300
2026-07-29 06:58:00+00:00,7478.75,7479.25,7478.25,7478.5,144
2026-07-29 06:59:00+00:00,7478.5,7479.0,7478.25,7478.75,189
2026-07-29 07:00:00+00:00,7478.75,7481.25,7477.5,7478.0,772
2026-07-29 07:01:00+00:00,7477.75,7478.0,7474.75,7477.0,584
2026-07-29 07:02:00+00:00,7476.75,7478.0,7476.5,7477.0,378
2026-07-29 07:03:00+00:00,7477.0,7477.25,7475.5,7475.75,538
2026-07-29 07:04:00+00:00,7475.75,7478.25,7475.75,7477.0,236
2026-07-29 07:05:00+00:00,7477.0,7477.75,7476.5,7477.75,340
2026-07-29 07:06:00+00:00,7477.75,7479.0,7477.5,7477.5,233
2026-07-29 07:07:00+00:00,7477.5,7478.25,7476.75,7477.5,242
2026-07-29 07:08:00+00:00,7477.5,7478.75,7477.5,7478.25,202
2026-07-29 07:09:00+00:00,7478.5,7480.75,7478.25,7480.75,565
2026-07-29 07:10:00+00:00,7480.75,7482.0,7480.0,7482.0,490
2026-07-29 07:11:00+00:00,7482.25,7482.75,7481.75,7482.5,572
2026-07-29 07:12:00+00:00,7482.25,7483.25,7482.0,7482.25,780
2026-07-29 07:13:00+00:00,7482.25,7482.75,7479.25,7480.0,540
2026-07-29 07:14:00+00:00,7480.25,7481.0,7479.0,7479.5,189
2026-07-29 07:15:00+00:00,7479.5,7480.5,7479.0,7480.25,259
2026-07-29 07:16:00+00:00,7480.5,7481.0,7478.75,7480.5,256
2026-07-29 07:17:00+00:00,7480.25,7481.75,7480.0,7481.75,174
2026-07-29 07:18:00+00:00,7481.75,7482.5,7479.5,7479.75,304
2026-07-29 07:19:00+00:00,7479.75,7479.75,7478.25,7479.25,383
2026-07-29 07:20:00+00:00,7479.25,7480.75,7478.75,7479.25,293
2026-07-29 07:21:00+00:00,7479.0,7479.75,7478.25,7478.5,219
2026-07-29 07:22:00+00:00,7478.25,7478.75,7477.25,7477.25,318
2026-07-29 07:23:00+00:00,7477.25,7478.25,7477.0,7477.5,208
2026-07-29 07:24:00+00:00,7477.5,7478.25,7477.0,7477.5,183
2026-07-29 07:25:00+00:00,7477.5,7478.25,7476.75,7478.0,200
2026-07-29 07:26:00+00:00,7478.0,7480.5,7477.5,7480.25,308
2026-07-29 07:27:00+00:00,7480.5,7481.0,7479.0,7479.25,209
2026-07-29 07:28:00+00:00,7479.5,7480.25,7479.0,7480.25,175
2026-07-29 07:29:00+00:00,7480.25,7482.25,7479.0,7482.0,437
2026-07-29 07:30:00+00:00,7482.25,7482.25,7480.5,7481.5,265
2026-07-29 07:31:00+00:00,7481.5,7484.0,7481.0,7483.5,451
2026-07-29 07:32:00+00:00,7483.25,7483.75,7482.0,7483.0,275
2026-07-29 07:33:00+00:00,7483.25,7483.25,7481.75,7482.0,301
2026-07-29 07:34:00+00:00,7482.0,7482.0,7479.75,7481.0,376
2026-07-29 07:35:00+00:00,7481.0,7482.25,7480.25,7481.0,450
2026-07-29 07:36:00+00:00,7481.0,7482.75,7481.0,7482.75,168
2026-07-29 07:37:00+00:00,7483.0,7485.0,7483.0,7483.0,293
2026-07-29 07:38:00+00:00,7483.0,7483.25,7482.5,7482.5,94
2026-07-29 07:39:00+00:00,7482.5,7483.5,7481.75,7482.5,295
2026-07-29 07:40:00+00:00,7482.25,7483.75,7482.25,7483.75,149
2026-07-29 07:41:00+00:00,7483.75,7484.25,7483.0,7484.0,189
2026-07-29 07:42:00+00:00,7484.0,7484.5,7483.0,7483.25,72
2026-07-29 07:43:00+00:00,7483.25,7483.75,7482.75,7483.75,114
2026-07-29 07:44:00+00:00,7483.75,7483.75,7482.5,7482.5,141
2026-07-29 07:45:00+00:00,7482.5,7483.0,7481.0,7481.5,189
2026-07-29 07:46:00+00:00,7481.25,7481.5,7480.5,7481.5,274
2026-07-29 07:47:00+00:00,7481.25,7482.75,7481.25,7481.5,327
2026-07-29 07:48:00+00:00,7481.5,7481.5,7480.25,7480.25,173
2026-07-29 07:49:00+00:00,7480.25,7481.0,7480.0,7480.5,183
2026-07-29 07:50:00+00:00,7480.25,7480.5,7479.25,7480.0,241
2026-07-29 07:51:00+00:00,7480.25,7481.0,7479.25,7481.0,223
2026-07-29 07:52:00+00:00,7481.0,7481.0,7479.5,7479.75,230
2026-07-29 07:53:00+00:00,7480.0,7480.75,7479.25,7480.0,185
2026-07-29 07:54:00+00:00,7480.0,7480.0,7478.5,7478.5,252
2026-07-29 07:55:00+00:00,7478.5,7480.0,7478.5,7480.0,201
2026-07-29 07:56:00+00:00,7480.0,7481.75,7479.75,7481.75,188
2026-07-29 07:57:00+00:00,7481.75,7482.75,7480.75,7482.5,155
2026-07-29 07:58:00+00:00,7482.75,7483.25,7481.75,7482.0,160
2026-07-29 07:59:00+00:00,7481.75,7481.75,7480.25,7481.25,162
2026-07-29 08:00:00+00:00,7481.25,7482.0,7479.0,7480.25,427
2026-07-29 08:01:00+00:00,7480.25,7481.0,7479.5,7480.75,515
2026-07-29 08:02:00+00:00,7481.0,7481.75,7479.25,7479.75,630
2026-07-29 08:03:00+00:00,7479.75,7481.25,7479.75,7480.5,257
2026-07-29 08:04:00+00:00,7480.5,7481.0,7479.0,7479.75,322
2026-07-29 08:05:00+00:00,7479.5,7479.5,7478.0,7478.5,538
2026-07-29 08:06:00+00:00,7478.75,7480.25,7478.75,7479.5,305
2026-07-29 08:07:00+00:00,7479.75,7480.25,7478.75,7479.0,209
2026-07-29 08:08:00+00:00,7479.25,7481.5,7479.0,7481.0,215
2026-07-29 08:09:00+00:00,7480.75,7480.75,7477.25,7478.75,292
2026-07-29 08:10:00+00:00,7478.75,7481.0,7477.75,7479.5,294
2026-07-29 08:11:00+00:00,7479.5,7479.5,7478.5,7479.25,186
2026-07-29 08:12:00+00:00,7479.5,7479.5,7475.5,7476.25,327
2026-07-29 08:13:00+00:00,7476.25,7477.5,7475.5,7477.0,313
2026-07-29 08:14:00+00:00,7477.0,7477.25,7474.25,7474.75,434
2026-07-29 08:20:00+00:00,7474.5,7475.25,7474.25,7474.75,1916
2026-07-29 08:21:00+00:00,7474.75,7475.25,7474.25,7475.25,173
2026-07-29 08:22:00+00:00,7475.25,7475.75,7474.5,7474.75,379
2026-07-29 08:23:00+00:00,7474.5,7474.75,7472.75,7473.25,402
2026-07-29 08:24:00+00:00,7473.5,7473.75,7470.75,7471.5,423
2026-07-29 08:25:00+00:00,7471.5,7472.0,7470.5,7470.75,416
2026-07-29 08:26:00+00:00,7470.75,7471.0,7469.25,7469.75,549
2026-07-29 08:27:00+00:00,7469.75,7471.75,7469.0,7471.5,421
2026-07-29 08:28:00+00:00,7471.5,7471.75,7469.75,7470.5,274
2026-07-29 08:29:00+00:00,7470.25,7471.25,7470.0,7471.25,302
2026-07-29 08:30:00+00:00,7471.5,7474.25,7470.0,7474.0,379
2026-07-29 08:31:00+00:00,7474.0,7477.75,7473.75,7477.5,394
2026-07-29 08:32:00+00:00,7477.75,7480.75,7477.0,7480.0,489
2026-07-29 08:33:00+00:00,7480.0,7480.5,7478.25,7479.0,502
2026-07-29 08:34:00+00:00,7479.0,7480.25,7478.5,7479.25,317
2026-07-29 08:35:00+00:00,7479.0,7479.75,7477.75,7478.0,265
2026-07-29 08:36:00+00:00,7478.0,7480.25,7477.75,7480.0,328
2026-07-29 08:37:00+00:00,7479.75,7480.25,7478.75,7479.5,208
2026-07-29 08:38:00+00:00,7479.75,7480.0,7478.25,7478.25,250
2026-07-29 08:39:00+00:00,7478.0,7479.0,7477.75,7478.5,140
2026-07-29 08:40:00+00:00,7478.5,7479.5,7477.5,7479.5,151
2026-07-29 08:41:00+00:00,7479.5,7480.0,7478.5,7478.75,97
2026-07-29 08:42:00+00:00,7478.75,7480.0,7478.5,7480.0,96
2026-07-29 08:43:00+00:00,7480.0,7482.5,7479.5,7482.0,384
2026-07-29 08:44:00+00:00,7481.75,7483.25,7481.75,7482.5,333
2026-07-29 08:45:00+00:00,7482.25,7483.25,7481.75,7482.5,425
2026-07-29 08:46:00+00:00,7482.75,7485.0,7482.75,7484.75,401
2026-07-29 08:47:00+00:00,7484.25,7484.75,7483.25,7484.0,384
2026-07-29 08:48:00+00:00,7483.75,7484.5,7481.75,7482.0,238
2026-07-29 08:49:00+00:00,7482.0,7484.5,7481.5,7484.5,238
2026-07-29 08:50:00+00:00,7484.5,7486.0,7484.25,7484.5,279
2026-07-29 08:51:00+00:00,7484.75,7484.75,7482.75,7483.0,195
2026-07-29 08:52:00+00:00,7483.25,7483.25,7482.25,7483.0,83
2026-07-29 08:53:00+00:00,7483.25,7483.25,7482.25,7482.75,125
2026-07-29 08:54:00+00:00,7482.5,7482.5,7480.0,7481.25,286
2026-07-29 08:55:00+00:00,7481.5,7482.0,7481.25,7481.5,95
2026-07-29 08:56:00+00:00,7481.5,7482.0,7481.0,7481.75,141
2026-07-29 08:57:00+00:00,7481.5,7481.5,7480.75,7481.25,78
2026-07-29 08:58:00+00:00,7481.25,7481.25,7479.75,7480.0,114
2026-07-29 08:59:00+00:00,7479.75,7481.0,7479.25,7480.75,109
2026-07-29 09:00:00+00:00,7481.0,7482.25,7479.75,7481.0,126
2026-07-29 09:01:00+00:00,7481.25,7482.25,7481.0,7482.25,157
2026-07-29 09:02:00+00:00,7482.25,7482.5,7480.25,7480.25,179
2026-07-29 09:03:00+00:00,7480.25,7483.5,7479.5,7483.5,151
2026-07-29 09:04:00+00:00,7483.5,7483.75,7481.75,7482.0,116
2026-07-29 09:05:00+00:00,7482.0,7482.25,7481.25,7482.0,106
2026-07-29 09:06:00+00:00,7482.25,7483.5,7481.5,7482.0,262
2026-07-29 09:07:00+00:00,7481.75,7481.75,7480.0,7481.0,408
2026-07-29 09:08:00+00:00,7480.75,7481.25,7479.5,7481.25,357
2026-07-29 09:09:00+00:00,7481.25,7482.5,7481.25,7481.5,376
2026-07-29 09:10:00+00:00,7481.5,7482.0,7480.25,7480.5,502
2026-07-29 09:11:00+00:00,7480.75,7481.0,7479.75,7480.75,223
2026-07-29 09:12:00+00:00,7481.0,7482.25,7481.0,7481.75,144
2026-07-29 09:13:00+00:00,7481.75,7482.75,7480.25,7480.25,172
2026-07-29 09:14:00+00:00,7480.5,7482.75,7480.5,7482.5,182
2026-07-29 09:15:00+00:00,7482.5,7482.75,7481.75,7482.75,187
2026-07-29 09:16:00+00:00,7482.5,7482.5,7480.25,7480.75,147
2026-07-29 09:17:00+00:00,7480.75,7481.5,7479.75,7479.75,197
2026-07-29 09:18:00+00:00,7480.0,7482.25,7480.0,7481.75,116
2026-07-29 09:19:00+00:00,7481.75,7482.0,7480.5,7480.75,110
2026-07-29 09:20:00+00:00,7480.5,7480.75,7479.75,7480.0,180
2026-07-29 09:21:00+00:00,7479.75,7480.75,7479.5,7480.0,238
2026-07-29 09:22:00+00:00,7480.0,7482.25,7480.0,7482.0,189
2026-07-29 09:23:00+00:00,7482.25,7482.25,7479.25,7479.75,171
2026-07-29 09:24:00+00:00,7479.75,7480.5,7479.25,7480.5,196
2026-07-29 09:25:00+00:00,7480.5,7482.5,7480.0,7482.0,225
2026-07-29 09:26:00+00:00,7481.75,7482.0,7480.25,7480.5,150
2026-07-29 09:27:00+00:00,7480.5,7480.5,7479.0,7479.25,194
2026-07-29 09:28:00+00:00,7479.5,7480.25,7478.75,7480.0,176
2026-07-29 09:29:00+00:00,7479.75,7480.25,7479.25,7480.0,77
2026-07-29 09:30:00+00:00,7480.0,7480.5,7479.25,7479.25,154
2026-07-29 09:31:00+00:00,7479.25,7479.75,7478.75,7479.5,110
2026-07-29 09:32:00+00:00,7479.5,7479.5,7478.25,7478.5,225
2026-07-29 09:33:00+00:00,7478.5,7478.75,7477.5,7478.75,187
2026-07-29 09:34:00+00:00,7478.75,7480.0,7478.75,7479.25,201
2026-07-29 09:35:00+00:00,7479.25,7479.5,7478.5,7478.75,175
2026-07-29 09:36:00+00:00,7479.0,7480.75,7478.5,7479.25,172
2026-07-29 09:37:00+00:00,7479.25,7480.75,7479.0,7480.5,231
2026-07-29 09:38:00+00:00,7480.5,7483.0,7480.5,7482.5,235
2026-07-29 09:39:00+00:00,7482.5,7482.75,7479.75,7480.0,229
2026-07-29 09:40:00+00:00,7480.25,7482.0,7480.25,7482.0,111
2026-07-29 09:41:00+00:00,7481.75,7482.5,7481.0,7482.25,175
2026-07-29 09:42:00+00:00,7482.25,7483.25,7482.0,7483.25,156
2026-07-29 09:43:00+00:00,7483.5,7484.0,7482.0,7482.75,242
2026-07-29 09:44:00+00:00,7482.5,7483.0,7481.75,7482.75,111
2026-07-29 09:45:00+00:00,7483.0,7484.75,7483.0,7484.5,243
2026-07-29 09:46:00+00:00,7484.5,7485.0,7484.0,7484.5,156
2026-07-29 09:47:00+00:00,7484.5,7485.5,7484.0,7485.25,186
2026-07-29 09:48:00+00:00,7485.25,7485.75,7484.75,7485.0,116
2026-07-29 09:49:00+00:00,7485.0,7486.75,7485.0,7486.5,260
2026-07-29 09:50:00+00:00,7486.75,7489.5,7486.5,7488.5,743
2026-07-29 09:51:00+00:00,7488.5,7490.5,7488.5,7490.0,430
2026-07-29 09:52:00+00:00,7490.25,7492.0,7489.5,7491.25,549
2026-07-29 09:53:00+00:00,7491.25,7491.5,7488.75,7489.5,474
2026-07-29 09:54:00+00:00,7489.25,7489.25,7487.75,7487.75,364
2026-07-29 09:55:00+00:00,7488.0,7488.0,7485.5,7485.5,438
2026-07-29 09:56:00+00:00,7485.25,7485.25,7484.25,7484.25,478
2026-07-29 09:57:00+00:00,7484.0,7485.25,7482.75,7485.25,498
2026-07-29 09:58:00+00:00,7485.0,7486.25,7484.5,7485.75,210
2026-07-29 09:59:00+00:00,7485.25,7486.5,7485.25,7485.75,192
2026-07-29 10:00:00+00:00,7485.75,7486.0,7484.0,7485.0,292
2026-07-29 10:01:00+00:00,7484.75,7486.75,7484.5,7486.75,217
2026-07-29 10:02:00+00:00,7486.5,7487.0,7484.75,7486.0,182
2026-07-29 10:03:00+00:00,7486.5,7487.75,7486.0,7486.0,137
2026-07-29 10:04:00+00:00,7486.0,7486.75,7485.5,7486.25,130
2026-07-29 10:05:00+00:00,7486.25,7488.5,7485.25,7487.25,517
2026-07-29 10:06:00+00:00,7487.25,7487.25,7482.5,7483.25,1039
2026-07-29 10:07:00+00:00,7483.5,7483.5,7481.25,7482.75,567
2026-07-29 10:08:00+00:00,7483.0,7484.25,7483.0,7484.0,125
2026-07-29 10:09:00+00:00,7484.0,7484.75,7483.25,7484.75,107
2026-07-29 10:10:00+00:00,7484.5,7486.25,7483.75,7484.25,173
2026-07-29 10:11:00+00:00,7484.25,7484.75,7483.25,7483.5,159
2026-07-29 10:12:00+00:00,7483.25,7484.25,7482.5,7483.25,195
2026-07-29 10:13:00+00:00,7483.25,7484.75,7482.25,7483.75,277
2026-07-29 10:14:00+00:00,7483.75,7484.25,7483.0,7483.5,222
2026-07-29 10:15:00+00:00,7483.75,7484.5,7483.0,7484.5,149
2026-07-29 10:16:00+00:00,7484.5,7485.25,7484.0,7485.0,169
2026-07-29 10:17:00+00:00,7485.0,7485.25,7484.5,7484.75,223
2026-07-29 10:18:00+00:00,7484.75,7485.75,7484.5,7485.25,186
2026-07-29 10:19:00+00:00,7485.0,7485.0,7482.75,7484.0,252
2026-07-29 10:20:00+00:00,7483.75,7484.5,7483.25,7483.5,310
2026-07-29 10:21:00+00:00,7483.5,7484.0,7483.0,7483.5,105
2026-07-29 10:22:00+00:00,7484.0,7484.0,7483.25,7484.0,134
2026-07-29 10:23:00+00:00,7484.25,7484.25,7483.5,7483.75,68
2026-07-29 10:24:00+00:00,7483.25,7483.5,7482.75,7483.25,163
2026-07-29 10:25:00+00:00,7483.0,7483.0,7481.0,7481.75,163
2026-07-29 10:26:00+00:00,7481.75,7482.5,7481.25,7482.25,164
2026-07-29 10:27:00+00:00,7482.25,7482.75,7481.0,7482.0,203
2026-07-29 10:28:00+00:00,7481.75,7482.5,7481.75,7482.5,90
2026-07-29 10:29:00+00:00,7482.75,7485.0,7482.75,7484.5,212
2026-07-29 10:30:00+00:00,7484.5,7486.25,7482.75,7483.0,280
2026-07-29 10:31:00+00:00,7483.0,7483.5,7482.0,7482.5,154
2026-07-29 10:32:00+00:00,7482.25,7482.5,7481.0,7481.75,146
2026-07-29 10:33:00+00:00,7482.0,7483.0,7481.5,7482.5,154
2026-07-29 10:34:00+00:00,7482.5,7483.0,7481.25,7481.5,109
2026-07-29 10:35:00+00:00,7481.25,7481.25,7480.0,7481.0,282
2026-07-29 10:36:00+00:00,7481.0,7481.25,7480.0,7481.0,264
2026-07-29 10:37:00+00:00,7480.75,7481.0,7479.25,7479.75,329
2026-07-29 10:38:00+00:00,7479.75,7480.25,7477.75,7478.0,402
2026-07-29 10:39:00+00:00,7477.75,7479.5,7477.25,7478.5,389
2026-07-29 10:40:00+00:00,7478.5,7478.75,7477.5,7478.75,297
2026-07-29 10:41:00+00:00,7478.5,7481.75,7478.5,7481.25,313
2026-07-29 10:42:00+00:00,7480.75,7481.25,7480.5,7481.0,121
2026-07-29 10:43:00+00:00,7481.25,7481.25,7479.75,7480.25,148
2026-07-29 10:44:00+00:00,7480.25,7481.25,7479.75,7480.75,130
2026-07-29 10:45:00+00:00,7480.75,7481.0,7479.25,7480.75,225
2026-07-29 10:46:00+00:00,7480.5,7481.0,7478.75,7480.25,171
2026-07-29 10:47:00+00:00,7479.75,7480.25,7479.0,7479.25,138
2026-07-29 10:48:00+00:00,7479.0,7481.0,7479.0,7480.75,186
2026-07-29 10:49:00+00:00,7480.75,7480.75,7479.5,7480.5,176
2026-07-29 10:50:00+00:00,7480.25,7480.75,7479.5,7480.75,123
2026-07-29 10:51:00+00:00,7480.75,7481.75,7478.0,7478.25,250
2026-07-29 10:52:00+00:00,7478.25,7478.5,7477.25,7478.25,191
2026-07-29 10:53:00+00:00,7478.25,7478.25,7476.25,7477.0,298
2026-07-29 10:54:00+00:00,7477.0,7478.0,7476.5,7477.0,133
2026-07-29 10:55:00+00:00,7476.75,7477.25,7476.0,7476.5,283
2026-07-29 10:56:00+00:00,7476.75,7478.25,7476.25,7478.25,123
2026-07-29 10:57:00+00:00,7478.0,7478.75,7477.25,7477.5,199
2026-07-29 10:58:00+00:00,7477.5,7478.0,7476.75,7477.0,140
2026-07-29 10:59:00+00:00,7477.0,7477.75,7476.25,7477.5,210
2026-07-29 11:00:00+00:00,7478.0,7480.5,7477.0,7480.25,737
2026-07-29 11:01:00+00:00,7480.25,7481.25,7479.75,7480.25,268
2026-07-29 11:02:00+00:00,7480.5,7481.25,7479.25,7481.0,123
2026-07-29 11:03:00+00:00,7480.75,7481.5,7480.25,7480.75,191
2026-07-29 11:04:00+00:00,7481.0,7481.0,7479.5,7479.5,105
2026-07-29 11:05:00+00:00,7479.5,7480.5,7479.25,7479.5,147
2026-07-29 11:06:00+00:00,7479.5,7479.75,7476.25,7478.0,303
2026-07-29 11:07:00+00:00,7478.5,7480.75,7478.5,7480.5,190
2026-07-29 11:08:00+00:00,7481.0,7482.75,7480.5,7482.5,192
2026-07-29 11:09:00+00:00,7482.25,7483.5,7482.0,7482.75,190
2026-07-29 11:10:00+00:00,7482.75,7484.0,7482.5,7483.75,153
2026-07-29 11:11:00+00:00,7483.75,7483.75,7482.75,7483.0,116
2026-07-29 11:12:00+00:00,7482.75,7483.25,7481.25,7482.25,267
2026-07-29 11:13:00+00:00,7482.5,7483.25,7482.5,7482.75,75
2026-07-29 11:14:00+00:00,7482.5,7483.0,7480.5,7481.5,73
2026-07-29 11:15:00+00:00,7481.25,7482.5,7481.0,7482.5,152
2026-07-29 11:16:00+00:00,7482.5,7482.5,7481.0,7481.25,102
2026-07-29 11:17:00+00:00,7481.25,7482.75,7480.0,7482.75,224
2026-07-29 11:18:00+00:00,7482.5,7484.75,7482.5,7483.75,221
2026-07-29 11:19:00+00:00,7483.5,7484.25,7482.0,7482.5,272
2026-07-29 11:20:00+00:00,7482.5,7483.25,7482.5,7483.0,216
2026-07-29 11:21:00+00:00,7483.25,7483.75,7483.25,7483.5,109
2026-07-29 11:22:00+00:00,7483.75,7484.5,7482.75,7482.75,131
2026-07-29 11:23:00+00:00,7482.75,7483.25,7482.25,7483.0,168
2026-07-29 11:24:00+00:00,7483.0,7483.25,7481.75,7481.75,138
2026-07-29 11:25:00+00:00,7481.75,7482.75,7481.5,7482.25,197
2026-07-29 11:26:00+00:00,7482.5,7483.25,7482.0,7482.5,207
2026-07-29 11:27:00+00:00,7482.5,7484.25,7482.25,7483.75,206
2026-07-29 11:28:00+00:00,7483.75,7484.25,7482.75,7484.0,149
2026-07-29 11:29:00+00:00,7484.25,7484.5,7481.5,7481.75,263
2026-07-29 11:30:00+00:00,7481.75,7482.75,7480.75,7482.25,209
2026-07-29 11:31:00+00:00,7482.5,7482.75,7481.5,7481.75,124
2026-07-29 11:32:00+00:00,7481.5,7481.5,7478.5,7479.25,449
2026-07-29 11:33:00+00:00,7479.5,7479.5,7478.5,7479.25,198
2026-07-29 11:34:00+00:00,7479.25,7480.0,7479.0,7479.5,188
2026-07-29 11:35:00+00:00,7479.25,7479.5,7478.25,7478.75,215
2026-07-29 11:36:00+00:00,7479.0,7479.25,7478.5,7479.25,100
2026-07-29 11:37:00+00:00,7479.25,7479.25,7478.25,7478.25,235
2026-07-29 11:38:00+00:00,7478.25,7479.0,7477.75,7478.5,291
2026-07-29 11:39:00+00:00,7478.5,7478.5,7476.5,7477.5,243
2026-07-29 11:40:00+00:00,7477.75,7479.0,7477.75,7478.25,192
2026-07-29 11:41:00+00:00,7478.0,7478.5,7477.0,7477.5,208
2026-07-29 11:42:00+00:00,7477.5,7479.5,7477.5,7478.5,222
2026-07-29 11:43:00+00:00,7478.5,7479.0,7478.25,7478.25,87
2026-07-29 11:44:00+00:00,7478.25,7478.5,7477.75,7478.0,134
2026-07-29 11:45:00+00:00,7478.0,7478.25,7477.5,7478.0,117
2026-07-29 11:46:00+00:00,7477.75,7477.75,7476.75,7477.5,104
2026-07-29 11:47:00+00:00,7477.75,7480.5,7477.25,7480.25,791
2026-07-29 11:48:00+00:00,7480.0,7482.75,7479.5,7481.0,563
2026-07-29 11:49:00+00:00,7481.0,7481.25,7480.25,7480.75,267
2026-07-29 11:50:00+00:00,7480.75,7480.75,7480.0,7480.25,196
2026-07-29 11:51:00+00:00,7480.0,7480.5,7478.75,7479.75,356
2026-07-29 11:52:00+00:00,7480.0,7481.5,7478.25,7478.25,378
2026-07-29 11:53:00+00:00,7478.25,7478.5,7477.5,7478.0,232
2026-07-29 11:54:00+00:00,7478.0,7479.0,7477.25,7477.25,128
2026-07-29 11:55:00+00:00,7477.25,7478.5,7476.75,7478.5,216
2026-07-29 11:56:00+00:00,7478.25,7479.5,7478.25,7479.5,280
2026-07-29 11:57:00+00:00,7479.25,7479.25,7478.5,7478.75,179
2026-07-29 11:58:00+00:00,7479.0,7479.25,7478.5,7478.75,149
2026-07-29 11:59:00+00:00,7479.0,7480.75,7479.0,7480.75,283
2026-07-29 12:00:00+00:00,7480.75,7481.0,7478.5,7478.5,325
2026-07-29 12:01:00+00:00,7478.5,7479.5,7478.5,7479.5,186
2026-07-29 12:02:00+00:00,7479.5,7479.5,7477.5,7477.75,183
2026-07-29 12:03:00+00:00,7477.75,7477.75,7477.25,7477.5,156
2026-07-29 12:04:00+00:00,7477.5,7478.75,7477.5,7478.0,190
2026-07-29 12:05:00+00:00,7478.0,7479.5,7477.5,7479.5,257
2026-07-29 12:06:00+00:00,7479.25,7481.5,7477.5,7477.5,479
2026-07-29 12:07:00+00:00,7477.25,7477.25,7475.25,7475.5,442
2026-07-29 12:08:00+00:00,7475.5,7475.75,7473.5,7474.75,454
2026-07-29 12:09:00+00:00,7474.5,7475.0,7474.0,7475.0,343
2026-07-29 12:10:00+00:00,7474.75,7475.5,7474.0,7475.25,331
2026-07-29 12:11:00+00:00,7475.0,7476.25,7475.0,7476.25,306
2026-07-29 12:12:00+00:00,7476.5,7477.0,7474.75,7475.25,329
2026-07-29 12:13:00+00:00,7475.25,7476.0,7475.0,7475.5,127
2026-07-29 12:14:00+00:00,7475.75,7475.75,7470.75,7471.75,1310
2026-07-29 12:15:00+00:00,7472.0,7472.75,7470.0,7471.5,655
2026-07-29 12:16:00+00:00,7471.5,7471.75,7459.5,7460.25,4208
2026-07-29 12:17:00+00:00,7460.25,7462.75,7456.5,7462.5,2658
2026-07-29 12:18:00+00:00,7462.5,7463.0,7458.5,7462.0,1957
2026-07-29 12:19:00+00:00,7462.0,7462.5,7459.75,7460.75,1030
2026-07-29 12:20:00+00:00,7461.0,7462.25,7460.25,7461.75,736
2026-07-29 12:21:00+00:00,7462.25,7463.25,7459.75,7460.0,898
2026-07-29 12:22:00+00:00,7460.0,7460.25,7457.0,7460.0,951
2026-07-29 12:23:00+00:00,7459.5,7462.75,7459.5,7462.5,703
2026-07-29 12:24:00+00:00,7462.5,7463.0,7457.5,7458.25,851
2026-07-29 12:25:00+00:00,7458.25,7462.0,7458.0,7462.0,346
2026-07-29 12:26:00+00:00,7462.0,7462.5,7461.25,7461.5,441
2026-07-29 12:27:00+00:00,7461.75,7464.0,7461.25,7462.0,377
2026-07-29 12:28:00+00:00,7462.0,7463.5,7461.0,7463.0,306
2026-07-29 12:29:00+00:00,7463.25,7463.75,7459.0,7459.0,506
2026-07-29 12:30:00+00:00,7458.75,7459.5,7455.5,7459.0,794
2026-07-29 12:31:00+00:00,7459.25,7460.0,7458.0,7459.0,378
2026-07-29 12:32:00+00:00,7459.0,7460.5,7458.25,7459.25,478
2026-07-29 12:33:00+00:00,7459.5,7459.5,7457.25,7459.0,529
2026-07-29 12:34:00+00:00,7459.25,7462.25,7459.0,7462.25,503
2026-07-29 12:35:00+00:00,7462.25,7463.25,7461.25,7462.25,511
2026-07-29 12:36:00+00:00,7462.0,7462.5,7460.0,7460.0,370
2026-07-29 12:37:00+00:00,7460.25,7462.25,7460.0,7461.25,231
2026-07-29 12:38:00+00:00,7461.25,7462.75,7460.0,7460.5,321
2026-07-29 12:39:00+00:00,7460.5,7462.5,7460.25,7462.5,304
2026-07-29 12:40:00+00:00,7462.5,7462.75,7461.0,7461.25,282
2026-07-29 12:41:00+00:00,7461.5,7464.75,7461.5,7464.5,582
2026-07-29 12:42:00+00:00,7464.25,7465.0,7463.5,7464.25,366
2026-07-29 12:43:00+00:00,7464.25,7465.25,7464.25,7464.5,347
2026-07-29 12:44:00+00:00,7464.5,7466.5,7464.5,7466.25,485
2026-07-29 12:45:00+00:00,7466.25,7466.5,7464.75,7465.0,285
2026-07-29 12:46:00+00:00,7465.0,7466.5,7464.75,7465.75,300
2026-07-29 12:47:00+00:00,7465.75,7465.75,7464.25,7464.75,252
2026-07-29 12:48:00+00:00,7464.5,7466.25,7464.25,7466.25,198
2026-07-29 12:49:00+00:00,7466.0,7467.0,7465.25,7466.25,241
2026-07-29 12:50:00+00:00,7466.25,7466.75,7465.5,7466.5,318
2026-07-29 12:51:00+00:00,7466.5,7466.5,7464.5,7465.25,239
2026-07-29 12:52:00+00:00,7465.0,7465.5,7464.0,7464.5,286
2026-07-29 12:53:00+00:00,7464.5,7465.25,7463.5,7464.0,290
2026-07-29 12:54:00+00:00,7464.25,7465.5,7463.0,7464.5,347
2026-07-29 12:55:00+00:00,7464.5,7464.75,7464.0,7464.5,325
2026-07-29 12:56:00+00:00,7464.75,7466.0,7463.75,7465.75,338
2026-07-29 12:57:00+00:00,7465.75,7465.75,7463.0,7463.25,218
2026-07-29 12:58:00+00:00,7463.25,7463.75,7462.5,7463.0,157
2026-07-29 12:59:00+00:00,7462.75,7463.75,7462.5,7463.5,223
2026-07-29 13:00:00+00:00,7463.5,7464.5,7462.0,7462.75,518
2026-07-29 13:01:00+00:00,7462.5,7463.25,7462.0,7462.0,441
2026-07-29 13:02:00+00:00,7462.25,7463.0,7460.5,7460.5,544
2026-07-29 13:03:00+00:00,7460.25,7460.25,7457.25,7457.5,681
2026-07-29 13:04:00+00:00,7457.5,7457.5,7456.0,7456.75,472
2026-07-29 13:05:00+00:00,7456.75,7457.75,7456.0,7456.75,440
2026-07-29 13:06:00+00:00,7456.75,7458.0,7455.5,7456.5,734
2026-07-29 13:07:00+00:00,7456.5,7458.0,7456.5,7457.75,391
2026-07-29 13:08:00+00:00,7457.75,7458.5,7457.25,7458.0,416
2026-07-29 13:09:00+00:00,7458.0,7458.5,7457.25,7458.0,356
2026-07-29 13:10:00+00:00,7457.75,7459.0,7457.25,7457.75,494
2026-07-29 13:11:00+00:00,7457.5,7457.5,7455.75,7455.75,392
2026-07-29 13:12:00+00:00,7456.0,7456.5,7454.75,7455.25,824
2026-07-29 13:13:00+00:00,7455.25,7455.75,7454.75,7455.0,436
2026-07-29 13:14:00+00:00,7455.25,7455.75,7453.75,7454.5,844
2026-07-29 13:15:00+00:00,7454.5,7456.0,7453.75,7455.75,706
2026-07-29 13:16:00+00:00,7455.75,7456.5,7454.25,7455.0,613
2026-07-29 13:17:00+00:00,7455.0,7455.25,7452.75,7454.0,701
2026-07-29 13:18:00+00:00,7453.75,7453.75,7452.0,7453.25,721
2026-07-29 13:19:00+00:00,7453.25,7454.5,7453.25,7453.75,498
2026-07-29 13:20:00+00:00,7453.75,7454.25,7452.0,7452.75,770
2026-07-29 13:21:00+00:00,7452.75,7457.0,7452.75,7456.5,1047
2026-07-29 13:22:00+00:00,7456.5,7461.25,7456.5,7459.75,2090
2026-07-29 13:23:00+00:00,7459.5,7460.25,7458.5,7459.75,475
2026-07-29 13:24:00+00:00,7460.0,7460.75,7459.5,7460.75,612
2026-07-29 13:25:00+00:00,7460.5,7462.0,7459.25,7461.25,944
2026-07-29 13:26:00+00:00,7461.25,7464.0,7460.75,7464.0,724
2026-07-29 13:27:00+00:00,7464.0,7464.75,7461.0,7461.5,1281
2026-07-29 13:28:00+00:00,7461.75,7463.25,7460.75,7462.0,1398
2026-07-29 13:29:00+00:00,7462.0,7462.25,7456.0,7456.5,2301
2026-07-29 13:30:00+00:00,7456.5,7456.75,7445.5,7451.25,13589
2026-07-29 13:31:00+00:00,7451.0,7453.0,7444.25,7445.25,7621
2026-07-29 13:32:00+00:00,7445.5,7452.0,7445.0,7450.75,6572
2026-07-29 13:33:00+00:00,7450.5,7458.0,7449.0,7457.75,6857
2026-07-29 13:34:00+00:00,7458.0,7461.0,7456.0,7457.25,5869
2026-07-29 13:35:00+00:00,7457.25,7459.5,7456.0,7457.75,5514
2026-07-29 13:36:00+00:00,7457.75,7458.75,7454.5,7457.25,4434
2026-07-29 13:37:00+00:00,7457.25,7458.0,7450.75,7455.0,4493
2026-07-29 13:38:00+00:00,7455.0,7457.75,7448.75,7449.25,5513
2026-07-29 13:39:00+00:00,7449.25,7457.5,7448.5,7455.75,4680
2026-07-29 13:40:00+00:00,7455.75,7457.5,7451.25,7456.75,5991
2026-07-29 13:41:00+00:00,7456.75,7457.5,7453.0,7454.0,3740
2026-07-29 13:42:00+00:00,7454.0,7455.0,7450.75,7452.25,3701
2026-07-29 13:43:00+00:00,7452.0,7454.25,7450.0,7452.0,3687
2026-07-29 13:44:00+00:00,7452.25,7454.25,7451.75,7453.25,4403
2026-07-29 13:45:00+00:00,7453.5,7459.0,7452.75,7456.5,6025
2026-07-29 13:46:00+00:00,7456.5,7458.25,7451.0,7452.25,3637
2026-07-29 13:47:00+00:00,7452.25,7453.0,7446.75,7448.75,4120
2026-07-29 13:48:00+00:00,7449.0,7450.25,7447.0,7448.75,3351
2026-07-29 13:49:00+00:00,7448.75,7450.75,7445.25,7448.5,3832
2026-07-29 13:50:00+00:00,7448.5,7448.75,7439.25,7439.5,5158
2026-07-29 13:51:00+00:00,7439.25,7439.5,7435.0,7435.5,5854
2026-07-29 13:52:00+00:00,7435.25,7435.5,7430.75,7431.75,5779
2026-07-29 13:53:00+00:00,7431.75,7436.5,7430.5,7436.25,5544
2026-07-29 13:54:00+00:00,7436.25,7437.25,7432.25,7434.25,5008
2026-07-29 13:55:00+00:00,7434.0,7434.0,7426.5,7428.75,5611
2026-07-29 13:56:00+00:00,7428.75,7429.25,7425.0,7425.5,4459
2026-07-29 13:57:00+00:00,7425.5,7427.5,7422.0,7426.5,5434
2026-07-29 13:58:00+00:00,7426.75,7431.25,7426.75,7431.0,4676
2026-07-29 13:59:00+00:00,7430.75,7432.5,7426.25,7430.0,5538
2026-07-29 14:00:00+00:00,7430.0,7434.5,7429.5,7432.0,7757
2026-07-29 14:01:00+00:00,7432.0,7433.25,7429.5,7431.25,4947
2026-07-29 14:02:00+00:00,7431.25,7437.0,7430.75,7434.0,5102
2026-07-29 14:03:00+00:00,7434.0,7436.25,7431.25,7431.5,4721
2026-07-29 14:04:00+00:00,7431.25,7434.25,7429.75,7434.0,3874
2026-07-29 14:05:00+00:00,7434.0,7439.75,7434.0,7434.75,4288
2026-07-29 14:06:00+00:00,7434.5,7435.5,7428.75,7429.25,4418
2026-07-29 14:07:00+00:00,7429.5,7429.5,7424.5,7426.75,4310
2026-07-29 14:08:00+00:00,7426.75,7428.0,7423.5,7425.25,3254
2026-07-29 14:09:00+00:00,7425.25,7427.25,7423.25,7424.0,3308
2026-07-29 14:10:00+00:00,7423.75,7424.0,7421.25,7423.75,4202
2026-07-29 14:11:00+00:00,7424.0,7426.5,7423.0,7425.0,4365
2026-07-29 14:12:00+00:00,7424.75,7426.0,7413.0,7413.5,7875
2026-07-29 14:13:00+00:00,7413.25,7413.25,7406.0,7409.5,7769
2026-07-29 14:14:00+00:00,7409.25,7411.5,7407.0,7410.0,6139
2026-07-29 14:15:00+00:00,7410.25,7414.5,7409.5,7412.5,6988
2026-07-29 14:16:00+00:00,7412.75,7415.25,7411.0,7414.75,5583
2026-07-29 14:17:00+00:00,7414.5,7416.0,7410.75,7412.0,5461
2026-07-29 14:18:00+00:00,7412.0,7418.75,7411.75,7416.5,4960
2026-07-29 14:19:00+00:00,7416.75,7417.75,7413.5,7414.75,4268
2026-07-29 14:20:00+00:00,7414.75,7417.5,7412.5,7416.25,3452
2026-07-29 14:21:00+00:00,7416.0,7418.75,7414.25,7418.0,3638
2026-07-29 14:22:00+00:00,7418.0,7420.5,7416.75,7418.25,3402
2026-07-29 14:23:00+00:00,7418.25,7420.0,7414.75,7415.75,3897
2026-07-29 14:24:00+00:00,7415.75,7416.5,7408.75,7410.75,4269
2026-07-29 14:25:00+00:00,7410.75,7411.0,7403.25,7403.75,5144
2026-07-29 14:26:00+00:00,7403.75,7404.0,7398.25,7402.5,7945
2026-07-29 14:27:00+00:00,7402.25,7405.25,7399.75,7404.0,4840
2026-07-29 14:28:00+00:00,7404.0,7407.0,7403.5,7406.25,5589
2026-07-29 14:29:00+00:00,7406.5,7408.0,7404.0,7404.75,4139
2026-07-29 14:30:00+00:00,7404.75,7409.75,7403.75,7408.75,4225
2026-07-29 14:31:00+00:00,7408.75,7410.25,7406.25,7407.75,3719
2026-07-29 14:32:00+00:00,7408.0,7411.5,7407.25,7410.5,4097
2026-07-29 14:33:00+00:00,7410.5,7414.5,7410.0,7410.5,4105
2026-07-29 14:34:00+00:00,7410.75,7410.75,7406.25,7408.75,3221
2026-07-29 14:35:00+00:00,7409.0,7409.75,7405.0,7408.75,3302
2026-07-29 14:36:00+00:00,7408.75,7410.25,7406.75,7409.0,2932
2026-07-29 14:37:00+00:00,7409.25,7409.25,7406.5,7407.5,2299
2026-07-29 14:38:00+00:00,7407.5,7410.0,7404.75,7409.75,2930
2026-07-29 14:39:00+00:00,7409.75,7410.25,7402.5,7403.75,3286
2026-07-29 14:40:00+00:00,7403.75,7404.0,7396.0,7398.5,5470
2026-07-29 14:41:00+00:00,7398.5,7403.25,7397.75,7399.5,3405
2026-07-29 14:42:00+00:00,7399.5,7399.75,7395.25,7395.25,3068
2026-07-29 14:43:00+00:00,7395.25,7399.25,7394.5,7397.0,4974
2026-07-29 14:44:00+00:00,7396.75,7398.25,7393.0,7398.0,3957
2026-07-29 14:45:00+00:00,7397.75,7399.5,7396.0,7398.0,3659
2026-07-29 14:46:00+00:00,7398.0,7401.75,7395.5,7401.0,3663
2026-07-29 14:47:00+00:00,7401.0,7403.75,7398.25,7398.5,3935
2026-07-29 14:48:00+00:00,7398.5,7398.75,7394.5,7396.0,2703
2026-07-29 14:49:00+00:00,7396.25,7400.25,7395.25,7400.25,3592
2026-07-29 14:50:00+00:00,7400.0,7402.5,7398.25,7401.5,3847
2026-07-29 14:51:00+00:00,7401.25,7402.5,7399.0,7401.25,4211
2026-07-29 14:52:00+00:00,7401.5,7409.5,7401.25,7405.5,8163
2026-07-29 14:53:00+00:00,7405.25,7408.5,7404.5,7407.0,5143
2026-07-29 14:54:00+00:00,7407.0,7407.25,7403.0,7406.25,2591
2026-07-29 14:55:00+00:00,7406.25,7407.0,7401.5,7401.5,2286
2026-07-29 14:56:00+00:00,7401.75,7401.75,7399.5,7400.75,2995
2026-07-29 14:57:00+00:00,7400.75,7402.75,7398.5,7399.5,2714
2026-07-29 14:58:00+00:00,7399.5,7403.75,7399.0,7402.5,2355
2026-07-29 14:59:00+00:00,7402.5,7405.5,7402.5,7403.75,2630
2026-07-29 15:00:00+00:00,7403.75,7407.5,7400.0,7402.25,3980
2026-07-29 15:01:00+00:00,7402.0,7407.25,7401.0,7407.25,3498
2026-07-29 15:02:00+00:00,7407.0,7410.25,7406.75,7408.75,3907
2026-07-29 15:03:00+00:00,7408.75,7411.25,7407.5,7408.75,2850
2026-07-29 15:04:00+00:00,7408.75,7409.5,7406.5,7409.0,3285
2026-07-29 15:05:00+00:00,7409.0,7409.5,7402.25,7405.5,3249
2026-07-29 15:06:00+00:00,7405.25,7407.75,7405.0,7405.25,2888
2026-07-29 15:07:00+00:00,7405.25,7409.75,7404.75,7409.25,2233
2026-07-29 15:08:00+00:00,7409.5,7412.0,7407.75,7408.0,3079
2026-07-29 15:09:00+00:00,7408.0,7412.0,7407.75,7411.75,2903
2026-07-29 15:10:00+00:00,7411.75,7412.5,7408.0,7408.0,2929
2026-07-29 15:11:00+00:00,7408.0,7408.0,7401.0,7403.75,3306
2026-07-29 15:12:00+00:00,7403.75,7406.5,7403.25,7405.0,2791
2026-07-29 15:13:00+00:00,7404.75,7406.5,7403.0,7403.5,2365
2026-07-29 15:14:00+00:00,7403.75,7405.5,7400.75,7402.25,2318
2026-07-29 15:15:00+00:00,7402.25,7406.0,7401.0,7406.0,2326
2026-07-29 15:16:00+00:00,7406.0,7410.5,7404.75,7409.75,3263
2026-07-29 15:17:00+00:00,7410.0,7410.25,7405.25,7407.75,2427
2026-07-29 15:18:00+00:00,7407.75,7410.75,7407.5,7408.25,2172
2026-07-29 15:19:00+00:00,7408.25,7408.75,7401.0,7401.25,2258
2026-07-29 15:20:00+00:00,7401.5,7403.0,7399.25,7402.5,2411
2026-07-29 15:21:00+00:00,7402.5,7403.25,7400.5,7403.0,1866
2026-07-29 15:22:00+00:00,7403.25,7403.25,7400.0,7402.5,2409
2026-07-29 15:23:00+00:00,7402.75,7405.5,7402.0,7405.25,2402
2026-07-29 15:24:00+00:00,7405.25,7406.25,7403.0,7406.0,1888
2026-07-29 15:25:00+00:00,7405.75,7406.75,7401.75,7405.25,2177
2026-07-29 15:26:00+00:00,7405.25,7407.75,7399.75,7402.0,2276
2026-07-29 15:27:00+00:00,7402.25,7403.75,7400.25,7400.5,1473
2026-07-29 15:28:00+00:00,7400.75,7403.0,7400.25,7401.5,2003
2026-07-29 15:29:00+00:00,7401.75,7402.5,7399.0,7400.0,2315
2026-07-29 15:30:00+00:00,7400.25,7402.0,7398.5,7401.25,2918
2026-07-29 15:31:00+00:00,7401.25,7402.5,7399.5,7402.5,1716
2026-07-29 15:32:00+00:00,7402.75,7404.5,7401.75,7402.75,2933
2026-07-29 15:33:00+00:00,7402.75,7405.75,7401.0,7404.0,2317
2026-07-29 15:34:00+00:00,7404.0,7405.5,7399.5,7401.5,2641
2026-07-29 15:35:00+00:00,7401.5,7404.5,7400.0,7404.0,2432
2026-07-29 15:36:00+00:00,7404.25,7404.75,7401.5,7403.75,2192
2026-07-29 15:37:00+00:00,7404.0,7405.5,7401.5,7402.5,2018
2026-07-29 15:38:00+00:00,7402.75,7404.5,7399.25,7399.75,2082
2026-07-29 15:39:00+00:00,7399.75,7400.0,7395.5,7395.75,2822
2026-07-29 15:40:00+00:00,7395.75,7398.0,7395.0,7396.5,2500
2026-07-29 15:41:00+00:00,7396.75,7400.0,7396.5,7398.75,1904
2026-07-29 15:42:00+00:00,7398.75,7400.25,7395.5,7395.5,1707
2026-07-29 15:43:00+00:00,7395.5,7396.0,7393.0,7393.0,1934
2026-07-29 15:44:00+00:00,7393.0,7396.5,7393.0,7395.75,2139
2026-07-29 15:45:00+00:00,7395.5,7397.25,7393.5,7395.0,2963
2026-07-29 15:46:00+00:00,7395.25,7398.25,7395.0,7397.0,2108
2026-07-29 15:47:00+00:00,7396.75,7399.5,7396.25,7398.75,2634
2026-07-29 15:48:00+00:00,7398.75,7400.5,7397.5,7398.0,2033
2026-07-29 15:49:00+00:00,7398.0,7400.75,7397.25,7400.0,2159
2026-07-29 15:50:00+00:00,7400.0,7401.5,7397.0,7399.25,1954
2026-07-29 15:51:00+00:00,7399.0,7400.0,7397.5,7398.5,1839
2026-07-29 15:52:00+00:00,7398.25,7399.5,7396.25,7399.25,2389
2026-07-29 15:53:00+00:00,7399.25,7399.5,7395.25,7396.5,1590
2026-07-29 15:54:00+00:00,7396.25,7396.5,7390.25,7390.25,3750
2026-07-29 15:55:00+00:00,7390.5,7390.75,7386.75,7387.75,4257
2026-07-29 15:56:00+00:00,7388.0,7389.5,7385.75,7389.25,2911
2026-07-29 15:57:00+00:00,7389.5,7390.5,7388.25,7389.5,2413
2026-07-29 15:58:00+00:00,7389.5,7391.25,7388.5,7390.75,2017
2026-07-29 15:59:00+00:00,7391.0,7394.5,7390.0,7393.0,2839
2026-07-29 16:00:00+00:00,7393.25,7396.0,7389.25,7389.25,3819
2026-07-29 16:01:00+00:00,7389.5,7391.0,7386.75,7387.25,2397
2026-07-29 16:02:00+00:00,7387.25,7388.75,7386.25,7387.25,1845
2026-07-29 16:03:00+00:00,7387.5,7388.25,7386.5,7386.75,1284
2026-07-29 16:04:00+00:00,7386.75,7387.0,7382.25,7383.75,3879
2026-07-29 16:05:00+00:00,7383.75,7384.0,7377.5,7380.0,5792
2026-07-29 16:06:00+00:00,7380.0,7382.5,7378.75,7380.75,3005
2026-07-29 16:07:00+00:00,7380.75,7382.5,7379.75,7382.0,2060
2026-07-29 16:08:00+00:00,7382.25,7383.75,7380.75,7383.0,2692
2026-07-29 16:09:00+00:00,7382.75,7383.25,7380.5,7382.5,1770
2026-07-29 16:10:00+00:00,7382.5,7383.0,7381.0,7382.0,1949
2026-07-29 16:11:00+00:00,7382.0,7382.75,7379.75,7380.5,1806
2026-07-29 16:12:00+00:00,7380.5,7382.75,7380.5,7380.5,1661
2026-07-29 16:13:00+00:00,7380.75,7382.25,7380.0,7380.5,1680
2026-07-29 16:14:00+00:00,7380.5,7381.5,7375.5,7375.5,2365
2026-07-29 16:15:00+00:00,7375.5,7377.0,7371.75,7376.25,4920
2026-07-29 16:16:00+00:00,7376.0,7376.5,7374.0,7376.0,2220
2026-07-29 16:17:00+00:00,7376.0,7378.25,7374.75,7377.5,2281
2026-07-29 16:18:00+00:00,7377.25,7378.5,7375.75,7378.25,2318
2026-07-29 16:19:00+00:00,7378.0,7379.0,7377.0,7377.75,1320
2026-07-29 16:20:00+00:00,7377.75,7380.5,7376.25,7380.5,1941
2026-07-29 16:21:00+00:00,7380.5,7382.5,7380.25,7380.75,2257
2026-07-29 16:22:00+00:00,7380.75,7385.5,7380.75,7385.0,2193
2026-07-29 16:23:00+00:00,7385.25,7391.5,7384.5,7388.0,6428
2026-07-29 16:24:00+00:00,7388.0,7389.5,7386.75,7388.75,2652
2026-07-29 16:25:00+00:00,7389.0,7391.75,7388.75,7389.5,1817
2026-07-29 16:26:00+00:00,7389.5,7392.25,7388.25,7392.0,2170
2026-07-29 16:27:00+00:00,7392.0,7392.5,7390.25,7391.0,1828
2026-07-29 16:28:00+00:00,7391.0,7393.5,7389.25,7393.25,1831
2026-07-29 16:29:00+00:00,7393.0,7394.75,7392.5,7394.0,1783
2026-07-29 16:30:00+00:00,7393.75,7398.75,7393.25,7397.0,3433
2026-07-29 16:31:00+00:00,7397.0,7397.75,7393.75,7395.25,2231
2026-07-29 16:32:00+00:00,7395.5,7395.75,7390.75,7391.75,1928
2026-07-29 16:33:00+00:00,7392.0,7394.0,7391.25,7392.75,1826
2026-07-29 16:34:00+00:00,7393.0,7395.0,7389.5,7389.5,2346
2026-07-29 16:35:00+00:00,7389.5,7390.25,7386.25,7388.0,2141
2026-07-29 16:36:00+00:00,7388.25,7389.25,7385.25,7386.0,1612
2026-07-29 16:37:00+00:00,7386.25,7389.75,7386.0,7389.25,2043
2026-07-29 16:38:00+00:00,7389.0,7390.75,7388.0,7388.75,1458
2026-07-29 16:39:00+00:00,7388.75,7392.25,7388.5,7391.5,2635
2026-07-29 16:40:00+00:00,7391.25,7392.25,7388.25,7392.0,1563
2026-07-29 16:41:00+00:00,7392.25,7392.75,7388.5,7389.0,1308
2026-07-29 16:42:00+00:00,7389.0,7389.25,7384.5,7386.25,1777
2026-07-29 16:43:00+00:00,7386.25,7387.5,7385.0,7385.0,1820
2026-07-29 16:44:00+00:00,7385.0,7388.0,7384.0,7387.75,1922
2026-07-29 16:45:00+00:00,7387.75,7389.0,7385.75,7387.25,2047
2026-07-29 16:46:00+00:00,7387.0,7388.0,7385.5,7387.0,1975
2026-07-29 16:47:00+00:00,7387.0,7391.75,7387.0,7391.5,2213
2026-07-29 16:48:00+00:00,7391.5,7392.75,7390.25,7391.0,2129
2026-07-29 16:49:00+00:00,7390.75,7395.0,7390.75,7394.75,2266
2026-07-29 16:50:00+00:00,7394.75,7396.5,7393.25,7395.75,2036
2026-07-29 16:51:00+00:00,7395.5,7397.25,7394.5,7395.25,2338
2026-07-29 16:52:00+00:00,7395.25,7399.25,7392.5,7399.0,3394
2026-07-29 16:53:00+00:00,7399.0,7401.0,7398.25,7399.25,3186
2026-07-29 16:54:00+00:00,7399.25,7399.75,7396.75,7398.5,2208
2026-07-29 16:55:00+00:00,7398.25,7400.75,7397.0,7398.5,2655
2026-07-29 16:56:00+00:00,7398.5,7400.5,7396.75,7400.25,1921
2026-07-29 16:57:00+00:00,7400.5,7402.25,7399.5,7400.5,2264
2026-07-29 16:58:00+00:00,7400.75,7401.5,7398.75,7400.75,2216
2026-07-29 16:59:00+00:00,7400.75,7404.5,7400.75,7404.5,3177
2026-07-29 17:00:00+00:00,7404.25,7405.75,7402.75,7404.25,3431
2026-07-29 17:01:00+00:00,7404.25,7407.0,7404.0,7405.75,2830
2026-07-29 17:02:00+00:00,7405.75,7407.0,7404.25,7406.0,2079
2026-07-29 17:03:00+00:00,7406.25,7411.75,7405.75,7411.25,2981
2026-07-29 17:04:00+00:00,7411.0,7415.5,7410.0,7414.5,4115
2026-07-29 17:05:00+00:00,7414.25,7415.0,7410.5,7411.75,2905
2026-07-29 17:06:00+00:00,7411.75,7414.25,7410.75,7413.75,2556
2026-07-29 17:07:00+00:00,7414.0,7414.0,7409.75,7410.0,2543
2026-07-29 17:08:00+00:00,7410.0,7412.25,7408.75,7410.75,3149
2026-07-29 17:09:00+00:00,7410.75,7412.0,7409.0,7409.5,2332
2026-07-29 17:10:00+00:00,7409.5,7415.25,7409.0,7414.25,2720
2026-07-29 17:11:00+00:00,7414.5,7415.75,7413.75,7415.25,1920
2026-07-29 17:12:00+00:00,7415.25,7417.5,7413.0,7417.25,2201
2026-07-29 17:13:00+00:00,7417.25,7420.75,7417.25,7418.75,3522
2026-07-29 17:14:00+00:00,7418.75,7422.0,7417.5,7421.5,2426
2026-07-29 17:15:00+00:00,7421.75,7422.5,7419.0,7419.75,2568
2026-07-29 17:16:00+00:00,7419.75,7421.0,7418.5,7419.75,2487
2026-07-29 17:17:00+00:00,7419.75,7423.25,7419.0,7422.0,2292
2026-07-29 17:18:00+00:00,7422.25,7424.5,7420.75,7422.25,2533
2026-07-29 17:19:00+00:00,7422.25,7423.5,7421.5,7423.0,1479
2026-07-29 17:20:00+00:00,7423.25,7426.0,7422.75,7424.0,2654
2026-07-29 17:21:00+00:00,7424.25,7428.25,7423.5,7428.0,2165
2026-07-29 17:22:00+00:00,7428.0,7428.25,7424.25,7424.5,1657
2026-07-29 17:23:00+00:00,7424.5,7426.0,7422.75,7424.75,3277
2026-07-29 17:24:00+00:00,7424.75,7425.0,7418.75,7419.0,2984
2026-07-29 17:25:00+00:00,7419.25,7420.0,7417.0,7418.0,3052
2026-07-29 17:26:00+00:00,7418.25,7420.5,7417.5,7419.75,2664
2026-07-29 17:27:00+00:00,7420.0,7420.5,7417.75,7418.25,1610
2026-07-29 17:28:00+00:00,7418.25,7420.25,7417.5,7418.75,2038
2026-07-29 17:29:00+00:00,7419.0,7419.25,7412.5,7413.0,2866
2026-07-29 17:30:00+00:00,7413.0,7413.25,7409.25,7409.25,3519
2026-07-29 17:31:00+00:00,7409.25,7413.5,7408.5,7413.25,2960
2026-07-29 17:32:00+00:00,7413.25,7416.5,7412.5,7416.25,2985
2026-07-29 17:33:00+00:00,7416.25,7418.75,7416.0,7418.75,2468
2026-07-29 17:34:00+00:00,7418.75,7419.5,7413.25,7414.0,2201
2026-07-29 17:35:00+00:00,7414.0,7415.25,7410.5,7411.0,1650
2026-07-29 17:36:00+00:00,7411.0,7412.25,7409.75,7409.75,1694
2026-07-29 17:37:00+00:00,7409.75,7412.75,7409.0,7410.25,2021
2026-07-29 17:38:00+00:00,7410.5,7412.75,7410.25,7410.75,1358
2026-07-29 17:39:00+00:00,7411.0,7413.25,7410.75,7412.0,1886
2026-07-29 17:40:00+00:00,7412.25,7413.0,7410.75,7411.5,2387
2026-07-29 17:41:00+00:00,7411.75,7413.5,7411.25,7412.5,1894
2026-07-29 17:42:00+00:00,7412.75,7414.25,7410.5,7410.75,2714
2026-07-29 17:43:00+00:00,7410.75,7414.5,7409.25,7414.0,1381
2026-07-29 17:44:00+00:00,7414.0,7414.75,7412.75,7413.25,1214
2026-07-29 17:45:00+00:00,7413.5,7414.5,7410.5,7410.75,1732
2026-07-29 17:46:00+00:00,7410.75,7413.0,7409.25,7412.25,1577
2026-07-29 17:47:00+00:00,7412.25,7413.25,7411.5,7413.0,1125
2026-07-29 17:48:00+00:00,7413.0,7415.0,7412.0,7415.0,1683
2026-07-29 17:49:00+00:00,7414.75,7416.25,7414.0,7415.75,1827
2026-07-29 17:50:00+00:00,7415.75,7417.5,7415.25,7417.0,1774
2026-07-29 17:51:00+00:00,7417.0,7418.25,7416.5,7418.0,1870
2026-07-29 17:52:00+00:00,7417.75,7420.0,7416.5,7417.25,1826
2026-07-29 17:53:00+00:00,7417.25,7418.5,7416.25,7418.25,1710
2026-07-29 17:54:00+00:00,7418.25,7418.25,7416.25,7417.75,874
2026-07-29 17:55:00+00:00,7417.5,7418.0,7413.5,7414.75,2253
2026-07-29 17:56:00+00:00,7414.75,7414.75,7412.75,7413.5,1461
2026-07-29 17:57:00+00:00,7413.25,7414.0,7412.25,7414.0,1371
2026-07-29 17:58:00+00:00,7413.75,7415.25,7411.0,7414.5,1600
2026-07-29 17:59:00+00:00,7414.5,7420.0,7414.25,7419.5,1665
2026-07-29 18:00:00+00:00,7419.75,7445.5,7418.5,7444.25,13538
2026-07-29 18:01:00+00:00,7444.25,7451.0,7438.25,7448.0,10463
2026-07-29 18:02:00+00:00,7447.75,7451.5,7442.0,7443.5,7726
2026-07-29 18:03:00+00:00,7443.25,7446.25,7438.25,7441.25,5215
2026-07-29 18:04:00+00:00,7441.25,7441.75,7434.0,7437.25,4115
2026-07-29 18:05:00+00:00,7437.0,7442.5,7435.25,7440.0,4850
2026-07-29 18:06:00+00:00,7439.75,7446.5,7439.5,7443.0,3677
2026-07-29 18:07:00+00:00,7443.0,7444.0,7438.0,7438.5,3796
2026-07-29 18:08:00+00:00,7438.5,7440.25,7435.25,7437.25,4198
2026-07-29 18:09:00+00:00,7437.0,7437.75,7432.0,7436.25,5336
2026-07-29 18:10:00+00:00,7436.5,7439.25,7431.75,7433.5,4670
2026-07-29 18:11:00+00:00,7433.75,7439.5,7432.0,7437.5,3355
2026-07-29 18:12:00+00:00,7437.5,7439.25,7433.0,7434.0,2716
2026-07-29 18:13:00+00:00,7434.0,7435.75,7429.5,7432.25,2902
2026-07-29 18:14:00+00:00,7432.25,7433.0,7425.0,7429.5,3157
2026-07-29 18:15:00+00:00,7429.75,7436.5,7429.5,7434.75,2828
2026-07-29 18:16:00+00:00,7434.75,7438.25,7431.75,7432.75,2590
2026-07-29 18:17:00+00:00,7432.75,7433.5,7426.75,7430.75,2679
2026-07-29 18:18:00+00:00,7430.5,7431.5,7427.0,7428.0,1892
2026-07-29 18:19:00+00:00,7428.0,7428.75,7423.5,7425.5,2850
2026-07-29 18:20:00+00:00,7425.5,7426.5,7420.5,7423.5,3053
2026-07-29 18:21:00+00:00,7423.25,7425.5,7420.25,7422.25,2460
2026-07-29 18:22:00+00:00,7422.25,7422.75,7419.0,7422.25,3348
2026-07-29 18:23:00+00:00,7422.5,7425.75,7418.25,7418.75,2491
2026-07-29 18:24:00+00:00,7418.75,7424.75,7418.75,7421.75,2419
2026-07-29 18:25:00+00:00,7422.0,7424.25,7419.25,7422.25,2572
2026-07-29 18:26:00+00:00,7422.5,7425.75,7420.75,7423.25,2628
2026-07-29 18:27:00+00:00,7423.25,7423.75,7420.0,7422.25,1878
2026-07-29 18:28:00+00:00,7422.5,7425.75,7422.25,7424.75,2303
2026-07-29 18:29:00+00:00,7425.0,7428.75,7423.5,7428.5,2102
2026-07-29 18:30:00+00:00,7428.5,7433.75,7428.5,7433.5,2998
2026-07-29 18:31:00+00:00,7433.5,7436.0,7423.75,7424.75,6772
2026-07-29 18:32:00+00:00,7424.75,7425.25,7414.75,7422.75,7531
2026-07-29 18:33:00+00:00,7422.75,7428.25,7417.25,7425.25,5708
2026-07-29 18:34:00+00:00,7425.25,7426.5,7420.0,7424.0,2097
2026-07-29 18:35:00+00:00,7424.0,7425.5,7418.0,7421.5,2898
2026-07-29 18:36:00+00:00,7421.75,7429.75,7418.75,7429.5,2925
2026-07-29 18:37:00+00:00,7429.25,7434.75,7427.5,7433.75,3330
2026-07-29 18:38:00+00:00,7433.75,7444.75,7433.75,7440.75,4877
2026-07-29 18:39:00+00:00,7441.0,7448.0,7437.25,7444.25,3880
2026-07-29 18:40:00+00:00,7444.0,7453.25,7443.25,7450.75,5384
2026-07-29 18:41:00+00:00,7451.0,7458.0,7450.75,7453.75,5460
2026-07-29 18:42:00+00:00,7453.75,7455.75,7447.25,7454.25,5025
2026-07-29 18:43:00+00:00,7454.0,7459.75,7452.0,7459.5,4702
2026-07-29 18:44:00+00:00,7459.5,7466.0,7457.5,7463.25,6469
2026-07-29 18:45:00+00:00,7463.25,7467.5,7460.5,7464.5,5551
2026-07-29 18:46:00+00:00,7464.5,7469.25,7463.0,7467.0,4508
2026-07-29 18:47:00+00:00,7466.75,7476.5,7465.25,7471.75,6074
2026-07-29 18:48:00+00:00,7472.0,7473.25,7466.25,7468.0,6186
2026-07-29 18:49:00+00:00,7468.25,7477.0,7467.5,7475.0,3792
2026-07-29 18:50:00+00:00,7475.0,7476.5,7471.0,7475.0,4245
2026-07-29 18:51:00+00:00,7475.0,7475.25,7468.25,7474.75,4164
2026-07-29 18:52:00+00:00,7474.75,7477.0,7472.5,7475.0,3284
2026-07-29 18:53:00+00:00,7475.0,7480.75,7475.0,7478.75,4890
2026-07-29 18:54:00+00:00,7478.75,7482.75,7477.75,7481.75,3638
2026-07-29 18:55:00+00:00,7482.0,7482.5,7478.25,7479.75,4695
2026-07-29 18:56:00+00:00,7479.75,7480.5,7474.5,7474.75,5001
2026-07-29 18:57:00+00:00,7474.75,7475.75,7470.75,7475.5,4619
2026-07-29 18:58:00+00:00,7475.5,7478.25,7474.75,7475.25,2260
2026-07-29 18:59:00+00:00,7475.5,7476.25,7471.5,7475.25,3486
2026-07-29 19:00:00+00:00,7475.25,7477.0,7469.75,7471.25,5362
2026-07-29 19:01:00+00:00,7471.5,7480.5,7469.0,7480.5,4009
2026-07-29 19:02:00+00:00,7480.5,7482.0,7474.25,7475.0,3270
2026-07-29 19:03:00+00:00,7475.0,7475.25,7465.25,7467.25,5318
2026-07-29 19:04:00+00:00,7467.25,7467.75,7456.25,7461.0,5952
2026-07-29 19:05:00+00:00,7461.0,7461.25,7452.5,7454.0,5213
2026-07-29 19:06:00+00:00,7454.0,7455.25,7451.0,7452.75,5416
2026-07-29 19:07:00+00:00,7452.75,7453.25,7446.0,7446.5,4881
2026-07-29 19:08:00+00:00,7446.75,7450.0,7441.5,7443.5,4807
2026-07-29 19:09:00+00:00,7443.75,7445.0,7438.75,7439.0,4152
2026-07-29 19:10:00+00:00,7439.0,7440.5,7434.25,7438.25,6118
2026-07-29 19:11:00+00:00,7438.0,7447.0,7438.0,7445.5,6022
2026-07-29 19:12:00+00:00,7445.25,7447.25,7438.0,7444.0,5670
2026-07-29 19:13:00+00:00,7443.75,7447.5,7442.0,7443.25,4235
2026-07-29 19:14:00+00:00,7443.5,7446.0,7441.5,7443.25,3251
2026-07-29 19:15:00+00:00,7443.5,7451.25,7440.5,7451.0,4737
2026-07-29 19:16:00+00:00,7450.75,7452.25,7441.75,7443.5,3996
2026-07-29 19:17:00+00:00,7443.5,7444.75,7435.0,7435.0,3554
2026-07-29 19:18:00+00:00,7435.25,7435.25,7428.25,7431.5,5695
2026-07-29 19:19:00+00:00,7431.75,7432.5,7428.0,7430.0,4974
2026-07-29 19:20:00+00:00,7430.0,7431.0,7421.25,7421.5,5766
2026-07-29 19:21:00+00:00,7421.5,7422.0,7413.25,7417.25,10944
2026-07-29 19:22:00+00:00,7417.25,7418.25,7408.0,7414.5,8151
2026-07-29 19:23:00+00:00,7414.25,7415.75,7408.75,7411.0,6460
2026-07-29 19:24:00+00:00,7411.25,7415.25,7407.5,7407.5,6660
2026-07-29 19:25:00+00:00,7407.5,7411.0,7402.75,7403.0,7221
2026-07-29 19:26:00+00:00,7403.0,7403.75,7396.5,7401.75,7607
2026-07-29 19:27:00+00:00,7402.0,7406.25,7398.5,7402.75,7154
2026-07-29 19:28:00+00:00,7402.5,7405.75,7399.75,7404.5,6110
2026-07-29 19:29:00+00:00,7404.5,7406.75,7401.75,7405.5,4770
2026-07-29 19:30:00+00:00,7405.5,7409.75,7402.75,7408.0,7251
2026-07-29 19:31:00+00:00,7408.0,7411.0,7402.75,7406.75,5371
2026-07-29 19:32:00+00:00,7406.75,7408.25,7397.25,7399.5,5968
2026-07-29 19:33:00+00:00,7399.75,7400.25,7382.75,7384.5,7965
2026-07-29 19:34:00+00:00,7384.5,7389.75,7380.5,7389.5,7327
2026-07-29 19:35:00+00:00,7389.5,7390.75,7382.75,7385.0,7170
2026-07-29 19:36:00+00:00,7385.0,7393.0,7382.25,7393.0,6971
2026-07-29 19:37:00+00:00,7392.75,7394.25,7382.25,7383.25,5680
2026-07-29 19:38:00+00:00,7383.25,7383.75,7373.0,7373.25,7009
2026-07-29 19:39:00+00:00,7373.25,7373.5,7368.75,7369.5,8913
2026-07-29 19:40:00+00:00,7369.5,7372.5,7364.25,7372.25,9896
2026-07-29 19:41:00+00:00,7372.5,7376.0,7367.5,7371.25,8678
2026-07-29 19:42:00+00:00,7371.25,7373.75,7368.5,7369.75,7335
2026-07-29 19:43:00+00:00,7369.75,7372.5,7362.25,7371.0,8523
2026-07-29 19:44:00+00:00,7371.0,7371.5,7362.25,7366.5,7085
2026-07-29 19:45:00+00:00,7366.5,7368.75,7361.75,7362.25,7121
2026-07-29 19:46:00+00:00,7362.25,7368.25,7361.25,7362.0,5551
2026-07-29 19:47:00+00:00,7362.25,7364.75,7358.0,7362.75,6796
2026-07-29 19:48:00+00:00,7362.75,7371.0,7362.0,7368.5,6595
2026-07-29 19:49:00+00:00,7368.25,7375.25,7365.75,7373.0,6293
2026-07-29 19:50:00+00:00,7373.0,7373.0,7360.25,7365.5,10206
2026-07-29 19:51:00+00:00,7365.75,7366.0,7361.0,7364.0,6333
2026-07-29 19:52:00+00:00,7364.0,7364.25,7356.0,7361.5,7475
2026-07-29 19:53:00+00:00,7361.5,7364.5,7360.25,7361.25,5726
2026-07-29 19:54:00+00:00,7361.25,7367.0,7360.75,7363.5,6786
2026-07-29 19:55:00+00:00,7363.5,7363.5,7352.5,7356.0,11224
2026-07-29 19:56:00+00:00,7356.0,7358.75,7351.75,7353.5,6697
2026-07-29 19:57:00+00:00,7353.75,7355.75,7351.25,7352.25,7771
2026-07-29 19:58:00+00:00,7352.25,7353.5,7350.0,7351.0,10966
2026-07-29 19:59:00+00:00,7351.25,7357.0,7345.75,7350.25,63046
2026-07-29 20:00:00+00:00,7350.25,7354.0,7340.75,7350.25,12910
2026-07-29 20:01:00+00:00,7350.5,7358.0,7338.5,7340.0,8373
2026-07-29 20:02:00+00:00,7340.25,7346.5,7337.5,7346.0,4334
2026-07-29 20:03:00+00:00,7346.25,7350.0,7340.25,7342.5,4122
2026-07-29 20:04:00+00:00,7342.5,7344.75,7332.0,7339.25,5330
2026-07-29 20:05:00+00:00,7339.5,7346.5,7335.25,7340.25,5512
2026-07-29 20:06:00+00:00,7340.0,7347.75,7337.75,7343.25,3276
2026-07-29 20:07:00+00:00,7343.25,7345.25,7339.5,7340.25,2557
2026-07-29 20:08:00+00:00,7340.25,7340.75,7334.25,7337.25,3109
2026-07-29 20:09:00+00:00,7337.5,7340.0,7329.25,7330.5,3551
2026-07-29 20:10:00+00:00,7330.25,7332.25,7327.25,7329.5,3099
2026-07-29 20:11:00+00:00,7329.75,7334.5,7326.25,7332.75,4403
2026-07-29 20:12:00+00:00,7332.75,7338.0,7329.25,7337.75,2743
2026-07-29 20:13:00+00:00,7337.5,7344.75,7335.0,7336.5,7663
2026-07-29 20:14:00+00:00,7336.5,7339.75,7333.75,7336.5,2544
2026-07-29 20:15:00+00:00,7337.0,7340.25,7332.5,7340.25,1549
2026-07-29 20:16:00+00:00,7340.0,7343.25,7338.75,7340.0,1643
2026-07-29 20:17:00+00:00,7340.25,7341.5,7335.75,7335.75,1579
2026-07-29 20:18:00+00:00,7335.75,7336.0,7331.25,7332.75,1321
2026-07-29 20:19:00+00:00,7333.0,7334.75,7331.25,7334.25,1073
2026-07-29 20:20:00+00:00,7333.75,7338.25,7333.5,7335.0,968
2026-07-29 20:21:00+00:00,7335.25,7337.5,7333.5,7337.0,575
2026-07-29 20:22:00+00:00,7337.25,7338.5,7333.5,7334.0,855
2026-07-29 20:23:00+00:00,7334.0,7337.0,7333.5,7334.25,945
2026-07-29 20:24:00+00:00,7334.0,7334.75,7331.0,7332.0,1690
2026-07-29 20:25:00+00:00,7332.25,7335.25,7332.0,7334.25,580
2026-07-29 20:26:00+00:00,7334.0,7334.0,7327.0,7327.25,978
2026-07-29 20:27:00+00:00,7327.25,7327.5,7324.0,7324.5,1427
2026-07-29 20:28:00+00:00,7324.75,7329.75,7324.0,7329.5,1133
2026-07-29 20:29:00+00:00,7329.25,7332.75,7329.25,7331.0,819
2026-07-29 20:30:00+00:00,7330.75,7331.5,7324.5,7327.0,1012
2026-07-29 20:31:00+00:00,7327.0,7333.0,7326.25,7330.5,906
2026-07-29 20:32:00+00:00,7330.5,7335.75,7330.25,7335.25,1001
2026-07-29 20:33:00+00:00,7335.25,7338.5,7335.0,7337.25,1032
2026-07-29 20:34:00+00:00,7337.25,7339.75,7336.25,7338.25,1251
2026-07-29 20:35:00+00:00,7338.25,7342.5,7338.0,7339.0,979
2026-07-29 20:36:00+00:00,7339.5,7340.5,7336.75,7339.0,794
2026-07-29 20:37:00+00:00,7339.25,7341.0,7338.0,7340.75,653
2026-07-29 20:38:00+00:00,7341.0,7344.25,7340.25,7343.75,763
2026-07-29 20:39:00+00:00,7343.75,7346.5,7343.25,7345.75,1144
2026-07-29 20:40:00+00:00,7345.75,7346.25,7344.25,7344.5,556
2026-07-29 20:41:00+00:00,7344.5,7344.5,7340.5,7342.75,966
2026-07-29 20:42:00+00:00,7343.0,7343.25,7338.0,7339.75,809
2026-07-29 20:43:00+00:00,7339.5,7341.75,7338.25,7341.75,745
2026-07-29 20:44:00+00:00,7341.75,7341.75,7339.25,7341.0,509
2026-07-29 20:45:00+00:00,7340.75,7343.25,7340.75,7342.75,484
2026-07-29 20:46:00+00:00,7342.75,7343.0,7340.75,7340.75,280
2026-07-29 20:47:00+00:00,7341.0,7341.25,7338.5,7340.75,559
2026-07-29 20:48:00+00:00,7340.75,7342.25,7338.0,7338.25,533
2026-07-29 20:49:00+00:00,7338.0,7338.25,7336.0,7336.0,458
2026-07-29 20:50:00+00:00,7336.0,7337.25,7334.5,7337.0,591
2026-07-29 20:51:00+00:00,7337.0,7340.5,7336.25,7338.5,528
2026-07-29 20:52:00+00:00,7338.5,7340.0,7337.25,7340.0,358
2026-07-29 20:53:00+00:00,7340.25,7341.25,7338.5,7339.75,629
2026-07-29 20:54:00+00:00,7339.75,7342.5,7339.5,7342.5,694
2026-07-29 20:55:00+00:00,7343.0,7343.5,7340.75,7341.0,593
2026-07-29 20:56:00+00:00,7341.0,7342.5,7338.75,7341.5,694
2026-07-29 20:57:00+00:00,7341.5,7342.5,7340.5,7341.5,708
2026-07-29 20:58:00+00:00,7341.25,7341.5,7337.0,7338.5,852
2026-07-29 20:59:00+00:00,7338.25,7339.25,7335.0,7335.25,781
2026-07-29 22:00:00+00:00,7338.0,7344.75,7331.0,7343.5,0
2026-07-29 22:01:00+00:00,7343.5,7349.25,7342.5,7347.5,667
2026-07-29 22:02:00+00:00,7347.5,7352.5,7347.5,7351.75,694
2026-07-29 22:03:00+00:00,7351.5,7353.0,7348.5,7351.0,449
2026-07-29 22:04:00+00:00,7351.5,7354.0,7349.5,7353.0,677
2026-07-29 22:05:00+00:00,7353.0,7358.5,7352.5,7357.75,1704
2026-07-29 22:06:00+00:00,7357.5,7362.0,7357.25,7361.0,1446
2026-07-29 22:07:00+00:00,7361.0,7361.25,7359.25,7361.25,530
2026-07-29 22:08:00+00:00,7361.0,7364.75,7361.0,7363.75,678
2026-07-29 22:09:00+00:00,7363.75,7367.0,7363.25,7366.75,1114
2026-07-29 22:10:00+00:00,7367.0,7370.0,7366.0,7369.5,692
2026-07-29 22:11:00+00:00,7369.75,7373.25,7369.5,7371.25,1434
2026-07-29 22:12:00+00:00,7371.25,7373.75,7369.75,7373.75,641
2026-07-29 22:13:00+00:00,7374.0,7374.0,7371.0,7371.5,728
2026-07-29 22:14:00+00:00,7371.5,7372.0,7367.75,7369.0,758
2026-07-29 22:15:00+00:00,7369.25,7370.25,7368.0,7369.25,326
2026-07-29 22:16:00+00:00,7369.25,7372.5,7368.25,7372.5,418
2026-07-29 22:17:00+00:00,7372.25,7373.0,7371.25,7373.0,310
2026-07-29 22:18:00+00:00,7372.75,7373.25,7370.0,7373.0,418
2026-07-29 22:19:00+00:00,7373.0,7376.5,7373.0,7374.75,787
2026-07-29 22:20:00+00:00,7375.0,7375.75,7372.75,7373.0,502
2026-07-29 22:21:00+00:00,7372.75,7374.25,7371.0,7371.75,341
2026-07-29 22:22:00+00:00,7371.75,7373.25,7371.5,7372.75,334
2026-07-29 22:23:00+00:00,7373.0,7375.5,7372.5,7374.5,308
2026-07-29 22:24:00+00:00,7374.75,7375.0,7369.5,7370.5,484
2026-07-29 22:25:00+00:00,7370.75,7371.25,7370.0,7370.5,319
2026-07-29 22:26:00+00:00,7370.25,7371.25,7368.0,7368.25,414
2026-07-29 22:27:00+00:00,7368.75,7370.5,7368.0,7370.0,291
2026-07-29 22:28:00+00:00,7370.0,7370.25,7366.5,7368.75,531
2026-07-29 22:29:00+00:00,7368.75,7372.75,7368.75,7371.25,342
2026-07-29 22:30:00+00:00,7371.25,7371.75,7368.75,7369.5,199
2026-07-29 22:31:00+00:00,7369.5,7370.25,7368.0,7368.25,275
2026-07-29 22:32:00+00:00,7368.25,7369.0,7367.75,7368.0,185
2026-07-29 22:33:00+00:00,7368.0,7370.0,7367.5,7369.75,311
2026-07-29 22:34:00+00:00,7369.5,7370.25,7368.25,7368.25,192
2026-07-29 22:35:00+00:00,7368.5,7369.75,7367.75,7369.5,294
2026-07-29 22:36:00+00:00,7369.5,7372.0,7369.25,7371.25,355
2026-07-29 22:37:00+00:00,7371.25,7373.0,7370.75,7372.75,360
2026-07-29 22:38:00+00:00,7372.75,7373.25,7372.5,7372.75,166
2026-07-29 22:39:00+00:00,7372.5,7372.75,7370.75,7370.75,166
2026-07-29 22:40:00+00:00,7370.5,7371.0,7369.5,7369.75,154
2026-07-29 22:41:00+00:00,7370.0,7370.25,7368.5,7369.5,121
2026-07-29 22:42:00+00:00,7369.5,7370.25,7369.0,7369.25,161
2026-07-29 22:43:00+00:00,7369.5,7370.0,7368.75,7369.75,174
2026-07-29 22:44:00+00:00,7369.75,7372.75,7369.75,7372.5,210
2026-07-29 22:45:00+00:00,7372.5,7375.5,7372.5,7375.25,317
2026-07-29 22:46:00+00:00,7375.5,7375.75,7372.25,7372.75,350
2026-07-29 22:47:00+00:00,7372.5,7372.75,7370.75,7371.0,145
2026-07-29 22:48:00+00:00,7371.0,7372.0,7370.5,7371.25,115
2026-07-29 22:49:00+00:00,7371.25,7371.25,7370.0,7370.5,145
2026-07-29 22:50:00+00:00,7370.5,7373.0,7370.0,7371.25,210
2026-07-29 22:51:00+00:00,7371.5,7371.75,7370.5,7371.0,125
2026-07-29 22:52:00+00:00,7370.75,7370.75,7367.5,7369.0,409
2026-07-29 22:53:00+00:00,7369.25,7369.75,7368.0,7369.75,236
2026-07-29 22:54:00+00:00,7369.5,7369.75,7368.25,7368.75,162
2026-07-29 22:55:00+00:00,7368.5,7369.5,7367.5,7368.25,221
2026-07-29 22:56:00+00:00,7368.25,7369.25,7368.0,7368.5,98
2026-07-29 22:57:00+00:00,7368.5,7369.0,7368.0,7368.75,126
2026-07-29 22:58:00+00:00,7369.0,7369.25,7368.0,7368.0,110
2026-07-29 22:59:00+00:00,7368.0,7370.0,7367.75,7370.0,181
2026-07-29 23:00:00+00:00,7370.0,7371.75,7370.0,7371.25,188
2026-07-29 23:01:00+00:00,7371.5,7373.75,7371.5,7373.75,263
2026-07-29 23:02:00+00:00,7374.0,7374.0,7372.5,7373.25,158
2026-07-29 23:03:00+00:00,7373.75,7375.25,7373.5,7374.75,172
2026-07-29 23:04:00+00:00,7375.0,7376.0,7374.25,7374.75,233
2026-07-29 23:05:00+00:00,7375.0,7375.25,7374.0,7374.25,108
2026-07-29 23:06:00+00:00,7374.5,7374.5,7373.0,7373.25,138
2026-07-29 23:07:00+00:00,7373.25,7373.5,7372.5,7373.5,85
2026-07-29 23:08:00+00:00,7373.25,7379.25,7372.75,7379.25,733
2026-07-29 23:09:00+00:00,7379.5,7379.75,7377.0,7377.0,334
2026-07-29 23:10:00+00:00,7377.0,7377.0,7372.75,7373.5,299
2026-07-29 23:11:00+00:00,7373.25,7373.5,7369.5,7372.5,483
2026-07-29 23:12:00+00:00,7372.25,7375.25,7372.0,7375.25,134
2026-07-29 23:13:00+00:00,7375.0,7375.75,7372.0,7372.75,236
2026-07-29 23:14:00+00:00,7373.0,7373.5,7371.25,7373.25,216
2026-07-29 23:15:00+00:00,7373.5,7375.5,7373.0,7374.0,181
2026-07-29 23:16:00+00:00,7374.0,7374.0,7372.75,7373.0,78
2026-07-29 23:17:00+00:00,7373.0,7376.0,7372.5,7375.75,242
2026-07-29 23:18:00+00:00,7375.5,7379.25,7374.0,7377.5,531
2026-07-29 23:19:00+00:00,7377.25,7378.5,7376.5,7378.25,219
2026-07-29 23:20:00+00:00,7378.25,7378.5,7377.5,7378.0,158
2026-07-29 23:21:00+00:00,7378.0,7378.0,7376.75,7376.75,153
2026-07-29 23:22:00+00:00,7376.75,7377.75,7376.5,7377.0,180
2026-07-29 23:23:00+00:00,7377.25,7379.75,7377.25,7378.5,313
2026-07-29 23:24:00+00:00,7378.25,7378.5,7377.0,7377.75,186
2026-07-29 23:25:00+00:00,7377.5,7379.5,7377.25,7379.25,277
2026-07-29 23:26:00+00:00,7379.0,7379.25,7377.75,7377.75,184
2026-07-29 23:27:00+00:00,7377.5,7378.0,7377.0,7377.25,137
2026-07-29 23:28:00+00:00,7377.25,7379.25,7377.25,7378.5,190
2026-07-29 23:29:00+00:00,7378.5,7378.75,7378.0,7378.25,93
2026-07-29 23:30:00+00:00,7378.25,7380.0,7378.0,7379.0,251
2026-07-29 23:31:00+00:00,7379.25,7381.75,7379.25,7380.75,437
2026-07-29 23:32:00+00:00,7380.5,7382.25,7380.5,7381.25,205
2026-07-29 23:33:00+00:00,7381.0,7381.25,7379.5,7380.0,226
2026-07-29 23:34:00+00:00,7379.75,7380.25,7379.25,7379.75,119
2026-07-29 23:35:00+00:00,7379.75,7380.0,7379.5,7380.0,84
2026-07-29 23:36:00+00:00,7380.0,7380.5,7379.75,7380.0,90
2026-07-29 23:37:00+00:00,7379.75,7380.5,7379.25,7379.75,139
2026-07-29 23:38:00+00:00,7380.0,7381.25,7379.0,7379.75,270
2026-07-29 23:39:00+00:00,7379.5,7382.75,7379.25,7379.75,311
2026-07-29 23:40:00+00:00,7380.0,7380.0,7377.25,7377.25,265
2026-07-29 23:41:00+00:00,7377.5,7377.5,7375.75,7376.25,285
2026-07-29 23:42:00+00:00,7376.75,7377.25,7376.0,7376.0,100
2026-07-29 23:43:00+00:00,7376.0,7377.25,7375.25,7377.0,131
2026-07-29 23:44:00+00:00,7377.0,7378.75,7376.75,7377.5,196
2026-07-29 23:45:00+00:00,7377.5,7379.25,7376.5,7379.25,293
2026-07-29 23:46:00+00:00,7379.25,7381.75,7378.75,7381.5,379
2026-07-29 23:47:00+00:00,7381.75,7382.25,7380.0,7381.0,315
2026-07-29 23:48:00+00:00,7381.0,7381.75,7379.75,7380.25,237
2026-07-29 23:49:00+00:00,7380.25,7380.5,7376.0,7377.0,361
2026-07-29 23:50:00+00:00,7377.0,7378.75,7376.25,7377.0,300
2026-07-29 23:51:00+00:00,7376.75,7377.75,7375.75,7376.0,186
2026-07-29 23:52:00+00:00,7375.75,7376.75,7374.5,7375.75,381
2026-07-29 23:53:00+00:00,7376.0,7379.25,7375.5,7376.5,226
2026-07-29 23:54:00+00:00,7376.25,7380.75,7375.25,7380.5,230
2026-07-29 23:55:00+00:00,7380.5,7381.75,7379.25,7380.5,238
2026-07-29 23:56:00+00:00,7380.75,7381.0,7379.5,7381.0,153
2026-07-29 23:57:00+00:00,7380.75,7381.25,7379.5,7380.75,168
2026-07-29 23:58:00+00:00,7380.75,7380.75,7379.0,7379.5,172
2026-07-29 23:59:00+00:00,7379.75,7380.5,7378.0,7378.25,260
2026-07-30 00:00:00+00:00,7378.5,7381.25,7378.0,7380.75,652
2026-07-30 00:01:00+00:00,7380.75,7380.75,7375.5,7377.0,543
2026-07-30 00:02:00+00:00,7377.0,7377.25,7372.75,7375.0,456
2026-07-30 00:03:00+00:00,7375.25,7376.75,7372.0,7374.0,482
2026-07-30 00:04:00+00:00,7374.0,7377.5,7373.25,7376.75,380
2026-07-30 00:05:00+00:00,7376.75,7381.0,7376.25,7379.75,558
2026-07-30 00:06:00+00:00,7379.5,7385.5,7379.5,7384.5,859
2026-07-30 00:07:00+00:00,7384.25,7385.0,7382.75,7384.0,597
2026-07-30 00:08:00+00:00,7384.0,7386.25,7383.25,7383.25,463
2026-07-30 00:09:00+00:00,7383.5,7385.25,7382.75,7385.0,409
2026-07-30 00:10:00+00:00,7384.75,7385.75,7383.0,7384.75,481
2026-07-30 00:11:00+00:00,7384.75,7387.0,7384.0,7384.25,403
2026-07-30 00:12:00+00:00,7384.25,7386.5,7383.25,7386.25,364
2026-07-30 00:13:00+00:00,7386.25,7387.75,7385.75,7387.25,261
2026-07-30 00:14:00+00:00,7387.5,7387.75,7384.5,7384.5,433
2026-07-30 00:15:00+00:00,7384.5,7385.75,7381.25,7385.0,832
2026-07-30 00:16:00+00:00,7385.25,7385.5,7381.25,7381.25,547
2026-07-30 00:17:00+00:00,7381.25,7382.5,7380.25,7381.0,632
2026-07-30 00:18:00+00:00,7381.25,7383.0,7380.25,7380.75,697
2026-07-30 00:19:00+00:00,7380.75,7381.25,7377.75,7377.75,571
2026-07-30 00:20:00+00:00,7378.0,7378.25,7374.5,7375.25,599
2026-07-30 00:21:00+00:00,7375.25,7378.0,7375.25,7377.5,449
2026-07-30 00:22:00+00:00,7377.75,7379.5,7375.75,7378.5,431
2026-07-30 00:23:00+00:00,7378.75,7379.25,7377.0,7378.5,308
2026-07-30 00:24:00+00:00,7378.25,7378.5,7375.25,7376.25,457
2026-07-30 00:25:00+00:00,7376.0,7377.75,7375.75,7377.0,325
2026-07-30 00:26:00+00:00,7377.25,7379.75,7377.0,7378.75,411
2026-07-30 00:27:00+00:00,7378.25,7378.25,7375.25,7376.25,326
2026-07-30 00:28:00+00:00,7376.25,7378.5,7375.75,7377.25,303
2026-07-30 00:29:00+00:00,7377.0,7379.5,7376.75,7378.5,275
2026-07-30 00:30:00+00:00,7378.75,7381.25,7377.25,7380.25,277
2026-07-30 00:31:00+00:00,7380.25,7380.25,7377.25,7378.25,380
2026-07-30 00:32:00+00:00,7378.25,7379.25,7373.75,7374.25,633
2026-07-30 00:33:00+00:00,7374.25,7376.25,7373.75,7375.75,382
2026-07-30 00:34:00+00:00,7375.75,7375.75,7373.25,7373.75,299
2026-07-30 00:35:00+00:00,7373.5,7373.75,7369.75,7372.0,687
2026-07-30 00:36:00+00:00,7371.75,7373.75,7370.75,7372.75,375
2026-07-30 00:37:00+00:00,7372.75,7373.25,7370.25,7371.5,270
2026-07-30 00:38:00+00:00,7371.25,7373.0,7370.25,7373.0,185
2026-07-30 00:39:00+00:00,7372.5,7372.75,7371.0,7372.0,361
2026-07-30 00:40:00+00:00,7372.0,7373.75,7370.25,7373.0,371
2026-07-30 00:41:00+00:00,7372.75,7373.75,7370.75,7371.0,249
2026-07-30 00:42:00+00:00,7370.5,7371.0,7370.0,7370.25,253
2026-07-30 00:43:00+00:00,7370.25,7370.75,7369.25,7370.0,434
2026-07-30 00:44:00+00:00,7369.75,7370.75,7368.0,7370.75,319
2026-07-30 00:45:00+00:00,7370.5,7374.0,7369.75,7372.25,403
2026-07-30 00:46:00+00:00,7372.5,7373.0,7369.25,7372.5,439
2026-07-30 00:47:00+00:00,7372.75,7373.25,7371.0,7373.25,200
2026-07-30 00:48:00+00:00,7373.25,7377.0,7373.0,7375.5,476
2026-07-30 00:49:00+00:00,7375.25,7376.5,7373.25,7374.0,238
2026-07-30 00:50:00+00:00,7373.75,7374.5,7371.75,7372.5,264
2026-07-30 00:51:00+00:00,7372.5,7373.75,7372.5,7373.75,214
2026-07-30 00:52:00+00:00,7374.0,7375.25,7372.25,7375.25,244
2026-07-30 00:53:00+00:00,7375.5,7377.5,7374.5,7375.75,475
2026-07-30 00:54:00+00:00,7375.75,7377.75,7375.75,7376.0,198
2026-07-30 00:55:00+00:00,7376.0,7377.25,7375.0,7375.0,152
2026-07-30 00:56:00+00:00,7375.0,7376.0,7372.75,7373.25,219
2026-07-30 00:57:00+00:00,7373.25,7375.75,7373.0,7374.25,196
2026-07-30 00:58:00+00:00,7374.25,7375.0,7374.0,7374.5,113
2026-07-30 00:59:00+00:00,7374.75,7376.0,7374.75,7375.75,111
2026-07-30 01:00:00+00:00,7376.25,7378.5,7375.5,7376.5,374
2026-07-30 01:01:00+00:00,7376.75,7377.5,7376.0,7376.75,469
2026-07-30 01:02:00+00:00,7376.5,7377.5,7374.75,7375.25,328
2026-07-30 01:03:00+00:00,7375.25,7377.0,7374.25,7376.5,192
2026-07-30 01:04:00+00:00,7376.5,7380.5,7375.25,7380.25,640
2026-07-30 01:05:00+00:00,7380.25,7382.0,7379.25,7381.25,487
2026-07-30 01:06:00+00:00,7381.5,7385.0,7381.0,7384.75,644
2026-07-30 01:07:00+00:00,7384.75,7386.25,7384.75,7385.0,497
2026-07-30 01:08:00+00:00,7385.0,7389.0,7384.0,7384.25,791
2026-07-30 01:09:00+00:00,7384.5,7385.25,7380.0,7380.25,346
2026-07-30 01:10:00+00:00,7380.5,7382.25,7379.5,7382.25,337
2026-07-30 01:11:00+00:00,7382.25,7383.0,7380.0,7381.0,269
2026-07-30 01:12:00+00:00,7381.0,7382.25,7380.0,7380.0,362
2026-07-30 01:13:00+00:00,7380.0,7380.25,7378.0,7380.0,349
2026-07-30 01:14:00+00:00,7380.0,7380.0,7377.25,7378.0,211
2026-07-30 01:15:00+00:00,7378.0,7379.25,7377.25,7378.25,205
2026-07-30 01:16:00+00:00,7378.25,7380.25,7377.5,7379.5,281
2026-07-30 01:17:00+00:00,7379.5,7381.0,7379.0,7379.5,204
2026-07-30 01:18:00+00:00,7379.75,7380.25,7378.0,7379.25,219
2026-07-30 01:19:00+00:00,7379.75,7382.25,7378.75,7380.75,223
2026-07-30 01:20:00+00:00,7381.0,7382.25,7379.5,7380.75,181
2026-07-30 01:21:00+00:00,7381.25,7381.5,7379.75,7380.5,156
2026-07-30 01:22:00+00:00,7380.25,7381.5,7380.0,7380.5,147
2026-07-30 01:23:00+00:00,7380.75,7382.25,7380.25,7382.0,176
2026-07-30 01:24:00+00:00,7381.75,7383.0,7381.0,7382.5,272
2026-07-30 01:25:00+00:00,7383.0,7384.5,7382.75,7384.25,216
2026-07-30 01:26:00+00:00,7384.25,7384.5,7383.25,7383.75,190
2026-07-30 01:27:00+00:00,7383.75,7386.0,7383.5,7386.0,318
2026-07-30 01:28:00+00:00,7385.75,7387.0,7385.25,7386.75,304
2026-07-30 01:29:00+00:00,7386.75,7387.0,7385.75,7386.0,192
2026-07-30 01:30:00+00:00,7386.0,7387.25,7385.75,7387.0,272
2026-07-30 01:31:00+00:00,7387.25,7389.25,7386.75,7389.0,409
2026-07-30 01:32:00+00:00,7389.0,7389.5,7388.0,7389.25,236
2026-07-30 01:33:00+00:00,7389.0,7390.0,7388.75,7389.25,512
2026-07-30 01:34:00+00:00,7389.5,7390.0,7388.25,7388.5,360
2026-07-30 01:35:00+00:00,7388.75,7390.5,7388.5,7390.0,252
2026-07-30 01:36:00+00:00,7390.0,7391.25,7389.75,7390.25,532
2026-07-30 01:37:00+00:00,7390.25,7391.75,7390.25,7390.25,586
2026-07-30 01:38:00+00:00,7390.25,7391.0,7389.25,7390.5,305
2026-07-30 01:39:00+00:00,7390.5,7391.0,7390.0,7390.5,172
2026-07-30 01:40:00+00:00,7390.5,7392.0,7390.5,7391.5,481
2026-07-30 01:41:00+00:00,7391.5,7391.5,7390.0,7390.75,207
2026-07-30 01:42:00+00:00,7391.0,7392.0,7390.25,7391.0,237
2026-07-30 01:43:00+00:00,7391.0,7392.0,7390.75,7391.0,187
2026-07-30 01:44:00+00:00,7391.0,7391.25,7390.25,7391.0,175
2026-07-30 01:45:00+00:00,7391.0,7391.0,7389.5,7390.75,285
2026-07-30 01:46:00+00:00,7391.0,7392.25,7389.75,7390.5,308
2026-07-30 01:47:00+00:00,7390.75,7392.25,7390.75,7392.25,150
2026-07-30 01:48:00+00:00,7392.25,7392.25,7390.25,7391.0,162
2026-07-30 01:49:00+00:00,7391.0,7391.5,7390.0,7391.25,203
2026-07-30 01:50:00+00:00,7391.5,7392.0,7391.0,7391.25,147
2026-07-30 01:51:00+00:00,7391.5,7392.25,7390.0,7390.0,185
2026-07-30 01:52:00+00:00,7389.75,7390.5,7389.5,7389.75,216
2026-07-30 01:53:00+00:00,7390.0,7390.0,7388.25,7388.75,367
2026-07-30 01:54:00+00:00,7388.75,7390.25,7388.75,7390.25,249
2026-07-30 01:55:00+00:00,7390.0,7391.25,7389.5,7391.0,187
2026-07-30 01:56:00+00:00,7391.0,7391.5,7390.25,7391.25,179
2026-07-30 01:57:00+00:00,7391.5,7391.5,7390.5,7391.0,211
2026-07-30 01:58:00+00:00,7390.75,7391.25,7389.5,7389.75,162
2026-07-30 01:59:00+00:00,7390.0,7390.25,7388.5,7388.75,182
2026-07-30 02:00:00+00:00,7389.0,7391.5,7389.0,7391.5,238
2026-07-30 02:01:00+00:00,7391.75,7392.75,7390.5,7390.5,360
2026-07-30 02:02:00+00:00,7390.5,7391.5,7390.0,7390.75,132
2026-07-30 02:03:00+00:00,7390.75,7391.5,7390.0,7390.5,171
2026-07-30 02:04:00+00:00,7390.25,7390.25,7388.75,7388.75,178
2026-07-30 02:05:00+00:00,7388.75,7389.25,7387.25,7388.5,325
2026-07-30 02:06:00+00:00,7388.5,7390.0,7388.25,7390.0,139
2026-07-30 02:07:00+00:00,7390.0,7390.5,7389.0,7390.25,192
2026-07-30 02:08:00+00:00,7390.25,7390.25,7388.75,7390.0,120
2026-07-30 02:09:00+00:00,7390.5,7390.5,7388.5,7389.25,96
2026-07-30 02:10:00+00:00,7389.25,7389.5,7388.0,7388.75,99
2026-07-30 02:11:00+00:00,7388.5,7390.25,7388.25,7390.0,135
2026-07-30 02:12:00+00:00,7389.75,7391.0,7389.75,7390.0,185
2026-07-30 02:13:00+00:00,7390.25,7390.5,7387.5,7387.75,122
2026-07-30 02:14:00+00:00,7387.5,7387.5,7386.25,7387.0,144
2026-07-30 02:15:00+00:00,7386.75,7387.0,7386.0,7386.5,176
2026-07-30 02:16:00+00:00,7386.5,7386.75,7386.0,7386.0,279
2026-07-30 02:17:00+00:00,7386.25,7386.75,7386.0,7386.5,230
2026-07-30 02:18:00+00:00,7386.5,7387.5,7385.0,7387.25,302
2026-07-30 02:19:00+00:00,7387.25,7387.75,7386.0,7386.5,128
2026-07-30 02:20:00+00:00,7386.5,7389.0,7386.0,7388.5,227
2026-07-30 02:21:00+00:00,7388.25,7388.75,7388.0,7388.75,114
2026-07-30 02:22:00+00:00,7388.75,7389.5,7387.0,7387.25,182
2026-07-30 02:23:00+00:00,7387.25,7387.75,7386.75,7387.75,106
2026-07-30 02:24:00+00:00,7388.0,7389.0,7387.0,7388.75,100
2026-07-30 02:25:00+00:00,7388.75,7390.5,7387.0,7387.0,198
2026-07-30 02:26:00+00:00,7387.0,7387.0,7385.75,7386.25,118
2026-07-30 02:27:00+00:00,7386.0,7386.75,7385.75,7386.75,138
2026-07-30 02:28:00+00:00,7387.0,7387.0,7386.0,7386.5,83
2026-07-30 02:29:00+00:00,7386.75,7386.75,7384.75,7386.0,134
2026-07-30 02:30:00+00:00,7386.0,7386.0,7383.5,7384.5,191
2026-07-30 02:31:00+00:00,7384.75,7385.25,7384.5,7384.5,201
2026-07-30 02:32:00+00:00,7384.5,7384.5,7383.5,7384.25,146
2026-07-30 02:33:00+00:00,7384.5,7385.0,7383.5,7384.0,130
2026-07-30 02:34:00+00:00,7384.25,7385.0,7383.25,7383.25,86
2026-07-30 02:35:00+00:00,7383.25,7383.5,7381.75,7382.5,192
2026-07-30 02:36:00+00:00,7382.25,7383.75,7381.5,7383.0,122
2026-07-30 02:37:00+00:00,7383.25,7383.25,7381.75,7382.75,103
2026-07-30 02:38:00+00:00,7382.75,7383.75,7382.5,7382.75,132
2026-07-30 02:39:00+00:00,7382.75,7383.5,7382.5,7382.75,69
2026-07-30 02:40:00+00:00,7382.75,7384.5,7382.25,7384.25,95
2026-07-30 02:41:00+00:00,7384.25,7385.5,7382.5,7383.0,312
2026-07-30 02:42:00+00:00,7383.0,7385.25,7382.25,7385.25,152
2026-07-30 02:43:00+00:00,7385.25,7386.5,7384.75,7386.5,163
2026-07-30 02:44:00+00:00,7386.5,7387.5,7386.0,7387.0,143
2026-07-30 02:45:00+00:00,7387.25,7387.25,7384.25,7384.5,147
2026-07-30 02:46:00+00:00,7384.5,7386.5,7384.5,7386.5,142
2026-07-30 02:47:00+00:00,7386.5,7387.0,7385.75,7387.0,81
2026-07-30 02:48:00+00:00,7386.75,7388.75,7386.75,7387.25,192
2026-07-30 02:49:00+00:00,7387.0,7387.0,7384.25,7385.0,163
2026-07-30 02:50:00+00:00,7385.0,7385.0,7384.0,7384.75,111
2026-07-30 02:51:00+00:00,7385.0,7387.0,7384.5,7384.5,234
2026-07-30 02:52:00+00:00,7384.5,7384.5,7383.25,7383.5,99
2026-07-30 02:53:00+00:00,7383.25,7384.5,7383.25,7384.25,87
2026-07-30 02:54:00+00:00,7384.25,7384.75,7383.0,7384.0,70
2026-07-30 02:55:00+00:00,7384.0,7385.0,7384.0,7384.5,106
2026-07-30 02:56:00+00:00,7384.25,7384.5,7381.75,7382.0,140
2026-07-30 02:57:00+00:00,7382.0,7382.5,7380.5,7381.25,266
2026-07-30 02:58:00+00:00,7380.75,7381.0,7379.0,7379.5,269
2026-07-30 02:59:00+00:00,7379.25,7379.5,7377.5,7378.25,565
2026-07-30 03:00:00+00:00,7378.25,7379.5,7378.0,7378.0,243
2026-07-30 03:01:00+00:00,7378.5,7381.25,7378.25,7381.0,213
2026-07-30 03:02:00+00:00,7381.0,7383.75,7381.0,7383.5,215
2026-07-30 03:03:00+00:00,7383.5,7384.0,7380.75,7381.75,151
2026-07-30 03:04:00+00:00,7381.75,7382.75,7381.25,7382.5,105
2026-07-30 03:05:00+00:00,7382.5,7383.25,7381.75,7382.5,100
2026-07-30 03:06:00+00:00,7382.5,7383.75,7382.25,7383.5,134
2026-07-30 03:07:00+00:00,7383.5,7383.5,7381.25,7381.5,175
2026-07-30 03:08:00+00:00,7381.25,7381.5,7378.75,7379.25,221
2026-07-30 03:09:00+00:00,7379.25,7379.25,7375.5,7377.0,412
2026-07-30 03:10:00+00:00,7377.0,7377.75,7376.5,7376.5,199
2026-07-30 03:11:00+00:00,7376.5,7377.0,7375.5,7375.5,234
2026-07-30 03:12:00+00:00,7375.75,7375.75,7373.25,7373.5,311
2026-07-30 03:13:00+00:00,7373.5,7374.25,7372.25,7374.0,364
2026-07-30 03:14:00+00:00,7374.25,7374.75,7373.5,7373.75,188
2026-07-30 03:15:00+00:00,7374.0,7374.25,7372.5,7373.5,174
2026-07-30 03:16:00+00:00,7373.5,7374.75,7372.5,7374.25,143
2026-07-30 03:17:00+00:00,7374.25,7375.0,7373.25,7373.75,102
2026-07-30 03:18:00+00:00,7374.0,7374.25,7373.5,7373.5,105
2026-07-30 03:19:00+00:00,7373.0,7373.0,7371.0,7372.5,237
2026-07-30 03:20:00+00:00,7372.5,7373.75,7371.75,7373.0,174
2026-07-30 03:21:00+00:00,7373.0,7373.5,7371.0,7372.25,225
2026-07-30 03:22:00+00:00,7372.0,7372.5,7370.75,7370.75,172
2026-07-30 03:23:00+00:00,7371.0,7372.25,7370.75,7372.0,163
2026-07-30 03:24:00+00:00,7372.0,7372.75,7371.25,7372.75,154
2026-07-30 03:25:00+00:00,7372.5,7373.5,7372.0,7373.25,117
2026-07-30 03:26:00+00:00,7373.0,7373.5,7371.75,7373.5,160
2026-07-30 03:27:00+00:00,7373.25,7374.5,7373.0,7373.25,175
2026-07-30 03:28:00+00:00,7373.25,7374.0,7372.5,7373.75,138
2026-07-30 03:29:00+00:00,7373.75,7374.25,7372.75,7373.25,137
2026-07-30 03:30:00+00:00,7373.25,7373.5,7369.5,7371.5,389
2026-07-30 03:31:00+00:00,7371.25,7371.75,7370.25,7371.5,134
2026-07-30 03:32:00+00:00,7371.5,7373.0,7371.0,7372.0,184
2026-07-30 03:33:00+00:00,7372.0,7375.5,7371.5,7375.25,258
2026-07-30 03:34:00+00:00,7375.75,7377.25,7375.5,7377.0,239
2026-07-30 03:35:00+00:00,7377.0,7378.25,7375.75,7376.5,255
2026-07-30 03:36:00+00:00,7376.5,7376.75,7371.75,7373.0,278
2026-07-30 03:37:00+00:00,7372.75,7372.75,7370.75,7372.75,137
2026-07-30 03:38:00+00:00,7372.75,7373.25,7371.25,7371.75,83
2026-07-30 03:39:00+00:00,7371.75,7372.25,7370.75,7371.0,116
2026-07-30 03:40:00+00:00,7371.0,7373.75,7370.0,7373.5,176
2026-07-30 03:41:00+00:00,7373.5,7375.5,7373.0,7375.0,224
2026-07-30 03:42:00+00:00,7375.0,7375.75,7373.75,7375.0,135
2026-07-30 03:43:00+00:00,7375.25,7375.5,7374.5,7374.5,72
2026-07-30 03:44:00+00:00,7374.5,7375.25,7374.0,7375.25,101
2026-07-30 03:45:00+00:00,7375.25,7376.0,7375.0,7376.0,78
2026-07-30 03:46:00+00:00,7376.25,7376.25,7374.5,7374.75,134
2026-07-30 03:47:00+00:00,7374.75,7375.75,7374.0,7374.0,164
2026-07-30 03:48:00+00:00,7373.75,7377.25,7372.75,7377.25,216
2026-07-30 03:49:00+00:00,7377.25,7378.5,7377.0,7377.0,157
2026-07-30 03:50:00+00:00,7377.0,7377.75,7374.5,7377.5,193
2026-07-30 03:51:00+00:00,7377.25,7377.75,7376.75,7377.75,94
2026-07-30 03:52:00+00:00,7377.5,7377.75,7377.0,7377.0,78
2026-07-30 03:53:00+00:00,7377.0,7377.75,7376.5,7377.0,113
2026-07-30 03:54:00+00:00,7377.25,7377.5,7376.5,7376.75,74
2026-07-30 03:55:00+00:00,7376.75,7377.5,7375.5,7376.5,122
2026-07-30 03:56:00+00:00,7376.25,7378.0,7376.0,7377.5,107
2026-07-30 03:57:00+00:00,7377.5,7378.0,7375.5,7375.5,148
2026-07-30 03:58:00+00:00,7375.25,7375.25,7374.0,7374.0,129
2026-07-30 04:09:00+00:00,7373.0,7373.0,7371.0,7371.0,158
2026-07-30 04:10:00+00:00,7371.25,7371.75,7370.25,7370.5,120
2026-07-30 04:11:00+00:00,7370.75,7371.5,7370.5,7371.25,121
2026-07-30 04:12:00+00:00,7371.0,7372.25,7370.75,7372.25,150
2026-07-30 04:13:00+00:00,7372.25,7372.5,7370.5,7371.25,89
2026-07-30 04:14:00+00:00,7371.25,7371.5,7370.25,7370.75,81
2026-07-30 04:15:00+00:00,7370.5,7371.0,7369.0,7370.0,188
2026-07-30 04:16:00+00:00,7370.5,7370.5,7369.0,7370.25,107
2026-07-30 04:17:00+00:00,7370.0,7370.0,7368.75,7369.75,125
2026-07-30 04:18:00+00:00,7369.5,7371.25,7369.0,7371.0,161
2026-07-30 04:19:00+00:00,7370.75,7371.25,7369.25,7370.5,143
2026-07-30 04:20:00+00:00,7370.75,7373.0,7369.75,7373.0,145
2026-07-30 04:21:00+00:00,7372.5,7374.25,7372.25,7373.25,221
2026-07-30 04:22:00+00:00,7373.25,7373.25,7371.0,7373.25,144
2026-07-30 04:23:00+00:00,7373.25,7373.75,7372.5,7373.5,116
2026-07-30 04:24:00+00:00,7373.25,7373.75,7372.25,7373.25,172
2026-07-30 04:25:00+00:00,7373.0,7374.25,7372.75,7374.0,131
2026-07-30 04:26:00+00:00,7374.0,7376.0,7373.25,7375.5,229
2026-07-30 04:27:00+00:00,7375.25,7378.5,7375.25,7378.25,295
2026-07-30 04:28:00+00:00,7378.5,7379.0,7376.75,7377.5,241
2026-07-30 04:29:00+00:00,7377.5,7379.25,7377.25,7378.5,166
2026-07-30 04:30:00+00:00,7378.5,7378.5,7376.5,7377.25,123
2026-07-30 04:31:00+00:00,7377.5,7378.0,7376.75,7377.75,111
2026-07-30 04:32:00+00:00,7377.75,7378.0,7376.5,7377.25,119
2026-07-30 04:33:00+00:00,7377.5,7378.75,7377.5,7378.0,102
2026-07-30 04:34:00+00:00,7378.0,7378.5,7377.25,7377.75,64
2026-07-30 04:35:00+00:00,7377.75,7378.75,7377.0,7377.75,89
2026-07-30 04:36:00+00:00,7377.75,7378.0,7377.25,7377.75,60
2026-07-30 04:37:00+00:00,7378.0,7378.0,7373.75,7376.0,150
2026-07-30 04:38:00+00:00,7376.0,7376.0,7373.0,7373.5,112
2026-07-30 04:39:00+00:00,7373.25,7373.5,7372.25,7373.0,102
2026-07-30 04:40:00+00:00,7373.0,7374.25,7372.0,7373.5,114
2026-07-30 04:41:00+00:00,7373.25,7373.5,7371.75,7372.5,129
2026-07-30 04:42:00+00:00,7372.25,7372.75,7370.0,7370.0,202
2026-07-30 04:43:00+00:00,7370.25,7370.75,7369.0,7369.75,121
2026-07-30 04:44:00+00:00,7370.0,7371.0,7369.25,7369.75,159
2026-07-30 04:45:00+00:00,7369.5,7372.0,7369.5,7371.75,112
2026-07-30 04:46:00+00:00,7371.75,7375.25,7371.5,7375.25,163
2026-07-30 04:47:00+00:00,7374.5,7375.0,7373.0,7373.0,120
2026-07-30 04:48:00+00:00,7372.75,7372.75,7370.75,7372.0,102
2026-07-30 04:49:00+00:00,7372.0,7372.25,7371.5,7372.0,82
2026-07-30 04:50:00+00:00,7371.75,7372.25,7369.25,7369.25,112
2026-07-30 04:51:00+00:00,7369.25,7370.75,7368.75,7370.75,128
2026-07-30 04:52:00+00:00,7370.25,7371.25,7370.0,7370.0,95
2026-07-30 04:53:00+00:00,7370.0,7370.5,7369.25,7369.5,88
2026-07-30 04:54:00+00:00,7369.5,7369.5,7368.0,7369.25,180
2026-07-30 04:55:00+00:00,7369.25,7369.5,7368.0,7368.25,145
2026-07-30 04:56:00+00:00,7368.25,7368.75,7367.25,7367.25,187
2026-07-30 04:57:00+00:00,7367.25,7368.25,7366.25,7367.25,237
2026-07-30 04:58:00+00:00,7367.25,7367.25,7366.5,7367.25,173
2026-07-30 04:59:00+00:00,7367.5,7368.0,7367.25,7367.5,148
2026-07-30 05:00:00+00:00,7367.75,7368.25,7366.25,7368.25,241
2026-07-30 05:01:00+00:00,7368.0,7368.5,7367.5,7367.5,140
2026-07-30 05:02:00+00:00,7367.25,7367.5,7364.25,7365.5,323
2026-07-30 05:03:00+00:00,7365.25,7365.75,7364.75,7365.25,152
2026-07-30 05:04:00+00:00,7365.25,7366.75,7365.25,7366.0,167
2026-07-30 05:05:00+00:00,7366.0,7366.5,7364.5,7366.25,127
2026-07-30 05:06:00+00:00,7366.0,7367.0,7364.5,7365.0,244
2026-07-30 05:07:00+00:00,7365.0,7365.0,7362.75,7363.0,313
2026-07-30 05:08:00+00:00,7363.0,7363.5,7361.75,7363.0,215
2026-07-30 05:09:00+00:00,7363.25,7364.5,7362.75,7363.0,169
2026-07-30 05:10:00+00:00,7363.0,7364.25,7363.0,7363.5,182
2026-07-30 05:11:00+00:00,7363.75,7364.0,7362.75,7363.25,141
2026-07-30 05:12:00+00:00,7363.0,7364.25,7362.25,7363.25,196
2026-07-30 05:13:00+00:00,7363.0,7365.0,7363.0,7364.75,119
2026-07-30 05:14:00+00:00,7364.75,7365.75,7364.0,7365.75,139
2026-07-30 05:15:00+00:00,7365.75,7368.75,7365.75,7367.0,308
2026-07-30 05:16:00+00:00,7366.75,7367.5,7365.75,7366.5,316
2026-07-30 05:17:00+00:00,7366.5,7367.25,7365.25,7367.25,224
2026-07-30 05:18:00+00:00,7366.75,7368.5,7366.25,7368.5,167
2026-07-30 05:19:00+00:00,7368.5,7369.75,7367.25,7369.75,297
2026-07-30 05:20:00+00:00,7369.5,7370.75,7368.25,7368.75,325
2026-07-30 05:21:00+00:00,7369.0,7369.0,7366.75,7367.75,195
2026-07-30 05:22:00+00:00,7367.25,7368.5,7366.25,7368.5,140
2026-07-30 05:23:00+00:00,7368.25,7368.25,7366.25,7368.0,117
2026-07-30 05:24:00+00:00,7367.75,7368.5,7367.25,7368.5,99
2026-07-30 05:25:00+00:00,7368.75,7369.25,7366.25,7366.25,158
2026-07-30 05:26:00+00:00,7366.0,7368.25,7365.75,7367.5,138
2026-07-30 05:27:00+00:00,7367.5,7367.75,7367.0,7367.5,62
2026-07-30 05:28:00+00:00,7367.5,7370.5,7367.5,7370.0,191
2026-07-30 05:29:00+00:00,7370.0,7370.25,7368.0,7368.5,183
2026-07-30 05:30:00+00:00,7368.25,7369.25,7366.75,7368.25,257
2026-07-30 05:31:00+00:00,7368.25,7370.0,7368.0,7370.0,197
2026-07-30 05:32:00+00:00,7369.5,7372.75,7368.75,7369.75,276
2026-07-30 05:33:00+00:00,7369.75,7370.75,7369.5,7369.75,119
2026-07-30 05:34:00+00:00,7370.0,7371.25,7368.75,7369.75,154
2026-07-30 05:35:00+00:00,7370.0,7370.75,7367.5,7367.5,224
2026-07-30 05:36:00+00:00,7367.5,7369.0,7366.75,7368.5,194
2026-07-30 05:37:00+00:00,7368.5,7370.0,7367.75,7369.25,164
2026-07-30 05:38:00+00:00,7369.0,7370.0,7368.25,7369.75,151
2026-07-30 05:39:00+00:00,7369.75,7369.75,7368.5,7368.75,153
2026-07-30 05:40:00+00:00,7369.0,7371.0,7368.5,7370.25,184
2026-07-30 05:41:00+00:00,7370.25,7371.5,7370.25,7371.0,120
2026-07-30 05:42:00+00:00,7371.0,7372.75,7370.75,7371.75,214
2026-07-30 05:43:00+00:00,7372.0,7372.25,7370.5,7371.0,214
2026-07-30 05:44:00+00:00,7371.0,7373.0,7370.75,7372.25,212
2026-07-30 05:45:00+00:00,7372.5,7373.25,7372.5,7372.5,118
2026-07-30 05:46:00+00:00,7372.5,7377.0,7372.25,7376.0,739
2026-07-30 05:47:00+00:00,7375.25,7375.5,7372.0,7372.75,235
2026-07-30 05:48:00+00:00,7373.0,7373.25,7370.0,7370.0,288
2026-07-30 05:49:00+00:00,7369.75,7370.0,7368.25,7369.75,180
2026-07-30 05:50:00+00:00,7369.5,7370.25,7368.75,7369.25,203
2026-07-30 05:51:00+00:00,7369.25,7369.25,7367.25,7369.0,231
2026-07-30 05:52:00+00:00,7368.75,7369.25,7367.25,7369.25,248
2026-07-30 05:53:00+00:00,7369.25,7369.5,7367.5,7367.5,162
2026-07-30 05:54:00+00:00,7367.25,7368.25,7366.75,7367.75,170
2026-07-30 05:55:00+00:00,7367.5,7367.5,7365.25,7366.25,191
2026-07-30 05:56:00+00:00,7366.25,7368.75,7366.0,7368.75,163
2026-07-30 05:57:00+00:00,7369.0,7369.0,7367.5,7367.75,179
2026-07-30 05:58:00+00:00,7367.75,7367.75,7367.0,7367.25,114
2026-07-30 05:59:00+00:00,7367.25,7368.75,7366.75,7368.5,182
2026-07-30 06:00:00+00:00,7368.5,7369.25,7366.5,7367.25,500
2026-07-30 06:01:00+00:00,7367.0,7368.0,7365.75,7367.75,311
2026-07-30 06:02:00+00:00,7367.5,7368.0,7366.5,7367.5,233
2026-07-30 06:03:00+00:00,7367.5,7368.0,7366.5,7366.75,252
2026-07-30 06:04:00+00:00,7366.75,7367.75,7366.25,7367.5,210
2026-07-30 06:05:00+00:00,7367.75,7368.0,7366.5,7367.5,183
2026-07-30 06:06:00+00:00,7367.5,7368.5,7365.75,7367.75,270
2026-07-30 06:07:00+00:00,7367.75,7369.0,7367.5,7367.75,184
2026-07-30 06:08:00+00:00,7367.75,7368.5,7367.0,7367.25,173
2026-07-30 06:09:00+00:00,7367.25,7368.25,7365.0,7365.25,321
2026-07-30 06:10:00+00:00,7365.5,7365.5,7363.25,7364.5,565
2026-07-30 06:11:00+00:00,7364.5,7364.75,7363.25,7364.5,176
2026-07-30 06:12:00+00:00,7364.5,7366.25,7363.75,7366.0,201
2026-07-30 06:13:00+00:00,7366.0,7366.5,7365.0,7366.25,200
2026-07-30 06:14:00+00:00,7366.25,7366.25,7363.75,7364.0,268
2026-07-30 06:15:00+00:00,7363.75,7363.75,7361.75,7362.0,387
2026-07-30 06:16:00+00:00,7362.0,7363.0,7360.75,7362.0,398
2026-07-30 06:17:00+00:00,7362.25,7362.75,7361.25,7362.25,196
2026-07-30 06:18:00+00:00,7362.0,7362.5,7361.0,7361.0,203
2026-07-30 06:19:00+00:00,7361.0,7362.25,7361.0,7362.0,235
2026-07-30 06:20:00+00:00,7362.0,7362.0,7359.0,7359.75,488
2026-07-30 06:21:00+00:00,7360.0,7363.5,7360.0,7363.0,381
2026-07-30 06:22:00+00:00,7363.0,7363.25,7362.0,7363.25,252
2026-07-30 06:23:00+00:00,7363.0,7365.0,7362.5,7364.25,211
2026-07-30 06:24:00+00:00,7364.0,7364.25,7363.0,7364.0,152
2026-07-30 06:25:00+00:00,7364.25,7367.5,7363.75,7365.75,280
2026-07-30 06:26:00+00:00,7366.0,7366.25,7364.5,7365.0,387
2026-07-30 06:27:00+00:00,7365.0,7365.25,7363.5,7365.25,177
2026-07-30 06:28:00+00:00,7365.25,7365.5,7363.5,7363.75,134
2026-07-30 06:29:00+00:00,7363.75,7365.25,7363.5,7364.5,126
2026-07-30 06:30:00+00:00,7364.5,7364.5,7362.0,7362.75,266
2026-07-30 06:31:00+00:00,7363.0,7363.0,7362.0,7362.5,148
2026-07-30 06:32:00+00:00,7362.5,7362.75,7361.75,7362.25,173
2026-07-30 06:33:00+00:00,7362.25,7363.75,7361.75,7363.25,231
2026-07-30 06:34:00+00:00,7363.0,7363.0,7360.25,7362.75,572
2026-07-30 06:35:00+00:00,7362.75,7362.75,7361.5,7361.75,101
2026-07-30 06:36:00+00:00,7361.5,7362.0,7360.5,7361.75,190
2026-07-30 06:37:00+00:00,7361.75,7362.25,7361.5,7362.25,155
2026-07-30 06:38:00+00:00,7362.25,7363.5,7361.0,7361.25,313
2026-07-30 06:39:00+00:00,7361.25,7362.75,7361.0,7362.25,259
2026-07-30 06:40:00+00:00,7362.25,7362.75,7360.0,7360.75,275
2026-07-30 06:41:00+00:00,7360.5,7362.25,7360.25,7362.0,163
2026-07-30 06:42:00+00:00,7361.75,7362.0,7360.0,7361.0,281
2026-07-30 06:43:00+00:00,7361.0,7361.75,7359.0,7360.25,368
2026-07-30 06:44:00+00:00,7360.25,7360.25,7358.5,7358.75,185
2026-07-30 06:45:00+00:00,7358.75,7362.5,7358.5,7362.5,291
2026-07-30 06:46:00+00:00,7362.5,7362.75,7360.0,7361.75,328
2026-07-30 06:47:00+00:00,7361.5,7362.5,7359.0,7359.5,469
2026-07-30 06:48:00+00:00,7359.25,7360.75,7359.0,7360.5,158
2026-07-30 06:49:00+00:00,7360.75,7361.75,7360.5,7361.5,167
2026-07-30 06:50:00+00:00,7361.5,7362.0,7361.0,7361.25,75
2026-07-30 06:51:00+00:00,7361.0,7361.75,7360.25,7361.75,117
2026-07-30 06:52:00+00:00,7361.5,7362.25,7360.75,7361.25,122
2026-07-30 06:53:00+00:00,7361.25,7362.0,7360.75,7361.5,191
2026-07-30 06:54:00+00:00,7361.75,7363.0,7361.5,7362.75,104
2026-07-30 06:55:00+00:00,7362.75,7364.5,7362.75,7364.0,215
2026-07-30 06:56:00+00:00,7364.25,7364.5,7361.0,7361.0,224
2026-07-30 06:57:00+00:00,7361.0,7362.25,7361.0,7362.25,157
2026-07-30 06:58:00+00:00,7362.25,7362.5,7361.0,7361.5,183
2026-07-30 06:59:00+00:00,7361.25,7364.0,7360.5,7363.75,322
2026-07-30 07:00:00+00:00,7364.0,7372.0,7361.75,7371.25,1723
2026-07-30 07:01:00+00:00,7371.0,7377.5,7370.0,7376.5,1756
2026-07-30 07:02:00+00:00,7376.5,7379.25,7375.25,7378.5,1571
2026-07-30 07:03:00+00:00,7378.25,7381.5,7376.5,7381.25,1449
2026-07-30 07:04:00+00:00,7381.0,7382.25,7376.75,7377.0,937
2026-07-30 07:05:00+00:00,7377.0,7381.0,7376.25,7380.0,943
2026-07-30 07:06:00+00:00,7379.75,7381.25,7379.25,7380.0,770
2026-07-30 07:07:00+00:00,7379.75,7379.75,7375.0,7375.25,766
2026-07-30 07:08:00+00:00,7375.25,7375.5,7371.0,7371.5,595
2026-07-30 07:09:00+00:00,7371.75,7374.25,7370.75,7374.25,687
2026-07-30 07:10:00+00:00,7374.0,7374.75,7372.25,7373.0,751
2026-07-30 07:11:00+00:00,7373.0,7375.5,7372.0,7375.25,665
2026-07-30 07:12:00+00:00,7375.0,7378.0,7374.25,7376.75,560
2026-07-30 07:13:00+00:00,7376.75,7377.5,7374.75,7374.75,581
2026-07-30 07:14:00+00:00,7374.5,7375.5,7371.5,7375.5,466
2026-07-30 07:15:00+00:00,7375.5,7376.25,7373.0,7373.0,493
2026-07-30 07:16:00+00:00,7373.25,7373.5,7369.75,7370.5,479
2026-07-30 07:17:00+00:00,7370.5,7371.0,7367.75,7368.25,743
2026-07-30 07:18:00+00:00,7368.25,7370.25,7368.25,7369.0,373
2026-07-30 07:19:00+00:00,7368.25,7369.25,7366.75,7367.25,710
2026-07-30 07:20:00+00:00,7367.0,7368.0,7365.75,7365.75,490
2026-07-30 07:21:00+00:00,7366.0,7366.0,7362.5,7364.25,720
2026-07-30 07:22:00+00:00,7364.25,7365.75,7364.0,7364.75,385
2026-07-30 07:23:00+00:00,7364.5,7365.75,7362.75,7365.75,535
2026-07-30 07:24:00+00:00,7365.75,7368.25,7365.5,7368.25,454
2026-07-30 07:25:00+00:00,7368.25,7369.0,7365.0,7366.0,420
2026-07-30 07:26:00+00:00,7366.25,7367.5,7366.0,7366.5,341
2026-07-30 07:27:00+00:00,7366.0,7369.0,7365.75,7365.75,429
2026-07-30 07:28:00+00:00,7365.75,7367.0,7364.0,7366.0,395
2026-07-30 07:29:00+00:00,7365.75,7366.25,7363.5,7365.25,398
2026-07-30 07:30:00+00:00,7365.25,7365.75,7362.0,7362.75,532
2026-07-30 07:31:00+00:00,7362.75,7363.5,7361.0,7362.5,470
2026-07-30 07:32:00+00:00,7362.75,7363.0,7361.25,7361.75,386
2026-07-30 07:33:00+00:00,7362.0,7362.25,7359.75,7361.0,618
2026-07-30 07:34:00+00:00,7361.0,7361.25,7359.25,7360.0,538
2026-07-30 07:35:00+00:00,7360.0,7360.5,7356.75,7357.75,673
2026-07-30 07:36:00+00:00,7357.75,7358.0,7355.0,7355.75,793
2026-07-30 07:37:00+00:00,7355.75,7358.0,7354.25,7357.75,991
2026-07-30 07:38:00+00:00,7358.0,7360.25,7357.5,7360.25,834
2026-07-30 07:39:00+00:00,7360.0,7363.25,7360.0,7363.25,609
2026-07-30 07:40:00+00:00,7363.25,7365.0,7362.75,7363.25,683
2026-07-30 07:41:00+00:00,7363.0,7364.25,7363.0,7363.0,322
2026-07-30 07:42:00+00:00,7363.25,7363.5,7361.75,7363.5,426
2026-07-30 07:43:00+00:00,7363.5,7367.5,7363.25,7367.25,425
2026-07-30 07:44:00+00:00,7367.5,7368.0,7365.5,7365.75,320
2026-07-30 07:45:00+00:00,7365.5,7367.75,7365.25,7367.25,216
2026-07-30 07:46:00+00:00,7367.0,7367.5,7364.25,7364.75,251
2026-07-30 07:47:00+00:00,7364.5,7365.25,7364.25,7364.5,268
2026-07-30 07:48:00+00:00,7364.75,7367.0,7364.75,7367.0,412
2026-07-30 07:49:00+00:00,7366.75,7366.75,7364.5,7365.25,372
2026-07-30 07:50:00+00:00,7365.0,7365.75,7363.0,7365.25,342
2026-07-30 07:51:00+00:00,7365.0,7366.25,7364.25,7365.0,402
2026-07-30 07:52:00+00:00,7364.5,7365.25,7363.75,7364.25,296
2026-07-30 07:53:00+00:00,7364.25,7366.5,7363.5,7366.0,376
2026-07-30 07:54:00+00:00,7365.75,7365.75,7361.5,7361.75,381
2026-07-30 07:55:00+00:00,7361.75,7362.5,7361.0,7361.0,286
2026-07-30 07:56:00+00:00,7360.75,7361.75,7360.5,7361.25,279
2026-07-30 07:57:00+00:00,7361.25,7362.25,7361.0,7361.5,175
2026-07-30 07:58:00+00:00,7361.5,7362.75,7361.0,7362.5,160
2026-07-30 07:59:00+00:00,7362.5,7362.5,7358.5,7359.5,306
2026-07-30 08:00:00+00:00,7359.5,7360.0,7354.75,7356.75,1391
2026-07-30 08:01:00+00:00,7356.5,7357.5,7353.75,7355.25,796
2026-07-30 08:02:00+00:00,7355.5,7356.5,7351.5,7356.25,856
2026-07-30 08:03:00+00:00,7356.5,7356.75,7353.75,7354.0,572
2026-07-30 08:04:00+00:00,7354.0,7358.0,7353.75,7358.0,436
2026-07-30 08:05:00+00:00,7358.0,7361.0,7354.5,7360.0,456
2026-07-30 08:06:00+00:00,7360.25,7363.5,7359.5,7363.0,547
2026-07-30 08:07:00+00:00,7362.75,7366.0,7362.25,7365.75,431
2026-07-30 08:08:00+00:00,7365.75,7370.0,7365.75,7368.5,614
2026-07-30 08:09:00+00:00,7368.5,7370.25,7367.0,7370.0,658
2026-07-30 08:10:00+00:00,7369.75,7371.5,7369.25,7371.0,944
2026-07-30 08:11:00+00:00,7371.0,7371.0,7368.5,7369.25,405
2026-07-30 08:12:00+00:00,7369.25,7371.25,7369.25,7369.25,354
2026-07-30 08:13:00+00:00,7369.0,7370.0,7368.0,7368.75,311
2026-07-30 08:14:00+00:00,7368.5,7369.25,7367.75,7368.25,324
2026-07-30 08:15:00+00:00,7368.25,7369.0,7367.25,7367.5,440
2026-07-30 08:16:00+00:00,7367.75,7368.25,7366.75,7367.75,261
2026-07-30 08:17:00+00:00,7368.0,7370.0,7367.0,7369.25,631
2026-07-30 08:18:00+00:00,7369.0,7369.25,7367.0,7368.5,371
2026-07-30 08:19:00+00:00,7368.25,7368.25,7366.5,7366.5,268
2026-07-30 08:20:00+00:00,7366.75,7370.0,7366.25,7368.5,328
2026-07-30 08:21:00+00:00,7368.75,7371.5,7368.0,7371.5,299
2026-07-30 08:22:00+00:00,7371.5,7371.75,7369.75,7370.75,333
2026-07-30 08:23:00+00:00,7370.75,7374.5,7370.5,7374.25,418
2026-07-30 08:24:00+00:00,7374.0,7375.0,7372.75,7374.0,435
2026-07-30 08:25:00+00:00,7374.0,7376.25,7372.25,7376.25,567
2026-07-30 08:26:00+00:00,7376.5,7378.75,7376.25,7378.0,658
2026-07-30 08:27:00+00:00,7378.0,7378.5,7375.75,7375.75,403
2026-07-30 08:28:00+00:00,7375.5,7376.75,7375.25,7376.5,348
2026-07-30 08:29:00+00:00,7376.5,7377.0,7375.75,7376.5,183
2026-07-30 08:30:00+00:00,7376.5,7378.25,7375.75,7377.25,244
2026-07-30 08:31:00+00:00,7377.25,7377.75,7375.5,7376.5,306
2026-07-30 08:32:00+00:00,7376.25,7378.5,7376.0,7377.0,207
2026-07-30 08:33:00+00:00,7377.0,7378.75,7376.25,7377.0,218
2026-07-30 08:34:00+00:00,7376.75,7377.75,7376.25,7376.25,288
2026-07-30 08:35:00+00:00,7376.25,7377.25,7376.0,7376.25,409
2026-07-30 08:36:00+00:00,7376.25,7378.0,7375.5,7377.5,213
2026-07-30 08:37:00+00:00,7377.75,7378.25,7377.25,7377.25,318
2026-07-30 08:38:00+00:00,7377.25,7377.5,7373.75,7374.25,245
2026-07-30 08:39:00+00:00,7374.25,7374.25,7373.25,7373.75,163
2026-07-30 08:40:00+00:00,7373.5,7375.25,7373.25,7374.5,146
2026-07-30 08:41:00+00:00,7374.75,7375.0,7373.75,7374.25,119
2026-07-30 08:42:00+00:00,7374.5,7374.75,7373.0,7374.25,205
2026-07-30 08:43:00+00:00,7374.5,7375.25,7373.75,7375.0,192
2026-07-30 08:44:00+00:00,7375.25,7375.75,7374.0,7374.0,283
2026-07-30 08:45:00+00:00,7374.0,7375.0,7373.5,7374.5,249
2026-07-30 08:46:00+00:00,7374.5,7376.25,7374.25,7376.0,208
2026-07-30 08:47:00+00:00,7376.25,7376.25,7374.25,7374.5,122
2026-07-30 08:48:00+00:00,7374.75,7375.5,7372.25,7372.25,145
2026-07-30 08:49:00+00:00,7372.25,7373.5,7371.75,7372.75,279
2026-07-30 08:50:00+00:00,7372.75,7373.25,7372.25,7372.25,157
2026-07-30 08:51:00+00:00,7371.75,7373.75,7371.75,7373.75,131
2026-07-30 08:52:00+00:00,7373.5,7373.5,7372.25,7372.25,184
2026-07-30 08:53:00+00:00,7372.25,7372.75,7370.75,7371.75,216
2026-07-30 08:54:00+00:00,7372.0,7372.0,7371.0,7371.25,147
2026-07-30 08:55:00+00:00,7371.25,7371.5,7369.25,7369.25,234
2026-07-30 08:56:00+00:00,7369.5,7370.25,7368.75,7368.75,180
2026-07-30 08:57:00+00:00,7369.0,7371.5,7368.5,7371.5,224
2026-07-30 08:58:00+00:00,7371.75,7372.75,7371.0,7372.5,178
2026-07-30 08:59:00+00:00,7372.5,7373.0,7372.0,7372.75,194
2026-07-30 09:00:00+00:00,7372.5,7373.0,7371.5,7372.75,274
2026-07-30 09:01:00+00:00,7372.5,7373.75,7371.25,7372.75,258
2026-07-30 09:02:00+00:00,7372.75,7374.0,7372.75,7373.75,129
2026-07-30 09:03:00+00:00,7374.0,7375.25,7372.75,7373.0,213
2026-07-30 09:04:00+00:00,7373.0,7377.5,7373.0,7376.0,307
2026-07-30 09:05:00+00:00,7376.0,7376.25,7374.25,7375.75,145
2026-07-30 09:06:00+00:00,7375.75,7377.0,7375.75,7377.0,166
2026-07-30 09:07:00+00:00,7377.25,7378.0,7376.5,7377.75,295
2026-07-30 09:08:00+00:00,7378.0,7378.25,7377.25,7377.5,175
2026-07-30 09:09:00+00:00,7377.5,7377.75,7377.0,7377.25,172
2026-07-30 09:10:00+00:00,7377.0,7377.5,7375.75,7377.25,212
2026-07-30 09:11:00+00:00,7377.25,7377.75,7376.75,7377.25,257
2026-07-30 09:12:00+00:00,7377.0,7377.75,7376.5,7376.5,292
2026-07-30 09:13:00+00:00,7376.25,7377.5,7376.0,7376.5,188
2026-07-30 09:14:00+00:00,7376.5,7383.75,7376.5,7379.75,1289
2026-07-30 09:15:00+00:00,7380.0,7381.5,7378.0,7379.0,738
2026-07-30 09:16:00+00:00,7378.75,7381.75,7378.75,7381.25,250
2026-07-30 09:17:00+00:00,7381.5,7381.75,7380.5,7381.0,218
2026-07-30 09:18:00+00:00,7381.0,7381.25,7379.5,7380.0,173
2026-07-30 09:19:00+00:00,7380.0,7381.0,7379.0,7379.75,315
2026-07-30 09:20:00+00:00,7379.75,7382.0,7379.5,7381.5,319
2026-07-30 09:21:00+00:00,7381.5,7384.25,7380.25,7383.0,456
2026-07-30 09:22:00+00:00,7383.0,7383.5,7382.0,7382.5,204
2026-07-30 09:23:00+00:00,7382.75,7384.75,7382.5,7383.25,354
2026-07-30 09:24:00+00:00,7383.25,7385.0,7382.75,7383.75,442
2026-07-30 09:25:00+00:00,7383.5,7384.5,7382.0,7384.0,285
2026-07-30 09:26:00+00:00,7384.0,7384.75,7383.25,7384.25,204
2026-07-30 09:27:00+00:00,7384.5,7384.5,7383.25,7384.25,195
2026-07-30 09:28:00+00:00,7384.25,7385.0,7382.75,7383.0,214
2026-07-30 09:29:00+00:00,7383.25,7383.25,7382.5,7383.25,222
2026-07-30 09:30:00+00:00,7383.0,7383.25,7380.5,7381.25,258
2026-07-30 09:31:00+00:00,7381.25,7382.25,7381.0,7382.25,329
2026-07-30 09:32:00+00:00,7382.0,7383.0,7381.5,7382.75,165
2026-07-30 09:33:00+00:00,7382.5,7384.5,7382.5,7384.5,257
2026-07-30 09:34:00+00:00,7384.25,7386.0,7384.0,7385.75,443
2026-07-30 09:35:00+00:00,7385.75,7387.25,7385.5,7385.5,401
2026-07-30 09:36:00+00:00,7385.25,7386.75,7384.75,7386.75,254
2026-07-30 09:37:00+00:00,7386.75,7388.0,7386.5,7387.25,205
2026-07-30 09:38:00+00:00,7387.0,7387.0,7384.75,7385.0,262
2026-07-30 09:39:00+00:00,7385.0,7385.0,7383.25,7383.5,192
2026-07-30 09:40:00+00:00,7383.5,7384.0,7382.5,7383.0,299
2026-07-30 09:41:00+00:00,7383.0,7384.0,7381.75,7381.75,229
2026-07-30 09:42:00+00:00,7381.75,7382.75,7381.5,7382.25,272
2026-07-30 09:43:00+00:00,7382.5,7382.75,7381.25,7381.75,138
2026-07-30 09:44:00+00:00,7381.5,7383.0,7381.5,7382.75,158
2026-07-30 09:45:00+00:00,7382.75,7383.25,7382.25,7383.0,151
2026-07-30 09:46:00+00:00,7383.0,7384.25,7382.75,7383.75,116
2026-07-30 09:47:00+00:00,7384.0,7384.0,7383.5,7383.5,97
2026-07-30 09:48:00+00:00,7383.75,7384.5,7382.75,7382.75,136
2026-07-30 09:49:00+00:00,7382.75,7383.75,7382.5,7383.75,111
2026-07-30 09:50:00+00:00,7383.75,7384.25,7382.75,7382.75,129
2026-07-30 09:51:00+00:00,7383.0,7383.75,7382.5,7383.0,253
2026-07-30 09:52:00+00:00,7383.25,7383.5,7381.5,7382.0,210
2026-07-30 09:53:00+00:00,7381.75,7382.0,7381.5,7382.0,120
2026-07-30 09:54:00+00:00,7381.75,7383.25,7381.25,7383.0,354
2026-07-30 09:55:00+00:00,7382.75,7383.0,7381.75,7382.25,145
2026-07-30 09:56:00+00:00,7382.25,7382.25,7381.0,7381.5,256
2026-07-30 09:57:00+00:00,7381.75,7381.75,7379.75,7380.0,164
2026-07-30 09:58:00+00:00,7379.75,7380.0,7377.5,7377.75,312
2026-07-30 09:59:00+00:00,7377.75,7377.75,7374.0,7374.5,437
2026-07-30 10:00:00+00:00,7374.5,7376.25,7371.5,7374.75,566
2026-07-30 10:01:00+00:00,7374.75,7376.75,7374.0,7376.25,214
2026-07-30 10:02:00+00:00,7376.5,7376.75,7375.5,7376.0,224
2026-07-30 10:03:00+00:00,7376.25,7376.5,7375.25,7375.5,146
2026-07-30 10:04:00+00:00,7375.5,7376.0,7373.5,7374.0,252
2026-07-30 10:05:00+00:00,7374.25,7377.5,7374.0,7377.25,294
2026-07-30 10:06:00+00:00,7377.0,7377.75,7376.5,7377.5,229
2026-07-30 10:07:00+00:00,7377.5,7380.0,7376.5,7379.75,222
2026-07-30 10:08:00+00:00,7379.75,7379.75,7378.25,7379.0,150
2026-07-30 10:09:00+00:00,7379.25,7381.25,7379.0,7380.5,262
2026-07-30 10:10:00+00:00,7380.5,7382.25,7380.0,7380.0,178
2026-07-30 10:11:00+00:00,7380.0,7380.75,7379.0,7379.25,277
2026-07-30 10:12:00+00:00,7379.5,7379.5,7376.75,7377.75,216
2026-07-30 10:13:00+00:00,7377.75,7377.75,7376.0,7376.75,213
2026-07-30 10:14:00+00:00,7376.75,7377.25,7376.5,7377.25,97
2026-07-30 10:15:00+00:00,7377.5,7379.0,7377.0,7379.0,125
2026-07-30 10:16:00+00:00,7379.0,7381.25,7378.5,7379.5,301
2026-07-30 10:17:00+00:00,7379.75,7382.25,7379.25,7381.5,209
2026-07-30 10:18:00+00:00,7381.75,7383.75,7381.75,7383.25,201
2026-07-30 10:19:00+00:00,7383.5,7385.0,7382.75,7383.75,414
2026-07-30 10:20:00+00:00,7384.0,7384.75,7383.5,7384.5,248
2026-07-30 10:21:00+00:00,7384.5,7386.25,7383.75,7385.25,431
2026-07-30 10:22:00+00:00,7385.25,7386.25,7385.0,7386.25,332
2026-07-30 10:23:00+00:00,7386.25,7386.75,7385.75,7385.75,323
2026-07-30 10:24:00+00:00,7386.0,7386.5,7384.5,7385.75,402
2026-07-30 10:25:00+00:00,7385.5,7387.5,7385.25,7387.5,226
2026-07-30 10:26:00+00:00,7387.5,7388.5,7387.0,7387.75,303
2026-07-30 10:27:00+00:00,7387.5,7387.75,7385.75,7386.0,207
2026-07-30 10:28:00+00:00,7386.0,7386.75,7385.25,7386.0,152
2026-07-30 10:29:00+00:00,7386.0,7386.25,7385.25,7386.0,319
2026-07-30 10:30:00+00:00,7386.0,7387.0,7385.25,7386.0,223
2026-07-30 10:31:00+00:00,7385.75,7388.0,7385.5,7386.75,218
2026-07-30 10:32:00+00:00,7386.75,7387.0,7386.0,7386.25,173
2026-07-30 10:33:00+00:00,7386.5,7386.75,7385.25,7385.25,203
2026-07-30 10:34:00+00:00,7385.0,7385.5,7384.0,7385.0,350
2026-07-30 10:35:00+00:00,7385.0,7386.75,7385.0,7386.5,255
2026-07-30 10:36:00+00:00,7386.5,7388.0,7386.25,7387.25,155
2026-07-30 10:37:00+00:00,7387.25,7387.75,7386.75,7387.25,162
2026-07-30 10:38:00+00:00,7387.25,7388.25,7386.25,7386.25,308
2026-07-30 10:39:00+00:00,7386.0,7387.75,7385.75,7387.25,330
2026-07-30 10:40:00+00:00,7387.25,7391.0,7386.75,7389.75,595
2026-07-30 10:41:00+00:00,7389.5,7390.25,7387.5,7389.0,339
2026-07-30 10:42:00+00:00,7389.0,7389.25,7387.75,7388.25,197
2026-07-30 10:43:00+00:00,7388.5,7391.5,7388.25,7390.75,592
2026-07-30 10:44:00+00:00,7390.75,7391.25,7388.75,7389.75,450
2026-07-30 10:45:00+00:00,7389.5,7391.75,7388.75,7390.5,329
2026-07-30 10:46:00+00:00,7390.75,7391.75,7390.5,7391.25,305
2026-07-30 10:47:00+00:00,7391.0,7392.0,7390.25,7391.75,237
2026-07-30 10:48:00+00:00,7391.75,7392.0,7390.5,7390.5,419
2026-07-30 10:49:00+00:00,7390.5,7391.5,7389.25,7389.75,546
2026-07-30 10:50:00+00:00,7390.0,7392.5,7389.5,7392.25,721
2026-07-30 10:51:00+00:00,7392.0,7392.0,7390.25,7390.75,363
2026-07-30 10:52:00+00:00,7390.75,7392.0,7390.75,7391.25,303
2026-07-30 10:53:00+00:00,7391.25,7391.5,7387.75,7387.75,420
2026-07-30 10:54:00+00:00,7387.75,7388.0,7385.5,7385.75,506
2026-07-30 10:55:00+00:00,7385.5,7387.25,7385.5,7387.0,408
2026-07-30 10:56:00+00:00,7387.0,7387.0,7384.75,7385.0,351
2026-07-30 10:57:00+00:00,7385.0,7386.0,7384.25,7384.5,309
2026-07-30 10:58:00+00:00,7384.5,7385.0,7383.75,7384.25,372
2026-07-30 10:59:00+00:00,7384.25,7385.5,7384.0,7385.0,267
2026-07-30 11:00:00+00:00,7385.25,7389.0,7385.25,7388.25,646
2026-07-30 11:01:00+00:00,7388.25,7388.75,7387.25,7388.5,216
2026-07-30 11:02:00+00:00,7388.5,7390.75,7388.5,7388.75,406
2026-07-30 11:03:00+00:00,7389.0,7390.25,7388.25,7389.25,220
2026-07-30 11:04:00+00:00,7389.25,7389.5,7388.5,7389.0,255
2026-07-30 11:05:00+00:00,7388.75,7390.75,7388.75,7390.0,256
2026-07-30 11:06:00+00:00,7390.25,7392.25,7390.0,7392.0,339
2026-07-30 11:07:00+00:00,7392.0,7392.5,7390.75,7390.75,292
2026-07-30 11:08:00+00:00,7390.75,7391.75,7389.5,7391.75,320
2026-07-30 11:09:00+00:00,7391.5,7392.25,7391.25,7391.75,183
2026-07-30 11:10:00+00:00,7391.75,7393.0,7391.0,7391.0,314
2026-07-30 11:11:00+00:00,7391.0,7391.75,7390.25,7391.75,205
2026-07-30 11:12:00+00:00,7391.75,7392.75,7391.5,7392.0,198
2026-07-30 11:13:00+00:00,7392.0,7392.0,7389.0,7389.75,246
2026-07-30 11:14:00+00:00,7390.0,7390.5,7389.75,7390.5,137
2026-07-30 11:15:00+00:00,7390.5,7391.5,7389.75,7391.25,210
2026-07-30 11:16:00+00:00,7391.25,7393.75,7390.75,7393.0,316
2026-07-30 11:17:00+00:00,7393.25,7395.0,7393.0,7394.5,468
2026-07-30 11:18:00+00:00,7394.25,7395.0,7393.5,7393.75,370
2026-07-30 11:19:00+00:00,7393.75,7394.25,7392.5,7392.75,300
2026-07-30 11:20:00+00:00,7392.75,7393.75,7392.75,7393.0,195
2026-07-30 11:21:00+00:00,7393.0,7393.25,7392.0,7392.75,211
2026-07-30 11:22:00+00:00,7392.75,7393.25,7391.5,7393.0,148
2026-07-30 11:23:00+00:00,7393.0,7393.5,7391.75,7393.0,285
2026-07-30 11:24:00+00:00,7393.0,7396.25,7393.0,7396.0,351
2026-07-30 11:25:00+00:00,7396.0,7397.0,7395.5,7396.5,375
2026-07-30 11:26:00+00:00,7396.5,7397.25,7396.25,7396.75,332
2026-07-30 11:27:00+00:00,7397.0,7397.0,7395.5,7396.0,308
2026-07-30 11:28:00+00:00,7396.0,7397.75,7396.0,7396.5,450
2026-07-30 11:29:00+00:00,7396.25,7397.5,7396.25,7397.5,277
2026-07-30 11:30:00+00:00,7397.5,7398.0,7396.75,7397.25,387
2026-07-30 11:31:00+00:00,7397.25,7398.25,7397.0,7397.25,302
2026-07-30 11:32:00+00:00,7397.25,7399.0,7396.0,7396.0,611
2026-07-30 11:33:00+00:00,7395.75,7395.75,7394.75,7395.5,438
2026-07-30 11:34:00+00:00,7395.5,7396.5,7394.0,7395.0,303
2026-07-30 11:35:00+00:00,7395.0,7396.0,7395.0,7396.0,307
2026-07-30 11:36:00+00:00,7396.25,7397.25,7396.0,7397.25,329
2026-07-30 11:37:00+00:00,7397.5,7398.75,7396.75,7398.5,310
2026-07-30 11:38:00+00:00,7398.5,7399.0,7398.0,7399.0,199
2026-07-30 11:39:00+00:00,7399.0,7399.25,7396.25,7396.25,442
2026-07-30 11:40:00+00:00,7396.25,7397.5,7396.25,7397.0,243
2026-07-30 11:41:00+00:00,7397.25,7397.5,7394.5,7394.75,321
2026-07-30 11:42:00+00:00,7394.75,7397.0,7393.75,7396.75,380
2026-07-30 11:43:00+00:00,7397.0,7399.0,7397.0,7398.0,274
2026-07-30 11:44:00+00:00,7398.0,7398.0,7395.0,7395.25,597
2026-07-30 11:45:00+00:00,7395.25,7398.5,7395.25,7398.5,475
2026-07-30 11:46:00+00:00,7398.75,7398.75,7397.5,7398.0,242
2026-07-30 11:47:00+00:00,7398.0,7398.75,7397.0,7397.25,258
2026-07-30 11:48:00+00:00,7397.0,7398.0,7396.75,7398.0,371
2026-07-30 11:49:00+00:00,7398.0,7398.5,7397.75,7398.25,225
2026-07-30 11:50:00+00:00,7398.25,7400.0,7398.0,7399.75,533
2026-07-30 11:51:00+00:00,7399.75,7400.0,7397.75,7397.75,430
2026-07-30 11:52:00+00:00,7397.75,7399.0,7397.25,7397.25,437
2026-07-30 11:53:00+00:00,7397.25,7399.75,7397.25,7399.75,492
2026-07-30 11:54:00+00:00,7399.75,7401.75,7399.5,7401.25,674
2026-07-30 11:55:00+00:00,7401.0,7402.0,7399.5,7399.75,644
2026-07-30 11:56:00+00:00,7399.75,7400.75,7399.5,7400.0,451
2026-07-30 11:57:00+00:00,7400.0,7400.5,7399.5,7400.0,457
2026-07-30 11:58:00+00:00,7400.0,7401.25,7400.0,7400.5,536
2026-07-30 11:59:00+00:00,7400.5,7400.5,7398.75,7399.75,459
2026-07-30 12:00:00+00:00,7399.5,7400.75,7398.25,7398.25,504
2026-07-30 12:01:00+00:00,7398.25,7398.5,7395.75,7396.25,767
2026-07-30 12:02:00+00:00,7396.25,7399.25,7396.0,7398.75,752
2026-07-30 12:03:00+00:00,7399.0,7402.25,7398.0,7402.25,567
2026-07-30 12:04:00+00:00,7402.5,7403.25,7402.0,7402.75,804
2026-07-30 12:05:00+00:00,7402.5,7403.0,7401.75,7402.75,567
2026-07-30 12:06:00+00:00,7402.75,7403.5,7402.25,7403.25,341
2026-07-30 12:07:00+00:00,7403.25,7403.75,7401.5,7403.0,413
2026-07-30 12:08:00+00:00,7403.0,7403.5,7401.75,7401.75,364
2026-07-30 12:09:00+00:00,7401.75,7403.75,7401.75,7403.0,267
2026-07-30 12:10:00+00:00,7403.25,7404.25,7403.0,7403.5,564
2026-07-30 12:11:00+00:00,7403.5,7403.75,7401.75,7401.75,570
2026-07-30 12:12:00+00:00,7402.0,7403.25,7401.25,7402.25,609
2026-07-30 12:13:00+00:00,7402.25,7403.75,7402.0,7403.25,298
2026-07-30 12:14:00+00:00,7403.25,7404.75,7403.0,7404.25,419
2026-07-30 12:15:00+00:00,7404.25,7404.75,7403.0,7403.5,321
2026-07-30 12:16:00+00:00,7403.25,7404.0,7402.75,7403.25,419
2026-07-30 12:17:00+00:00,7403.25,7403.25,7402.0,7402.5,433
2026-07-30 12:18:00+00:00,7402.5,7403.5,7402.25,7403.5,591
2026-07-30 12:19:00+00:00,7403.5,7403.75,7402.0,7402.5,408
2026-07-30 12:20:00+00:00,7402.25,7402.25,7398.25,7399.25,663
2026-07-30 12:21:00+00:00,7399.5,7400.75,7399.25,7399.5,517
2026-07-30 12:22:00+00:00,7399.25,7399.75,7398.25,7398.75,675
2026-07-30 12:23:00+00:00,7399.0,7401.0,7398.5,7401.0,712
2026-07-30 12:24:00+00:00,7401.0,7403.0,7401.0,7402.25,499
2026-07-30 12:25:00+00:00,7402.25,7403.25,7401.0,7401.75,271
2026-07-30 12:26:00+00:00,7401.5,7403.0,7401.0,7402.25,587
2026-07-30 12:27:00+00:00,7402.25,7402.25,7399.0,7399.0,474
2026-07-30 12:28:00+00:00,7399.0,7399.0,7396.25,7397.0,581
2026-07-30 12:29:00+00:00,7397.0,7400.75,7396.0,7399.75,711
2026-07-30 12:30:00+00:00,7399.75,7406.0,7399.25,7403.0,2362
2026-07-30 12:31:00+00:00,7402.5,7402.5,7398.25,7398.75,923
2026-07-30 12:32:00+00:00,7398.75,7399.25,7396.25,7397.0,1197
2026-07-30 12:33:00+00:00,7397.0,7398.0,7395.25,7395.25,694
2026-07-30 12:34:00+00:00,7395.75,7398.5,7393.25,7396.5,1235
2026-07-30 12:35:00+00:00,7396.5,7398.75,7394.75,7398.75,690
2026-07-30 12:36:00+00:00,7398.75,7400.75,7397.25,7398.25,979
2026-07-30 12:37:00+00:00,7398.0,7398.75,7394.75,7395.0,767
2026-07-30 12:38:00+00:00,7395.0,7396.25,7394.75,7396.0,673
2026-07-30 12:39:00+00:00,7396.0,7397.0,7394.75,7396.75,749
2026-07-30 12:40:00+00:00,7396.5,7396.75,7393.25,7393.75,859
2026-07-30 12:41:00+00:00,7393.75,7397.5,7393.5,7394.0,1175
2026-07-30 12:42:00+00:00,7394.0,7397.75,7393.5,7396.25,1572
2026-07-30 12:43:00+00:00,7396.25,7396.25,7393.0,7395.75,775
2026-07-30 12:44:00+00:00,7395.5,7395.75,7394.25,7395.0,449
2026-07-30 12:45:00+00:00,7395.25,7396.5,7394.75,7396.0,613
2026-07-30 12:46:00+00:00,7396.0,7396.5,7393.5,7395.0,644
2026-07-30 12:47:00+00:00,7394.75,7395.25,7392.75,7394.75,892
2026-07-30 12:48:00+00:00,7394.75,7396.5,7394.0,7396.25,404
2026-07-30 12:49:00+00:00,7396.5,7396.5,7394.75,7396.25,565
2026-07-30 12:50:00+00:00,7396.25,7397.0,7394.75,7396.25,566
2026-07-30 12:51:00+00:00,7396.5,7397.75,7395.25,7397.75,524
2026-07-30 12:52:00+00:00,7397.75,7398.25,7396.25,7397.0,756
2026-07-30 12:53:00+00:00,7396.75,7397.5,7396.0,7397.5,291
2026-07-30 12:54:00+00:00,7397.5,7399.25,7396.5,7398.0,528
2026-07-30 12:55:00+00:00,7398.0,7398.25,7396.75,7396.75,369
2026-07-30 12:56:00+00:00,7397.0,7398.25,7396.25,7398.0,426
2026-07-30 12:57:00+00:00,7397.75,7400.0,7397.0,7398.5,472
2026-07-30 12:58:00+00:00,7398.75,7400.75,7398.5,7399.0,664
2026-07-30 12:59:00+00:00,7399.25,7400.0,7398.25,7398.75,462
2026-07-30 13:00:00+00:00,7398.75,7403.5,7397.75,7402.25,1808
2026-07-30 13:01:00+00:00,7402.25,7404.75,7402.0,7403.75,1320
2026-07-30 13:02:00+00:00,7403.75,7404.75,7403.0,7403.25,886
2026-07-30 13:03:00+00:00,7403.25,7403.75,7402.0,7403.5,921
2026-07-30 13:04:00+00:00,7403.75,7404.75,7403.0,7403.75,820
2026-07-30 13:05:00+00:00,7403.75,7405.5,7403.5,7405.25,1124
2026-07-30 13:06:00+00:00,7405.5,7406.5,7404.5,7405.75,1371
2026-07-30 13:07:00+00:00,7405.75,7410.0,7405.25,7406.25,3188
2026-07-30 13:08:00+00:00,7406.0,7406.5,7404.0,7405.0,1067
2026-07-30 13:09:00+00:00,7405.0,7405.0,7402.75,7402.75,847
2026-07-30 13:10:00+00:00,7402.75,7403.25,7400.75,7400.75,1103
2026-07-30 13:11:00+00:00,7401.0,7402.0,7400.25,7401.25,655
2026-07-30 13:12:00+00:00,7401.0,7403.5,7400.5,7402.5,923
2026-07-30 13:13:00+00:00,7402.5,7406.0,7402.5,7404.0,1185
2026-07-30 13:14:00+00:00,7404.0,7404.25,7401.5,7402.5,746
2026-07-30 13:15:00+00:00,7402.5,7403.25,7401.25,7403.25,622
2026-07-30 13:16:00+00:00,7403.25,7404.0,7402.75,7403.0,775
2026-07-30 13:17:00+00:00,7402.75,7403.25,7402.25,7403.0,396
2026-07-30 13:18:00+00:00,7403.25,7405.75,7402.5,7405.5,1046
2026-07-30 13:19:00+00:00,7405.5,7408.0,7405.25,7407.75,2016
2026-07-30 13:20:00+00:00,7407.75,7407.75,7405.0,7405.5,1064
2026-07-30 13:21:00+00:00,7405.75,7405.75,7404.5,7404.75,540
2026-07-30 13:22:00+00:00,7404.75,7406.0,7404.25,7405.75,684
2026-07-30 13:23:00+00:00,7405.75,7407.0,7405.25,7406.25,788
2026-07-30 13:24:00+00:00,7406.0,7407.25,7405.25,7406.75,972
2026-07-30 13:25:00+00:00,7407.0,7410.0,7406.5,7406.75,2194
2026-07-30 13:26:00+00:00,7406.75,7407.75,7406.5,7407.5,842
2026-07-30 13:27:00+00:00,7407.25,7407.75,7405.5,7406.75,1793
2026-07-30 13:28:00+00:00,7407.0,7408.75,7406.0,7408.25,2786
2026-07-30 13:29:00+00:00,7408.5,7414.75,7407.75,7414.0,4283
2026-07-30 13:30:00+00:00,7414.25,7416.25,7405.75,7409.25,14984
2026-07-30 13:31:00+00:00,7409.25,7411.25,7407.0,7409.0,7192
2026-07-30 13:32:00+00:00,7409.0,7411.75,7407.5,7408.5,6793
2026-07-30 13:33:00+00:00,7408.5,7410.0,7403.75,7407.0,5960
2026-07-30 13:34:00+00:00,7407.0,7411.25,7404.5,7408.5,6406
2026-07-30 13:35:00+00:00,7408.5,7412.0,7404.25,7409.75,6359
2026-07-30 13:36:00+00:00,7409.5,7412.25,7407.25,7411.25,6650
2026-07-30 13:37:00+00:00,7411.0,7414.0,7405.75,7414.0,6487
2026-07-30 13:38:00+00:00,7414.0,7414.5,7407.75,7409.0,7062
2026-07-30 13:39:00+00:00,7409.25,7409.75,7403.25,7407.0,6004
2026-07-30 13:40:00+00:00,7407.0,7408.25,7399.75,7400.75,7749
2026-07-30 13:41:00+00:00,7401.0,7407.5,7400.25,7405.25,5943
2026-07-30 13:42:00+00:00,7405.0,7414.0,7404.0,7412.25,5139
2026-07-30 13:43:00+00:00,7412.25,7418.5,7411.75,7418.25,6505
2026-07-30 13:44:00+00:00,7418.25,7421.5,7417.0,7417.5,6284
2026-07-30 13:45:00+00:00,7417.25,7423.0,7416.75,7422.0,6588
2026-07-30 13:46:00+00:00,7422.25,7427.25,7421.0,7426.25,8244
2026-07-30 13:47:00+00:00,7426.25,7426.5,7421.75,7424.75,6063
2026-07-30 13:48:00+00:00,7425.0,7426.5,7423.0,7425.0,4273
2026-07-30 13:49:00+00:00,7425.0,7427.75,7424.25,7427.5,4102
2026-07-30 13:50:00+00:00,7427.5,7437.0,7424.0,7434.5,11747
2026-07-30 13:51:00+00:00,7434.5,7437.25,7431.5,7432.25,6646
2026-07-30 13:52:00+00:00,7432.25,7432.5,7425.75,7429.5,6507
2026-07-30 13:53:00+00:00,7429.25,7435.0,7428.5,7429.75,5784
2026-07-30 13:54:00+00:00,7429.75,7433.5,7429.0,7432.25,3913
2026-07-30 13:55:00+00:00,7432.25,7434.25,7429.25,7432.75,4921
2026-07-30 13:56:00+00:00,7432.75,7434.0,7429.75,7432.0,4034
2026-07-30 13:57:00+00:00,7431.75,7434.75,7430.25,7433.25,5183
2026-07-30 13:58:00+00:00,7433.0,7434.25,7430.5,7434.25,4778
2026-07-30 13:59:00+00:00,7434.25,7440.0,7433.75,7439.75,6617
2026-07-30 14:00:00+00:00,7439.5,7440.5,7436.25,7440.25,6549
2026-07-30 14:01:00+00:00,7440.5,7442.5,7437.75,7440.75,6676
2026-07-30 14:02:00+00:00,7440.5,7443.75,7438.25,7440.25,5649
2026-07-30 14:03:00+00:00,7440.5,7440.5,7434.25,7437.25,6208
2026-07-30 14:04:00+00:00,7437.5,7441.5,7436.5,7439.25,4369
2026-07-30 14:05:00+00:00,7439.25,7442.25,7436.0,7439.5,6387
2026-07-30 14:06:00+00:00,7439.5,7443.0,7437.0,7440.0,5506
2026-07-30 14:07:00+00:00,7440.0,7440.75,7434.0,7434.5,5091
2026-07-30 14:08:00+00:00,7434.5,7435.0,7430.0,7431.25,6227
2026-07-30 14:09:00+00:00,7431.25,7431.75,7428.75,7431.0,5473
2026-07-30 14:10:00+00:00,7431.0,7433.25,7428.0,7429.75,6297
2026-07-30 14:11:00+00:00,7429.75,7434.25,7427.5,7433.75,5067
2026-07-30 14:12:00+00:00,7433.75,7435.25,7431.0,7432.75,4626
2026-07-30 14:13:00+00:00,7432.75,7433.0,7428.75,7429.75,4467
2026-07-30 14:14:00+00:00,7430.0,7433.5,7429.75,7433.0,3586
2026-07-30 14:15:00+00:00,7433.0,7434.5,7431.25,7434.25,3398
2026-07-30 14:16:00+00:00,7434.25,7437.25,7432.75,7436.5,3495
2026-07-30 14:17:00+00:00,7436.5,7438.25,7432.0,7432.25,5587
2026-07-30 14:18:00+00:00,7432.25,7432.5,7426.75,7431.0,6822
2026-07-30 14:19:00+00:00,7430.75,7432.25,7428.0,7431.0,4022
2026-07-30 14:20:00+00:00,7431.25,7432.75,7429.25,7431.75,4796
2026-07-30 14:21:00+00:00,7431.75,7437.0,7431.75,7435.0,5134
2026-07-30 14:22:00+00:00,7435.0,7437.0,7431.75,7436.25,3733
2026-07-30 14:23:00+00:00,7436.5,7439.25,7434.75,7435.0,2769
2026-07-30 14:24:00+00:00,7435.0,7436.75,7430.5,7432.75,4333
2026-07-30 14:25:00+00:00,7432.75,7434.5,7431.75,7434.25,3067
2026-07-30 14:26:00+00:00,7434.0,7436.0,7430.5,7434.75,3556
2026-07-30 14:27:00+00:00,7434.75,7441.0,7434.0,7440.5,5009
2026-07-30 14:28:00+00:00,7440.5,7446.5,7440.25,7443.5,5229
2026-07-30 14:29:00+00:00,7443.25,7444.5,7438.75,7439.5,3626
2026-07-30 14:30:00+00:00,7439.75,7440.25,7434.75,7439.5,4769
2026-07-30 14:31:00+00:00,7439.75,7442.0,7437.0,7441.0,3664
2026-07-30 14:32:00+00:00,7441.0,7441.75,7438.75,7440.5,2818
2026-07-30 14:33:00+00:00,7440.5,7440.5,7436.25,7438.0,3096
2026-07-30 14:34:00+00:00,7438.0,7439.0,7433.25,7436.5,4699
2026-07-30 14:35:00+00:00,7436.5,7436.75,7433.0,7434.0,2989
2026-07-30 14:36:00+00:00,7434.0,7442.25,7433.5,7441.25,4611
2026-07-30 14:37:00+00:00,7441.0,7442.75,7439.0,7441.75,4299
2026-07-30 14:38:00+00:00,7441.5,7441.5,7438.25,7438.75,3127
2026-07-30 14:39:00+00:00,7438.75,7441.0,7438.0,7440.25,3990
2026-07-30 14:40:00+00:00,7440.0,7443.25,7438.75,7442.75,3219
2026-07-30 14:41:00+00:00,7442.5,7444.5,7441.5,7443.75,2667
2026-07-30 14:42:00+00:00,7443.75,7444.5,7438.5,7438.5,3661
2026-07-30 14:43:00+00:00,7438.5,7438.5,7433.5,7433.75,4354
2026-07-30 14:44:00+00:00,7433.75,7433.75,7430.0,7431.75,3994
2026-07-30 14:45:00+00:00,7431.5,7434.0,7428.5,7433.75,4525
2026-07-30 14:46:00+00:00,7434.0,7434.5,7429.25,7430.0,3886
2026-07-30 14:47:00+00:00,7430.0,7431.75,7426.25,7426.5,4511
2026-07-30 14:48:00+00:00,7426.5,7426.5,7421.25,7424.5,4931
2026-07-30 14:49:00+00:00,7424.25,7427.0,7421.5,7425.25,4826
2026-07-30 14:50:00+00:00,7425.25,7426.75,7422.75,7423.5,3953
2026-07-30 14:51:00+00:00,7423.75,7425.0,7420.0,7423.0,3999
2026-07-30 14:52:00+00:00,7422.75,7423.25,7419.75,7419.75,4376
2026-07-30 14:53:00+00:00,7419.75,7420.25,7416.5,7417.5,5070
2026-07-30 14:54:00+00:00,7417.25,7417.5,7413.75,7415.0,5575
2026-07-30 14:55:00+00:00,7415.0,7415.5,7411.5,7414.5,5044
2026-07-30 14:56:00+00:00,7414.5,7415.25,7408.75,7411.25,5383
2026-07-30 14:57:00+00:00,7411.25,7414.0,7409.25,7413.0,4060
2026-07-30 14:58:00+00:00,7413.0,7415.75,7411.25,7415.0,4937
2026-07-30 14:59:00+00:00,7415.25,7418.75,7414.25,7415.25,5934
2026-07-30 15:00:00+00:00,7415.25,7415.75,7406.0,7407.75,6001
2026-07-30 15:01:00+00:00,7407.75,7410.0,7406.0,7407.25,5719
2026-07-30 15:02:00+00:00,7407.0,7412.25,7405.25,7412.25,4988
2026-07-30 15:03:00+00:00,7412.25,7417.25,7410.75,7417.0,4549
2026-07-30 15:04:00+00:00,7416.75,7419.0,7412.25,7415.25,4266
2026-07-30 15:05:00+00:00,7415.25,7417.0,7413.75,7414.5,3647
2026-07-30 15:06:00+00:00,7414.5,7415.0,7410.25,7411.0,4882
2026-07-30 15:07:00+00:00,7411.25,7413.0,7408.0,7408.75,4350
2026-07-30 15:08:00+00:00,7408.75,7412.25,7406.75,7412.25,4971
2026-07-30 15:09:00+00:00,7412.25,7421.25,7411.0,7420.5,6071
2026-07-30 15:10:00+00:00,7420.25,7420.75,7411.25,7412.25,3812
2026-07-30 15:11:00+00:00,7412.25,7412.5,7406.25,7407.5,4362
2026-07-30 15:12:00+00:00,7407.25,7409.0,7406.0,7408.0,3540
2026-07-30 15:13:00+00:00,7408.0,7408.0,7402.25,7403.5,4760
2026-07-30 15:14:00+00:00,7403.25,7405.5,7401.0,7401.5,4192
2026-07-30 15:15:00+00:00,7401.5,7407.0,7399.0,7407.0,5585
2026-07-30 15:16:00+00:00,7406.75,7410.25,7405.75,7406.75,4751
2026-07-30 15:17:00+00:00,7407.0,7409.25,7402.5,7403.75,3641
2026-07-30 15:18:00+00:00,7403.5,7407.25,7403.25,7406.75,3080
2026-07-30 15:19:00+00:00,7406.5,7408.0,7405.25,7407.75,2853
2026-07-30 15:20:00+00:00,7407.75,7408.0,7405.0,7407.5,3775
2026-07-30 15:21:00+00:00,7407.25,7414.5,7407.0,7412.0,6515
2026-07-30 15:22:00+00:00,7412.0,7413.75,7409.5,7411.75,3753
2026-07-30 15:23:00+00:00,7411.5,7412.0,7405.0,7409.25,4509
2026-07-30 15:24:00+00:00,7409.0,7409.25,7405.5,7407.25,2996
2026-07-30 15:25:00+00:00,7407.0,7411.5,7403.25,7404.25,3974
2026-07-30 15:26:00+00:00,7404.5,7406.25,7399.0,7406.0,5057
2026-07-30 15:27:00+00:00,7405.75,7407.0,7402.75,7403.5,3726
2026-07-30 15:28:00+00:00,7403.25,7404.25,7401.0,7403.0,3544
2026-07-30 15:29:00+00:00,7403.0,7404.75,7400.0,7401.0,3678
2026-07-30 15:30:00+00:00,7400.75,7402.75,7399.25,7400.75,4231
2026-07-30 15:31:00+00:00,7401.0,7405.0,7400.5,7402.75,3316
2026-07-30 15:32:00+00:00,7402.75,7406.0,7402.5,7404.25,3123
2026-07-30 15:33:00+00:00,7404.0,7405.75,7402.0,7405.75,3489
2026-07-30 15:34:00+00:00,7405.75,7414.0,7404.0,7414.0,5660
2026-07-30 15:35:00+00:00,7413.75,7415.5,7411.0,7411.75,4462
2026-07-30 15:36:00+00:00,7411.5,7417.75,7411.5,7417.75,3301
2026-07-30 15:37:00+00:00,7417.5,7417.5,7408.25,7408.75,3282
2026-07-30 15:38:00+00:00,7408.75,7410.75,7407.25,7409.5,3277
2026-07-30 15:39:00+00:00,7409.25,7412.5,7408.5,7412.25,2868
2026-07-30 15:40:00+00:00,7412.25,7415.25,7410.5,7413.75,3500
2026-07-30 15:41:00+00:00,7413.5,7416.25,7412.75,7415.25,1985
2026-07-30 15:42:00+00:00,7415.0,7417.5,7412.75,7417.25,2629
2026-07-30 15:43:00+00:00,7417.5,7420.5,7416.25,7420.25,3624
2026-07-30 15:44:00+00:00,7420.0,7422.75,7419.0,7419.25,4698
2026-07-30 15:45:00+00:00,7419.5,7422.25,7419.25,7421.25,2407
2026-07-30 15:46:00+00:00,7421.0,7424.5,7420.5,7423.5,2759
2026-07-30 15:47:00+00:00,7423.5,7425.75,7423.5,7424.25,4435
2026-07-30 15:48:00+00:00,7424.5,7425.0,7421.75,7422.25,2011
2026-07-30 15:49:00+00:00,7422.0,7424.0,7420.0,7423.75,2212
2026-07-30 15:50:00+00:00,7424.0,7425.25,7420.5,7421.5,2759
2026-07-30 15:51:00+00:00,7421.25,7424.0,7418.5,7424.0,2640
2026-07-30 15:52:00+00:00,7423.75,7423.75,7416.25,7419.5,2942
2026-07-30 15:53:00+00:00,7419.25,7424.0,7419.0,7423.25,3414
2026-07-30 15:54:00+00:00,7423.25,7425.25,7421.75,7425.0,2548
2026-07-30 15:55:00+00:00,7425.25,7428.75,7425.25,7428.0,3260
2026-07-30 15:56:00+00:00,7428.0,7430.0,7427.0,7427.0,4068
2026-07-30 15:57:00+00:00,7427.0,7428.75,7425.75,7428.25,2961
2026-07-30 15:58:00+00:00,7428.5,7428.75,7425.5,7426.75,2192
2026-07-30 15:59:00+00:00,7426.5,7426.5,7423.5,7424.5,2418
2026-07-30 16:00:00+00:00,7424.5,7425.0,7421.75,7423.5,3509
2026-07-30 16:01:00+00:00,7423.5,7429.0,7422.5,7428.0,3307
2026-07-30 16:02:00+00:00,7428.0,7430.75,7426.75,7430.75,3824
2026-07-30 16:03:00+00:00,7431.0,7432.0,7430.0,7431.0,3089
2026-07-30 16:04:00+00:00,7431.25,7436.5,7431.0,7436.0,6745
2026-07-30 16:05:00+00:00,7436.0,7437.5,7433.25,7434.0,3840
2026-07-30 16:06:00+00:00,7434.25,7435.75,7433.0,7433.0,2277
2026-07-30 16:07:00+00:00,7433.25,7434.5,7432.0,7434.25,2167
2026-07-30 16:08:00+00:00,7434.5,7435.75,7432.75,7435.25,1986
2026-07-30 16:09:00+00:00,7435.5,7435.75,7433.5,7435.0,1758
2026-07-30 16:10:00+00:00,7434.75,7438.25,7434.5,7437.0,2344
2026-07-30 16:11:00+00:00,7437.25,7439.5,7436.0,7439.5,2772
2026-07-30 16:12:00+00:00,7439.25,7441.25,7438.5,7441.25,2526
2026-07-30 16:13:00+00:00,7441.25,7443.0,7441.25,7442.75,4574
2026-07-30 16:14:00+00:00,7442.75,7443.0,7440.5,7441.75,2380
2026-07-30 16:15:00+00:00,7441.75,7443.0,7441.5,7441.75,2319
2026-07-30 16:16:00+00:00,7441.75,7444.0,7441.75,7443.75,2527
2026-07-30 16:17:00+00:00,7444.0,7444.0,7441.5,7444.0,2240
2026-07-30 16:18:00+00:00,7444.0,7444.75,7441.5,7444.0,2400
2026-07-30 16:19:00+00:00,7444.25,7445.5,7442.25,7442.75,2414
2026-07-30 16:20:00+00:00,7442.75,7444.75,7442.0,7444.0,2822
2026-07-30 16:21:00+00:00,7443.75,7444.75,7442.75,7444.5,1892
2026-07-30 16:22:00+00:00,7444.5,7444.5,7441.75,7441.75,2354
2026-07-30 16:23:00+00:00,7442.0,7442.0,7439.25,7441.25,3249
2026-07-30 16:24:00+00:00,7441.25,7442.0,7439.25,7440.0,2574
2026-07-30 16:25:00+00:00,7440.0,7440.5,7439.0,7440.0,2328
2026-07-30 16:26:00+00:00,7439.75,7441.25,7439.25,7440.5,2096
2026-07-30 16:27:00+00:00,7440.5,7443.0,7440.5,7442.75,1914
2026-07-30 16:28:00+00:00,7443.0,7443.25,7440.5,7441.5,1985
2026-07-30 16:29:00+00:00,7441.75,7442.25,7440.0,7441.0,2221
2026-07-30 16:30:00+00:00,7441.0,7442.5,7438.0,7438.5,2507
2026-07-30 16:31:00+00:00,7438.5,7439.25,7436.75,7438.75,2170
2026-07-30 16:32:00+00:00,7438.75,7440.5,7437.5,7440.5,1999
2026-07-30 16:33:00+00:00,7440.5,7441.25,7439.25,7440.75,2273
2026-07-30 16:34:00+00:00,7440.75,7442.0,7439.75,7441.0,2989
2026-07-30 16:35:00+00:00,7441.25,7444.25,7440.75,7442.0,3365
2026-07-30 16:36:00+00:00,7442.0,7443.5,7441.0,7442.0,1928
2026-07-30 16:37:00+00:00,7442.25,7442.25,7439.25,7440.0,1658
2026-07-30 16:38:00+00:00,7440.0,7440.5,7438.5,7439.25,1309
2026-07-30 16:39:00+00:00,7439.5,7440.25,7438.25,7438.5,1376
2026-07-30 16:40:00+00:00,7438.75,7439.0,7434.25,7434.5,3204
2026-07-30 16:41:00+00:00,7434.5,7436.0,7432.25,7434.25,3003
2026-07-30 16:42:00+00:00,7434.5,7435.0,7431.5,7432.25,2389
2026-07-30 16:43:00+00:00,7432.5,7436.0,7431.25,7433.5,3969
2026-07-30 16:44:00+00:00,7433.75,7434.5,7433.0,7434.25,2282
2026-07-30 16:45:00+00:00,7434.25,7438.75,7433.75,7438.0,2942
2026-07-30 16:46:00+00:00,7437.75,7441.5,7437.75,7439.25,2883
2026-07-30 16:47:00+00:00,7439.5,7440.5,7438.0,7438.5,1605
2026-07-30 16:48:00+00:00,7438.75,7439.5,7438.0,7438.25,1332
2026-07-30 16:49:00+00:00,7438.0,7440.0,7437.75,7439.25,1365
2026-07-30 16:50:00+00:00,7439.5,7440.5,7436.5,7437.75,2154
2026-07-30 16:51:00+00:00,7437.75,7442.5,7437.75,7442.0,1805
2026-07-30 16:52:00+00:00,7442.25,7445.75,7441.75,7445.25,3270
2026-07-30 16:53:00+00:00,7445.25,7445.5,7442.75,7443.75,1943
2026-07-30 16:54:00+00:00,7444.0,7444.75,7443.5,7443.5,1247
2026-07-30 16:55:00+00:00,7443.75,7445.25,7442.5,7444.75,1932
2026-07-30 16:56:00+00:00,7444.5,7445.5,7443.75,7444.5,1155
2026-07-30 16:57:00+00:00,7444.5,7444.75,7442.75,7442.75,941
2026-07-30 16:58:00+00:00,7442.75,7444.0,7441.75,7444.0,1354
2026-07-30 16:59:00+00:00,7444.0,7444.25,7443.25,7443.75,1028
2026-07-30 17:00:00+00:00,7443.75,7453.25,7443.75,7452.0,7109
2026-07-30 17:01:00+00:00,7451.75,7454.75,7451.5,7454.25,2583
2026-07-30 17:02:00+00:00,7454.5,7454.5,7451.5,7452.0,2491
2026-07-30 17:03:00+00:00,7452.0,7453.25,7451.25,7451.75,1886
2026-07-30 17:04:00+00:00,7451.75,7454.0,7451.75,7453.5,1186
2026-07-30 17:05:00+00:00,7453.75,7454.25,7452.5,7453.25,1957
2026-07-30 17:06:00+00:00,7453.25,7455.5,7452.75,7453.25,2804
2026-07-30 17:07:00+00:00,7453.25,7453.5,7450.75,7451.5,1473
2026-07-30 17:08:00+00:00,7451.25,7452.0,7450.25,7451.5,1473
2026-07-30 17:09:00+00:00,7451.5,7451.75,7450.0,7451.75,1350
2026-07-30 17:10:00+00:00,7452.0,7454.0,7451.5,7452.5,1302
2026-07-30 17:11:00+00:00,7452.5,7453.0,7450.5,7452.75,1276
2026-07-30 17:12:00+00:00,7453.0,7453.25,7449.5,7450.75,3017
2026-07-30 17:13:00+00:00,7451.0,7451.75,7450.5,7451.25,1222
2026-07-30 17:14:00+00:00,7451.0,7452.0,7450.75,7451.0,1165
2026-07-30 17:15:00+00:00,7450.75,7452.25,7450.5,7450.5,1134
2026-07-30 17:16:00+00:00,7450.5,7454.5,7450.25,7454.0,1318
2026-07-30 17:17:00+00:00,7454.0,7455.0,7453.5,7454.0,1238
2026-07-30 17:18:00+00:00,7453.75,7454.25,7452.25,7452.5,1199
2026-07-30 17:19:00+00:00,7452.5,7456.5,7452.25,7456.0,1667
2026-07-30 17:20:00+00:00,7456.0,7456.0,7453.75,7455.5,1377
2026-07-30 17:21:00+00:00,7455.5,7455.75,7454.0,7455.0,1126
2026-07-30 17:22:00+00:00,7455.0,7455.0,7451.5,7452.25,1266
2026-07-30 17:23:00+00:00,7452.25,7454.25,7451.75,7454.0,913
2026-07-30 17:24:00+00:00,7453.75,7454.25,7452.5,7453.5,1019
2026-07-30 17:25:00+00:00,7453.5,7453.75,7451.75,7452.75,931
2026-07-30 17:26:00+00:00,7452.5,7452.75,7451.0,7452.0,754
2026-07-30 17:27:00+00:00,7452.0,7454.0,7452.0,7452.75,1050
2026-07-30 17:28:00+00:00,7452.75,7453.0,7450.5,7451.75,1349
2026-07-30 17:29:00+00:00,7451.5,7452.0,7450.75,7451.75,1775
2026-07-30 17:30:00+00:00,7451.75,7454.25,7451.25,7452.25,2239
2026-07-30 17:31:00+00:00,7452.5,7452.5,7451.0,7451.75,880
2026-07-30 17:32:00+00:00,7451.75,7451.75,7450.25,7450.5,790
2026-07-30 17:33:00+00:00,7450.25,7451.0,7448.5,7449.5,1392
2026-07-30 17:34:00+00:00,7449.5,7449.75,7448.0,7449.25,1095
2026-07-30 17:35:00+00:00,7449.5,7451.5,7449.25,7451.5,1195
2026-07-30 17:36:00+00:00,7451.5,7453.0,7450.75,7452.75,1247
2026-07-30 17:37:00+00:00,7452.75,7453.25,7448.5,7449.5,1814
2026-07-30 17:38:00+00:00,7449.5,7449.75,7445.75,7449.0,2603
2026-07-30 17:39:00+00:00,7449.0,7449.0,7446.75,7447.5,1366
2026-07-30 17:40:00+00:00,7447.25,7450.5,7447.25,7449.75,1667
2026-07-30 17:41:00+00:00,7450.0,7451.75,7449.75,7451.25,1508
2026-07-30 17:42:00+00:00,7451.0,7453.75,7451.0,7451.75,1978
2026-07-30 17:43:00+00:00,7451.75,7455.5,7451.5,7453.75,2792
2026-07-30 17:44:00+00:00,7453.5,7454.0,7452.5,7453.25,1398
2026-07-30 17:45:00+00:00,7453.25,7454.5,7452.75,7452.75,1675
2026-07-30 17:46:00+00:00,7452.75,7455.5,7452.5,7454.75,1495
2026-07-30 17:47:00+00:00,7454.75,7455.5,7453.25,7453.5,1168
2026-07-30 17:48:00+00:00,7453.5,7455.0,7453.0,7454.75,943
2026-07-30 17:49:00+00:00,7454.75,7454.75,7452.5,7452.5,1007
2026-07-30 17:50:00+00:00,7452.75,7454.75,7452.0,7454.75,1313
2026-07-30 17:51:00+00:00,7454.75,7457.75,7454.25,7456.75,1884
2026-07-30 17:52:00+00:00,7457.0,7457.25,7453.5,7454.75,1464
2026-07-30 17:53:00+00:00,7455.0,7455.0,7452.5,7452.5,1247
2026-07-30 17:54:00+00:00,7452.25,7454.0,7452.25,7452.5,1053
2026-07-30 17:55:00+00:00,7452.5,7453.0,7450.25,7453.0,1364
2026-07-30 17:56:00+00:00,7453.0,7453.25,7451.5,7452.75,937
2026-07-30 17:57:00+00:00,7452.5,7453.75,7452.0,7453.25,717
2026-07-30 17:58:00+00:00,7453.0,7453.25,7450.75,7451.75,767
2026-07-30 17:59:00+00:00,7451.5,7453.25,7451.0,7451.5,887
2026-07-30 18:00:00+00:00,7451.75,7454.75,7451.75,7454.25,1253
2026-07-30 18:01:00+00:00,7454.25,7456.25,7454.0,7455.5,936
2026-07-30 18:02:00+00:00,7455.5,7456.75,7454.5,7455.75,1403
2026-07-30 18:03:00+00:00,7455.75,7456.25,7453.5,7453.75,1415
2026-07-30 18:04:00+00:00,7453.75,7454.0,7450.75,7451.0,1064
2026-07-30 18:05:00+00:00,7451.0,7453.5,7450.5,7453.0,1160
2026-07-30 18:06:00+00:00,7452.75,7454.5,7452.75,7454.5,895
2026-07-30 18:07:00+00:00,7454.5,7455.0,7453.25,7453.75,909
2026-07-30 18:08:00+00:00,7453.75,7455.25,7452.75,7455.25,1774
2026-07-30 18:09:00+00:00,7455.25,7455.75,7454.25,7454.75,1316
2026-07-30 18:10:00+00:00,7454.75,7455.5,7454.0,7454.75,1411
2026-07-30 18:11:00+00:00,7454.75,7455.5,7453.75,7455.25,1122
2026-07-30 18:12:00+00:00,7455.25,7455.25,7453.5,7455.0,1170
2026-07-30 18:13:00+00:00,7455.0,7455.25,7454.0,7455.0,796
2026-07-30 18:14:00+00:00,7454.75,7456.75,7454.5,7456.0,1171
2026-07-30 18:15:00+00:00,7455.75,7456.75,7454.75,7455.25,1528
2026-07-30 18:16:00+00:00,7455.5,7456.5,7455.0,7455.5,1027
2026-07-30 18:17:00+00:00,7455.5,7455.5,7454.25,7455.25,1028
2026-07-30 18:18:00+00:00,7455.25,7457.0,7454.75,7456.5,1230
2026-07-30 18:19:00+00:00,7456.25,7456.25,7454.5,7455.5,890
2026-07-30 18:20:00+00:00,7455.25,7456.25,7454.25,7455.75,1143
2026-07-30 18:21:00+00:00,7455.5,7457.75,7455.25,7457.0,1125
2026-07-30 18:22:00+00:00,7457.0,7458.0,7456.0,7457.75,1491
2026-07-30 18:23:00+00:00,7457.5,7458.0,7456.25,7457.0,1042
2026-07-30 18:24:00+00:00,7456.75,7457.5,7456.5,7456.75,656
2026-07-30 18:25:00+00:00,7456.75,7457.75,7456.0,7456.25,1068
2026-07-30 18:26:00+00:00,7456.0,7456.5,7455.0,7455.75,1290
2026-07-30 18:27:00+00:00,7456.0,7457.0,7456.0,7456.5,863
2026-07-30 18:28:00+00:00,7456.5,7457.75,7455.75,7457.25,967
2026-07-30 18:29:00+00:00,7457.25,7457.75,7456.75,7457.5,833
2026-07-30 18:30:00+00:00,7457.5,7459.75,7457.0,7459.0,1650
2026-07-30 18:31:00+00:00,7459.0,7459.25,7456.0,7457.5,1608
2026-07-30 18:32:00+00:00,7457.25,7457.5,7455.5,7456.5,992
2026-07-30 18:33:00+00:00,7456.5,7457.75,7456.25,7456.75,774
2026-07-30 18:34:00+00:00,7456.75,7457.0,7455.5,7457.0,981
2026-07-30 18:35:00+00:00,7456.75,7457.0,7455.75,7456.75,1010
2026-07-30 18:36:00+00:00,7456.5,7457.25,7456.0,7456.5,888
2026-07-30 18:37:00+00:00,7456.5,7456.75,7454.0,7455.25,1400
2026-07-30 18:38:00+00:00,7455.25,7457.25,7454.75,7455.0,1125
2026-07-30 18:39:00+00:00,7455.0,7455.5,7454.0,7454.75,1854
2026-07-30 18:40:00+00:00,7454.75,7457.25,7454.5,7456.75,1514
2026-07-30 18:41:00+00:00,7456.5,7457.0,7455.0,7455.25,1535
2026-07-30 18:42:00+00:00,7455.25,7456.75,7454.5,7455.0,920
2026-07-30 18:43:00+00:00,7455.0,7456.25,7455.0,7455.75,910
2026-07-30 18:44:00+00:00,7455.75,7457.5,7455.25,7457.0,890
2026-07-30 18:45:00+00:00,7457.0,7458.0,7456.75,7458.0,1879
2026-07-30 18:46:00+00:00,7458.0,7459.0,7457.25,7458.75,1300
2026-07-30 18:47:00+00:00,7459.0,7459.5,7458.25,7459.25,1147
2026-07-30 18:48:00+00:00,7459.25,7459.5,7458.0,7458.0,1192
2026-07-30 18:49:00+00:00,7458.25,7459.0,7458.0,7459.0,908
2026-07-30 18:50:00+00:00,7459.0,7460.75,7458.75,7459.25,1865
2026-07-30 18:51:00+00:00,7459.25,7459.5,7457.75,7458.75,1746
2026-07-30 18:52:00+00:00,7458.75,7460.0,7458.5,7459.0,1076
2026-07-30 18:53:00+00:00,7458.75,7460.25,7458.5,7459.75,1575
2026-07-30 18:54:00+00:00,7459.75,7460.25,7458.75,7459.0,1074
2026-07-30 18:55:00+00:00,7458.75,7460.0,7458.5,7458.75,1171
2026-07-30 18:56:00+00:00,7458.75,7460.0,7457.5,7459.75,1230
2026-07-30 18:57:00+00:00,7459.75,7460.0,7458.75,7459.5,950
2026-07-30 18:58:00+00:00,7459.25,7460.0,7458.75,7459.25,1121
2026-07-30 18:59:00+00:00,7459.25,7462.5,7459.25,7461.5,2549
2026-07-30 19:00:00+00:00,7461.5,7464.25,7461.25,7464.0,3002
2026-07-30 19:01:00+00:00,7464.0,7465.5,7463.75,7464.75,1938
2026-07-30 19:02:00+00:00,7465.0,7467.5,7465.0,7465.5,2421
2026-07-30 19:03:00+00:00,7465.5,7466.25,7464.75,7464.75,1299
2026-07-30 19:04:00+00:00,7464.75,7466.5,7464.5,7466.25,1542
2026-07-30 19:05:00+00:00,7466.25,7467.25,7465.5,7467.0,1606
2026-07-30 19:06:00+00:00,7467.0,7468.25,7466.0,7468.25,2032
2026-07-30 19:07:00+00:00,7468.25,7470.0,7467.75,7469.5,2311
2026-07-30 19:08:00+00:00,7469.5,7471.0,7468.75,7470.75,2568
2026-07-30 19:09:00+00:00,7470.5,7472.25,7470.5,7471.75,2248
2026-07-30 19:10:00+00:00,7471.75,7477.0,7471.75,7475.5,4449
2026-07-30 19:11:00+00:00,7475.5,7476.0,7473.75,7473.75,2029
2026-07-30 19:12:00+00:00,7473.75,7477.75,7473.75,7476.5,3117
2026-07-30 19:13:00+00:00,7476.25,7476.75,7475.0,7476.0,2125
2026-07-30 19:14:00+00:00,7475.75,7476.5,7474.25,7474.25,2056
2026-07-30 19:15:00+00:00,7474.5,7475.0,7471.5,7473.0,2501
2026-07-30 19:16:00+00:00,7473.0,7475.75,7473.0,7475.75,1517
2026-07-30 19:17:00+00:00,7476.0,7476.5,7475.25,7476.25,1255
2026-07-30 19:18:00+00:00,7476.25,7478.5,7475.5,7478.0,2246
2026-07-30 19:19:00+00:00,7477.75,7477.75,7476.0,7476.75,1386
2026-07-30 19:20:00+00:00,7476.75,7477.0,7475.25,7476.0,1554
2026-07-30 19:21:00+00:00,7476.0,7476.75,7474.75,7474.75,1388
2026-07-30 19:22:00+00:00,7474.75,7475.5,7473.25,7473.5,1407
2026-07-30 19:23:00+00:00,7473.75,7475.25,7473.25,7475.0,1593
2026-07-30 19:24:00+00:00,7475.25,7476.0,7474.0,7474.25,1385
2026-07-30 19:25:00+00:00,7474.25,7475.25,7473.75,7474.25,1579
2026-07-30 19:26:00+00:00,7474.0,7475.5,7473.75,7475.25,1234
2026-07-30 19:27:00+00:00,7475.25,7475.75,7473.5,7474.25,1183
2026-07-30 19:28:00+00:00,7474.0,7475.0,7473.0,7473.5,1173
2026-07-30 19:29:00+00:00,7473.5,7473.75,7471.25,7471.5,2335
2026-07-30 19:30:00+00:00,7471.5,7473.5,7471.0,7473.0,2470
2026-07-30 19:31:00+00:00,7473.25,7473.5,7471.0,7472.5,1559
2026-07-30 19:32:00+00:00,7472.5,7472.75,7470.25,7470.75,1711
2026-07-30 19:33:00+00:00,7470.75,7472.0,7470.5,7471.75,2070
2026-07-30 19:34:00+00:00,7471.75,7472.75,7470.25,7471.5,2267
2026-07-30 19:35:00+00:00,7471.75,7472.5,7470.25,7470.25,1896
2026-07-30 19:36:00+00:00,7470.25,7470.5,7468.0,7468.5,3122
2026-07-30 19:37:00+00:00,7468.5,7471.25,7468.25,7470.5,1818
2026-07-30 19:38:00+00:00,7470.5,7472.75,7470.0,7470.75,1800
2026-07-30 19:39:00+00:00,7471.0,7472.0,7470.25,7471.0,1859
2026-07-30 19:40:00+00:00,7471.0,7471.75,7469.25,7470.25,2164
2026-07-30 19:41:00+00:00,7470.25,7472.25,7470.0,7471.5,2014
2026-07-30 19:42:00+00:00,7471.5,7471.5,7468.5,7470.5,1908
2026-07-30 19:43:00+00:00,7470.25,7472.75,7469.75,7472.0,1929
2026-07-30 19:44:00+00:00,7472.0,7472.5,7471.5,7471.75,1663
2026-07-30 19:45:00+00:00,7471.5,7472.5,7470.5,7471.75,2523
2026-07-30 19:46:00+00:00,7471.75,7472.5,7470.0,7470.0,2209
2026-07-30 19:47:00+00:00,7470.0,7470.5,7468.75,7469.75,2408
2026-07-30 19:48:00+00:00,7469.75,7470.0,7468.0,7468.0,2014
2026-07-30 19:49:00+00:00,7468.0,7470.25,7467.0,7470.0,3191
2026-07-30 19:50:00+00:00,7470.25,7471.25,7466.75,7468.5,5455
2026-07-30 19:51:00+00:00,7468.25,7469.0,7465.5,7467.5,3717
2026-07-30 19:52:00+00:00,7467.75,7469.0,7467.0,7469.0,3445
2026-07-30 19:53:00+00:00,7469.0,7470.0,7466.0,7466.0,4884
2026-07-30 19:54:00+00:00,7466.25,7470.0,7465.75,7468.5,5396
2026-07-30 19:55:00+00:00,7468.25,7468.5,7464.25,7466.25,6331
2026-07-30 19:56:00+00:00,7466.0,7471.5,7466.0,7468.5,5951
2026-07-30 19:57:00+00:00,7468.5,7471.0,7468.0,7470.5,6064
2026-07-30 19:58:00+00:00,7470.75,7472.5,7468.5,7470.0,10597
2026-07-30 19:59:00+00:00,7470.25,7476.5,7467.75,7472.75,61073
2026-07-30 20:00:00+00:00,7472.75,7474.75,7468.0,7471.5,13287
2026-07-30 20:01:00+00:00,7471.0,7492.0,7470.75,7489.25,5947
2026-07-30 20:02:00+00:00,7489.0,7490.25,7484.0,7489.25,4255
2026-07-30 20:03:00+00:00,7489.25,7490.5,7485.5,7486.0,3105
2026-07-30 20:04:00+00:00,7486.0,7492.0,7484.75,7491.75,3002
2026-07-30 20:05:00+00:00,7491.75,7492.0,7486.75,7488.5,2588
2026-07-30 20:06:00+00:00,7488.75,7490.5,7487.25,7487.5,1880
2026-07-30 20:07:00+00:00,7487.5,7490.75,7487.25,7488.0,1456
2026-07-30 20:08:00+00:00,7487.75,7489.0,7485.25,7485.5,1510
2026-07-30 20:09:00+00:00,7485.75,7485.75,7483.0,7483.5,1413
2026-07-30 20:10:00+00:00,7483.25,7484.75,7480.5,7483.75,2258
2026-07-30 20:11:00+00:00,7484.0,7484.5,7480.0,7480.75,1362
2026-07-30 20:12:00+00:00,7480.75,7485.25,7480.25,7485.0,1871
2026-07-30 20:13:00+00:00,7485.25,7487.25,7484.75,7486.75,1065
2026-07-30 20:14:00+00:00,7486.5,7488.75,7486.25,7486.75,1443
2026-07-30 20:15:00+00:00,7486.75,7490.75,7486.5,7490.75,954
2026-07-30 20:16:00+00:00,7490.75,7491.0,7488.75,7489.25,1118
2026-07-30 20:17:00+00:00,7489.0,7489.5,7486.0,7487.0,1450
2026-07-30 20:18:00+00:00,7487.0,7489.75,7485.25,7489.0,1545
2026-07-30 20:19:00+00:00,7489.25,7491.0,7489.25,7490.25,743
2026-07-30 20:20:00+00:00,7490.25,7492.0,7490.0,7490.75,707
2026-07-30 20:21:00+00:00,7490.5,7490.5,7488.0,7488.5,562
2026-07-30 20:22:00+00:00,7488.25,7491.0,7488.0,7490.0,410
2026-07-30 20:23:00+00:00,7489.75,7492.0,7489.75,7491.5,729
2026-07-30 20:24:00+00:00,7491.5,7491.5,7490.0,7490.5,421
2026-07-30 20:25:00+00:00,7490.75,7490.75,7488.75,7489.5,466
2026-07-30 20:26:00+00:00,7489.5,7490.75,7489.25,7490.25,464
2026-07-30 20:27:00+00:00,7490.25,7490.5,7488.75,7488.75,492
2026-07-30 20:28:00+00:00,7489.0,7491.25,7488.75,7490.5,575
2026-07-30 20:29:00+00:00,7490.75,7491.25,7489.75,7490.25,374
2026-07-30 20:30:00+00:00,7490.5,7498.0,7480.0,7481.25,3316
2026-07-30 20:31:00+00:00,7481.5,7485.25,7479.25,7480.5,1580
2026-07-30 20:32:00+00:00,7480.25,7485.25,7480.0,7484.5,1593
2026-07-30 20:33:00+00:00,7484.5,7487.75,7483.5,7485.0,855
2026-07-30 20:34:00+00:00,7485.25,7486.0,7484.25,7484.75,553
2026-07-30 20:35:00+00:00,7484.75,7485.0,7480.75,7481.5,596
2026-07-30 20:36:00+00:00,7481.5,7481.75,7479.25,7481.0,644
2026-07-30 20:37:00+00:00,7481.0,7481.25,7478.75,7481.0,626
2026-07-30 20:38:00+00:00,7481.25,7481.75,7479.5,7481.5,671
2026-07-30 20:39:00+00:00,7481.5,7482.75,7480.25,7481.5,711
2026-07-30 20:40:00+00:00,7481.25,7481.5,7478.25,7479.0,760
2026-07-30 20:41:00+00:00,7479.0,7480.0,7476.25,7478.25,617
2026-07-30 20:42:00+00:00,7478.25,7481.75,7478.25,7481.75,1184
2026-07-30 20:43:00+00:00,7481.25,7481.5,7479.75,7480.75,450
2026-07-30 20:44:00+00:00,7480.75,7481.5,7479.0,7481.0,355
2026-07-30 20:45:00+00:00,7480.75,7482.0,7479.0,7479.75,533
2026-07-30 20:46:00+00:00,7480.0,7480.25,7478.25,7478.5,500
2026-07-30 20:47:00+00:00,7478.75,7479.0,7477.5,7478.25,352
2026-07-30 20:48:00+00:00,7478.0,7478.25,7476.5,7477.0,864
2026-07-30 20:49:00+00:00,7477.0,7478.25,7475.75,7477.0,911
2026-07-30 20:50:00+00:00,7477.0,7478.25,7474.25,7474.5,690
2026-07-30 20:51:00+00:00,7474.5,7476.25,7474.25,7475.0,779
2026-07-30 20:52:00+00:00,7474.75,7476.5,7472.5,7473.75,559
2026-07-30 20:53:00+00:00,7473.75,7475.5,7473.75,7475.5,1156
2026-07-30 20:54:00+00:00,7475.75,7476.5,7473.25,7475.0,564
2026-07-30 20:55:00+00:00,7475.0,7476.75,7475.0,7475.5,427
2026-07-30 20:56:00+00:00,7475.5,7475.75,7472.0,7473.5,775
2026-07-30 20:57:00+00:00,7473.75,7474.25,7473.25,7473.5,299
2026-07-30 20:58:00+00:00,7473.5,7476.75,7473.5,7476.0,486
2026-07-30 20:59:00+00:00,7476.25,7476.75,7473.5,7474.5,581
2026-07-30 22:00:00+00:00,7479.5,7479.5,7468.25,7471.0,0
2026-07-30 22:01:00+00:00,7471.25,7477.75,7470.5,7477.0,477
2026-07-30 22:02:00+00:00,7477.0,7478.0,7475.25,7477.5,306
2026-07-30 22:03:00+00:00,7477.5,7479.5,7477.0,7478.25,197
2026-07-30 22:04:00+00:00,7478.25,7478.75,7477.5,7478.25,151
2026-07-30 22:05:00+00:00,7478.5,7479.0,7476.75,7478.0,182
2026-07-30 22:06:00+00:00,7478.0,7478.0,7476.0,7476.5,197
2026-07-30 22:07:00+00:00,7476.25,7477.75,7476.25,7477.75,233
2026-07-30 22:08:00+00:00,7477.75,7478.0,7475.25,7477.75,189
2026-07-30 22:09:00+00:00,7477.5,7479.75,7477.5,7479.0,302
2026-07-30 22:10:00+00:00,7479.25,7479.75,7478.25,7479.75,135
2026-07-30 22:11:00+00:00,7479.75,7480.25,7478.75,7479.75,192
2026-07-30 22:12:00+00:00,7479.5,7479.5,7476.25,7477.0,136
2026-07-30 22:13:00+00:00,7477.0,7477.25,7475.0,7475.0,274
2026-07-30 22:14:00+00:00,7475.0,7477.0,7474.75,7476.5,167
2026-07-30 22:15:00+00:00,7476.25,7478.0,7476.25,7477.75,118
2026-07-30 22:16:00+00:00,7477.5,7480.75,7477.5,7479.75,250
2026-07-30 22:17:00+00:00,7479.75,7480.5,7479.0,7480.25,125
2026-07-30 22:18:00+00:00,7480.0,7480.25,7476.5,7477.5,217
2026-07-30 22:19:00+00:00,7477.0,7478.5,7477.0,7477.75,163
2026-07-30 22:20:00+00:00,7477.75,7478.75,7476.25,7476.5,280
2026-07-30 22:21:00+00:00,7476.5,7476.75,7475.25,7475.25,210
2026-07-30 22:22:00+00:00,7475.0,7476.0,7474.75,7475.25,216
2026-07-30 22:23:00+00:00,7475.0,7475.25,7472.75,7474.0,261
2026-07-30 22:24:00+00:00,7474.0,7474.25,7473.0,7473.25,95
2026-07-30 22:25:00+00:00,7473.25,7476.0,7473.25,7476.0,231
2026-07-30 22:26:00+00:00,7475.75,7476.0,7474.75,7475.0,215
2026-07-30 22:27:00+00:00,7475.0,7475.75,7474.25,7475.25,229
2026-07-30 22:28:00+00:00,7475.25,7475.75,7474.75,7475.75,108
2026-07-30 22:29:00+00:00,7475.75,7475.75,7474.0,7475.0,100
2026-07-30 22:30:00+00:00,7475.0,7475.25,7474.25,7474.5,101
2026-07-30 22:31:00+00:00,7474.25,7474.25,7472.5,7472.75,259
2026-07-30 22:32:00+00:00,7472.75,7473.5,7472.5,7473.0,94
2026-07-30 22:33:00+00:00,7473.25,7475.5,7473.0,7474.5,116
2026-07-30 22:34:00+00:00,7474.5,7476.75,7474.25,7476.5,193
2026-07-30 22:35:00+00:00,7476.75,7478.5,7476.25,7478.5,187
2026-07-30 22:36:00+00:00,7478.25,7479.0,7477.75,7478.75,162
2026-07-30 22:37:00+00:00,7478.75,7480.25,7478.5,7479.75,154
2026-07-30 22:38:00+00:00,7479.5,7480.25,7479.5,7479.75,78
2026-07-30 22:39:00+00:00,7479.75,7480.5,7478.75,7480.25,119
2026-07-30 22:40:00+00:00,7480.0,7480.5,7479.0,7480.25,117
2026-07-30 22:41:00+00:00,7479.75,7480.25,7479.25,7479.75,127
2026-07-30 22:42:00+00:00,7479.75,7481.25,7479.5,7480.75,133
2026-07-30 22:43:00+00:00,7480.5,7480.75,7480.25,7480.75,55
2026-07-30 22:44:00+00:00,7481.0,7482.5,7481.0,7482.25,151
2026-07-30 22:45:00+00:00,7482.25,7482.75,7481.75,7482.75,135
2026-07-30 22:46:00+00:00,7482.75,7483.75,7482.5,7482.75,157
2026-07-30 22:47:00+00:00,7482.75,7483.0,7482.25,7482.75,100
2026-07-30 22:48:00+00:00,7482.5,7482.75,7482.25,7482.5,70
2026-07-30 22:49:00+00:00,7482.75,7483.0,7482.25,7482.75,47
2026-07-30 22:50:00+00:00,7482.75,7482.75,7481.75,7482.75,91
2026-07-30 22:51:00+00:00,7482.75,7483.25,7481.5,7482.75,198
2026-07-30 22:52:00+00:00,7482.75,7483.5,7482.75,7483.25,98
2026-07-30 22:53:00+00:00,7483.25,7484.25,7483.25,7484.0,101
2026-07-30 22:54:00+00:00,7484.0,7485.0,7483.75,7484.0,142
2026-07-30 22:55:00+00:00,7484.0,7485.0,7483.5,7485.0,85
2026-07-30 22:56:00+00:00,7484.75,7485.5,7484.75,7485.0,140
2026-07-30 22:57:00+00:00,7484.75,7484.75,7484.0,7484.25,97
2026-07-30 22:58:00+00:00,7484.25,7485.0,7484.0,7484.75,114
2026-07-30 22:59:00+00:00,7484.5,7485.5,7484.5,7484.5,90
2026-07-30 23:00:00+00:00,7484.5,7487.0,7484.5,7485.0,234
2026-07-30 23:01:00+00:00,7485.25,7488.25,7485.25,7488.25,254
2026-07-30 23:02:00+00:00,7488.0,7488.5,7486.75,7487.5,145
2026-07-30 23:03:00+00:00,7487.5,7489.25,7487.0,7489.0,221
2026-07-30 23:04:00+00:00,7489.0,7489.0,7488.5,7488.75,116
2026-07-30 23:05:00+00:00,7488.5,7489.25,7488.5,7488.5,108
2026-07-30 23:06:00+00:00,7488.75,7488.75,7488.0,7488.25,163
2026-07-30 23:07:00+00:00,7488.0,7488.25,7487.5,7488.0,73
2026-07-30 23:08:00+00:00,7487.75,7487.75,7486.75,7486.75,109
2026-07-30 23:09:00+00:00,7486.75,7487.25,7484.75,7484.75,169
2026-07-30 23:10:00+00:00,7485.0,7485.25,7483.25,7483.5,175
2026-07-30 23:11:00+00:00,7483.5,7483.75,7482.5,7483.25,148
2026-07-30 23:12:00+00:00,7483.0,7483.75,7482.5,7482.5,110
2026-07-30 23:13:00+00:00,7482.75,7483.25,7482.25,7483.25,131
2026-07-30 23:14:00+00:00,7483.0,7483.25,7482.75,7483.0,42
2026-07-30 23:15:00+00:00,7482.75,7483.25,7482.75,7483.0,47
2026-07-30 23:16:00+00:00,7483.0,7483.0,7482.0,7482.0,91
2026-07-30 23:17:00+00:00,7482.0,7482.25,7481.0,7481.75,113
2026-07-30 23:18:00+00:00,7481.75,7482.5,7481.25,7482.25,54
2026-07-30 23:19:00+00:00,7482.25,7482.5,7482.0,7482.0,54
2026-07-30 23:20:00+00:00,7481.75,7482.0,7481.5,7481.75,55
2026-07-30 23:21:00+00:00,7481.75,7482.0,7480.25,7480.75,95
2026-07-30 23:22:00+00:00,7480.75,7481.5,7480.75,7481.5,71
2026-07-30 23:23:00+00:00,7481.5,7481.5,7480.75,7481.0,49
2026-07-30 23:24:00+00:00,7481.0,7481.0,7480.75,7480.75,47
2026-07-30 23:25:00+00:00,7481.0,7484.0,7481.0,7482.75,138
2026-07-30 23:26:00+00:00,7482.75,7483.75,7482.25,7483.0,114
2026-07-30 23:27:00+00:00,7482.75,7483.25,7482.75,7483.0,22
2026-07-30 23:28:00+00:00,7482.75,7483.0,7482.75,7482.75,37
2026-07-30 23:29:00+00:00,7482.75,7483.5,7482.0,7482.75,29
2026-07-30 23:30:00+00:00,7482.75,7482.75,7482.0,7482.25,52
2026-07-30 23:31:00+00:00,7482.5,7484.0,7482.5,7483.25,91
2026-07-30 23:32:00+00:00,7483.0,7485.25,7482.5,7485.25,123
2026-07-30 23:33:00+00:00,7485.0,7485.25,7483.5,7485.25,93
2026-07-30 23:34:00+00:00,7485.25,7485.25,7484.0,7484.25,60
2026-07-30 23:35:00+00:00,7484.0,7484.25,7483.5,7484.25,50
2026-07-30 23:36:00+00:00,7484.5,7484.5,7484.0,7484.5,20
2026-07-30 23:37:00+00:00,7484.25,7484.25,7483.5,7484.0,61
2026-07-30 23:38:00+00:00,7484.0,7485.0,7483.0,7484.0,77
2026-07-30 23:39:00+00:00,7484.0,7486.5,7483.75,7485.75,93
2026-07-30 23:40:00+00:00,7485.5,7486.5,7485.5,7485.75,93
2026-07-30 23:41:00+00:00,7485.5,7487.5,7485.5,7487.0,145
2026-07-30 23:42:00+00:00,7487.0,7487.5,7486.0,7486.0,90
2026-07-30 23:43:00+00:00,7485.75,7487.25,7485.5,7487.25,175
2026-07-30 23:44:00+00:00,7487.0,7487.75,7486.75,7487.75,142
2026-07-30 23:45:00+00:00,7487.75,7488.75,7486.0,7488.75,257
2026-07-30 23:46:00+00:00,7488.5,7489.5,7487.75,7488.5,180
2026-07-30 23:47:00+00:00,7488.75,7490.5,7488.5,7488.5,188
2026-07-30 23:48:00+00:00,7488.5,7489.5,7488.5,7489.25,135
2026-07-30 23:49:00+00:00,7489.25,7490.0,7489.25,7489.75,119
2026-07-30 23:50:00+00:00,7489.5,7489.5,7485.5,7485.5,279
2026-07-30 23:51:00+00:00,7485.5,7489.0,7485.0,7489.0,187
2026-07-30 23:52:00+00:00,7489.0,7490.75,7488.75,7490.0,202
2026-07-30 23:53:00+00:00,7490.0,7490.25,7489.25,7489.5,113
2026-07-30 23:54:00+00:00,7489.5,7490.0,7489.0,7490.0,87
2026-07-30 23:55:00+00:00,7490.0,7491.5,7490.0,7491.0,126
2026-07-30 23:56:00+00:00,7491.0,7491.5,7490.5,7491.5,126
2026-07-30 23:57:00+00:00,7491.25,7491.25,7490.5,7490.75,79
2026-07-30 23:58:00+00:00,7490.75,7490.75,7488.5,7489.0,122
2026-07-30 23:59:00+00:00,7488.5,7489.25,7487.75,7487.75,126
2026-07-31 00:00:00+00:00,7487.75,7488.5,7486.5,7487.5,470
2026-07-31 00:01:00+00:00,7487.5,7488.0,7486.0,7486.75,328
2026-07-31 00:02:00+00:00,7486.5,7487.25,7484.75,7486.0,441
2026-07-31 00:03:00+00:00,7486.0,7490.25,7485.75,7489.0,573
2026-07-31 00:04:00+00:00,7489.5,7490.5,7488.75,7489.0,180
2026-07-31 00:05:00+00:00,7489.5,7491.0,7489.0,7490.5,129
2026-07-31 00:06:00+00:00,7491.0,7493.5,7490.25,7490.75,584
2026-07-31 00:07:00+00:00,7490.5,7491.75,7490.5,7491.75,187
2026-07-31 00:08:00+00:00,7491.75,7493.0,7491.0,7491.75,195
2026-07-31 00:09:00+00:00,7491.75,7493.75,7491.75,7491.75,167
2026-07-31 00:10:00+00:00,7491.75,7492.25,7490.5,7491.25,164
2026-07-31 00:11:00+00:00,7491.25,7492.5,7491.0,7492.25,322
2026-07-31 00:12:00+00:00,7492.0,7492.5,7491.0,7492.0,196
2026-07-31 00:13:00+00:00,7491.75,7493.5,7491.75,7493.25,209
2026-07-31 00:14:00+00:00,7493.5,7496.5,7493.5,7495.75,484
2026-07-31 00:15:00+00:00,7495.5,7497.75,7495.5,7496.75,789
2026-07-31 00:16:00+00:00,7496.75,7496.75,7493.5,7494.25,506
2026-07-31 00:17:00+00:00,7494.25,7494.5,7493.25,7493.25,158
2026-07-31 00:18:00+00:00,7493.25,7494.75,7493.0,7494.5,130
2026-07-31 00:19:00+00:00,7494.5,7497.25,7494.5,7497.0,156
2026-07-31 00:20:00+00:00,7497.0,7498.0,7496.0,7497.25,267
2026-07-31 00:21:00+00:00,7497.25,7497.5,7493.75,7493.75,198
2026-07-31 00:22:00+00:00,7493.75,7494.5,7493.0,7493.5,133
2026-07-31 00:23:00+00:00,7493.75,7494.75,7493.5,7494.5,125
2026-07-31 00:24:00+00:00,7494.75,7495.75,7493.5,7494.5,151
2026-07-31 00:25:00+00:00,7494.5,7494.5,7493.75,7494.0,78
2026-07-31 00:26:00+00:00,7494.25,7495.0,7494.0,7494.0,94
2026-07-31 00:27:00+00:00,7493.75,7494.5,7493.5,7494.25,116
2026-07-31 00:28:00+00:00,7494.5,7494.75,7493.5,7494.25,94
2026-07-31 00:29:00+00:00,7494.0,7494.5,7493.25,7494.25,120
2026-07-31 00:30:00+00:00,7494.0,7496.5,7493.75,7496.5,171
2026-07-31 00:31:00+00:00,7496.75,7497.25,7496.0,7496.0,190
2026-07-31 00:32:00+00:00,7495.75,7496.75,7495.5,7496.75,101
2026-07-31 00:33:00+00:00,7496.5,7497.25,7496.0,7497.0,153
2026-07-31 00:34:00+00:00,7496.75,7497.0,7496.0,7496.25,107
2026-07-31 00:35:00+00:00,7496.25,7496.75,7496.0,7496.25,109
2026-07-31 00:36:00+00:00,7496.25,7496.25,7494.0,7494.5,279
2026-07-31 00:37:00+00:00,7495.0,7495.25,7494.25,7495.0,108
2026-07-31 00:38:00+00:00,7495.25,7496.25,7494.75,7495.5,100
2026-07-31 00:39:00+00:00,7495.75,7495.75,7494.0,7495.0,113
2026-07-31 00:40:00+00:00,7494.75,7495.5,7494.25,7494.25,90
2026-07-31 00:41:00+00:00,7494.0,7495.0,7493.75,7494.25,202
2026-07-31 00:42:00+00:00,7494.0,7496.75,7494.0,7496.0,290
2026-07-31 00:43:00+00:00,7495.75,7496.0,7494.25,7496.0,211
2026-07-31 00:44:00+00:00,7496.0,7496.5,7495.0,7496.5,155
2026-07-31 00:45:00+00:00,7497.0,7497.0,7495.5,7495.75,143
2026-07-31 00:46:00+00:00,7495.5,7495.5,7493.0,7493.25,356
2026-07-31 00:47:00+00:00,7493.0,7493.75,7492.5,7493.25,138
2026-07-31 00:48:00+00:00,7493.25,7493.5,7492.5,7493.5,73
2026-07-31 00:49:00+00:00,7493.5,7493.5,7491.5,7492.0,97
2026-07-31 00:50:00+00:00,7492.0,7493.5,7492.0,7493.25,161
2026-07-31 00:51:00+00:00,7493.0,7493.75,7492.5,7493.0,117
2026-07-31 00:52:00+00:00,7493.0,7493.75,7493.0,7493.75,63
2026-07-31 00:53:00+00:00,7493.5,7493.5,7492.25,7492.5,85
2026-07-31 00:54:00+00:00,7492.25,7492.75,7491.25,7491.25,117
2026-07-31 00:55:00+00:00,7491.5,7492.75,7491.25,7492.5,108
2026-07-31 00:56:00+00:00,7492.5,7493.25,7492.5,7493.25,123
2026-07-31 00:57:00+00:00,7493.25,7494.0,7493.0,7493.75,145
2026-07-31 00:58:00+00:00,7494.0,7495.0,7494.0,7494.75,172
2026-07-31 00:59:00+00:00,7494.5,7495.5,7494.5,7495.0,153
2026-07-31 01:00:00+00:00,7495.0,7497.0,7495.0,7496.75,569
2026-07-31 01:01:00+00:00,7496.75,7498.75,7496.75,7498.0,501
2026-07-31 01:02:00+00:00,7498.0,7499.75,7497.75,7498.75,460
2026-07-31 01:03:00+00:00,7498.75,7498.75,7498.0,7498.5,254
2026-07-31 01:04:00+00:00,7498.5,7499.25,7498.5,7499.25,169
2026-07-31 01:05:00+00:00,7499.25,7500.0,7498.75,7499.5,356
2026-07-31 01:06:00+00:00,7499.75,7500.75,7499.25,7499.75,470
2026-07-31 01:07:00+00:00,7499.5,7500.25,7499.5,7499.75,106
2026-07-31 01:08:00+00:00,7499.75,7501.0,7499.5,7501.0,332
2026-07-31 01:09:00+00:00,7501.0,7501.75,7500.5,7501.5,291
2026-07-31 01:10:00+00:00,7501.75,7502.0,7501.0,7501.0,346
2026-07-31 01:11:00+00:00,7501.25,7501.75,7499.75,7500.0,432
2026-07-31 01:12:00+00:00,7499.75,7500.25,7499.25,7500.25,185
2026-07-31 01:13:00+00:00,7500.25,7500.5,7499.75,7500.5,174
2026-07-31 01:14:00+00:00,7500.75,7501.0,7499.5,7500.0,244
2026-07-31 01:15:00+00:00,7500.0,7501.5,7499.75,7501.5,205
2026-07-31 01:16:00+00:00,7501.25,7502.0,7501.0,7502.0,172
2026-07-31 01:17:00+00:00,7501.75,7503.75,7501.75,7503.5,653
2026-07-31 01:18:00+00:00,7503.75,7504.5,7501.5,7501.5,438
2026-07-31 01:19:00+00:00,7501.75,7502.25,7501.5,7502.25,128
2026-07-31 01:20:00+00:00,7502.0,7503.5,7501.75,7503.25,154
2026-07-31 01:21:00+00:00,7503.25,7503.5,7503.0,7503.5,123
2026-07-31 01:22:00+00:00,7503.25,7503.5,7503.0,7503.0,82
2026-07-31 01:23:00+00:00,7503.25,7503.75,7502.25,7502.5,244
2026-07-31 01:24:00+00:00,7502.25,7502.5,7500.75,7502.25,332
2026-07-31 01:25:00+00:00,7502.25,7502.75,7502.0,7502.5,180
2026-07-31 01:26:00+00:00,7502.75,7503.5,7502.5,7503.5,172
2026-07-31 01:27:00+00:00,7503.5,7503.75,7502.0,7502.75,229
2026-07-31 01:28:00+00:00,7502.5,7502.5,7501.25,7501.75,97
2026-07-31 01:29:00+00:00,7501.75,7502.5,7500.75,7502.25,105
2026-07-31 01:30:00+00:00,7502.25,7502.75,7500.75,7501.75,304
2026-07-31 01:31:00+00:00,7501.5,7502.0,7500.25,7500.25,251
2026-07-31 01:32:00+00:00,7500.25,7500.5,7499.5,7500.0,248
2026-07-31 01:33:00+00:00,7500.0,7501.0,7499.75,7501.0,112
2026-07-31 01:34:00+00:00,7501.0,7501.5,7499.75,7501.0,279
2026-07-31 01:35:00+00:00,7501.25,7501.25,7499.5,7500.25,145
2026-07-31 01:36:00+00:00,7500.0,7500.25,7499.25,7499.5,193
2026-07-31 01:37:00+00:00,7499.5,7499.5,7497.25,7498.5,319
2026-07-31 01:38:00+00:00,7498.5,7498.5,7497.0,7497.75,233
2026-07-31 01:39:00+00:00,7497.75,7498.25,7497.0,7498.25,121
2026-07-31 01:40:00+00:00,7498.25,7498.5,7496.5,7497.5,181
2026-07-31 01:41:00+00:00,7497.5,7498.0,7496.75,7497.25,116
2026-07-31 01:42:00+00:00,7497.25,7497.75,7497.0,7497.75,142
2026-07-31 01:43:00+00:00,7497.75,7497.75,7496.5,7496.75,125
2026-07-31 01:44:00+00:00,7496.75,7497.0,7496.5,7497.0,90
2026-07-31 01:45:00+00:00,7497.0,7497.25,7496.0,7496.25,121
2026-07-31 01:46:00+00:00,7496.5,7496.5,7495.5,7496.0,192
2026-07-31 01:47:00+00:00,7496.0,7496.25,7494.5,7494.75,188
2026-07-31 01:48:00+00:00,7494.75,7496.0,7494.25,7494.75,206
2026-07-31 01:49:00+00:00,7494.75,7496.25,7494.5,7494.75,96
2026-07-31 01:50:00+00:00,7495.0,7495.75,7494.5,7495.5,215
2026-07-31 01:51:00+00:00,7495.5,7496.5,7495.25,7495.75,316
2026-07-31 01:52:00+00:00,7495.75,7496.75,7495.75,7496.25,117
2026-07-31 01:53:00+00:00,7496.5,7497.0,7496.0,7496.25,138
2026-07-31 01:54:00+00:00,7496.25,7496.75,7495.5,7495.75,129
2026-07-31 01:55:00+00:00,7495.75,7496.75,7495.5,7496.5,102
2026-07-31 01:56:00+00:00,7496.5,7498.0,7496.25,7497.75,81
2026-07-31 01:57:00+00:00,7497.75,7497.75,7496.25,7497.25,127
2026-07-31 01:58:00+00:00,7497.25,7497.25,7496.75,7496.75,91
2026-07-31 01:59:00+00:00,7496.75,7497.75,7496.5,7497.75,176
2026-07-31 02:00:00+00:00,7497.75,7500.5,7497.75,7499.5,248
2026-07-31 02:01:00+00:00,7499.75,7499.75,7497.75,7498.0,127
2026-07-31 02:02:00+00:00,7497.75,7498.25,7497.0,7497.0,179
2026-07-31 02:03:00+00:00,7497.0,7497.5,7496.0,7496.0,182
2026-07-31 02:04:00+00:00,7495.75,7496.25,7495.0,7495.25,213
2026-07-31 02:05:00+00:00,7495.0,7496.0,7494.5,7495.75,170
2026-07-31 02:06:00+00:00,7495.5,7497.5,7495.5,7496.75,243
2026-07-31 02:07:00+00:00,7497.0,7498.0,7496.75,7496.75,103
2026-07-31 02:08:00+00:00,7497.0,7497.25,7496.5,7496.75,109
2026-07-31 02:09:00+00:00,7496.5,7498.0,7496.5,7497.75,70
2026-07-31 02:10:00+00:00,7497.75,7497.75,7496.0,7496.5,84
2026-07-31 02:11:00+00:00,7496.5,7496.75,7495.5,7495.5,79
2026-07-31 02:12:00+00:00,7495.25,7496.0,7494.75,7495.75,140
2026-07-31 02:13:00+00:00,7495.75,7496.25,7495.25,7496.0,97
2026-07-31 02:14:00+00:00,7495.75,7496.0,7494.25,7494.75,193
2026-07-31 02:15:00+00:00,7495.0,7495.0,7493.0,7493.5,293
2026-07-31 02:16:00+00:00,7493.5,7493.75,7492.5,7493.25,267
2026-07-31 02:17:00+00:00,7493.25,7493.25,7491.25,7493.0,424
2026-07-31 02:18:00+00:00,7492.75,7493.25,7491.75,7493.25,223
2026-07-31 02:19:00+00:00,7493.25,7493.25,7491.5,7492.25,183
2026-07-31 02:20:00+00:00,7492.0,7494.0,7492.0,7492.75,197
2026-07-31 02:21:00+00:00,7492.75,7494.25,7492.5,7493.75,129
2026-07-31 02:22:00+00:00,7493.75,7493.75,7493.0,7493.0,46
2026-07-31 02:23:00+00:00,7493.0,7493.5,7492.5,7493.0,103
2026-07-31 02:24:00+00:00,7493.25,7493.25,7491.5,7492.25,124
2026-07-31 02:25:00+00:00,7492.5,7492.5,7491.25,7491.75,335
2026-07-31 02:26:00+00:00,7492.0,7492.25,7491.75,7492.25,92
2026-07-31 02:27:00+00:00,7492.25,7493.25,7492.25,7493.0,87
2026-07-31 02:28:00+00:00,7492.75,7493.0,7492.5,7492.5,91
2026-07-31 02:29:00+00:00,7492.75,7492.75,7492.0,7492.75,81
2026-07-31 02:30:00+00:00,7492.5,7492.75,7491.5,7492.75,147
2026-07-31 02:31:00+00:00,7492.5,7493.75,7492.5,7492.75,111
2026-07-31 02:32:00+00:00,7493.0,7493.25,7492.5,7493.0,59
2026-07-31 02:33:00+00:00,7493.0,7493.5,7492.75,7493.5,48
2026-07-31 02:34:00+00:00,7493.25,7493.5,7492.25,7492.5,64
2026-07-31 02:35:00+00:00,7492.25,7492.5,7491.25,7491.5,67
2026-07-31 02:36:00+00:00,7491.5,7491.75,7490.75,7491.5,120
2026-07-31 02:37:00+00:00,7491.25,7491.25,7488.5,7488.75,288
2026-07-31 02:38:00+00:00,7489.0,7491.75,7489.0,7491.5,223
2026-07-31 02:39:00+00:00,7491.25,7491.25,7490.5,7491.0,76
2026-07-31 02:40:00+00:00,7490.75,7492.25,7490.75,7492.25,131
2026-07-31 02:41:00+00:00,7492.25,7492.25,7491.5,7491.5,105
2026-07-31 02:42:00+00:00,7491.5,7492.0,7490.25,7490.25,131
2026-07-31 02:43:00+00:00,7490.5,7491.25,7490.25,7491.25,67
2026-07-31 02:44:00+00:00,7491.0,7492.25,7491.0,7492.25,89
2026-07-31 02:45:00+00:00,7492.5,7493.75,7492.5,7493.25,140
2026-07-31 02:46:00+00:00,7493.25,7493.75,7493.0,7493.0,195
2026-07-31 02:47:00+00:00,7493.0,7493.0,7492.25,7493.0,85
2026-07-31 02:48:00+00:00,7493.0,7493.0,7491.0,7491.0,135
2026-07-31 02:49:00+00:00,7491.0,7491.0,7489.5,7489.75,130
2026-07-31 02:50:00+00:00,7489.75,7490.5,7489.25,7490.25,104
2026-07-31 02:51:00+00:00,7490.25,7491.0,7490.0,7490.75,86
2026-07-31 02:52:00+00:00,7490.75,7491.5,7490.5,7491.25,114
2026-07-31 02:53:00+00:00,7491.5,7492.0,7491.0,7491.0,93
2026-07-31 02:54:00+00:00,7491.0,7491.75,7490.5,7490.5,74
2026-07-31 02:55:00+00:00,7490.25,7491.75,7490.25,7491.75,92
2026-07-31 02:56:00+00:00,7491.5,7492.0,7490.5,7491.5,120
2026-07-31 02:57:00+00:00,7491.25,7492.25,7491.25,7492.25,71
2026-07-31 02:58:00+00:00,7492.5,7493.0,7492.25,7492.25,144
2026-07-31 02:59:00+00:00,7492.25,7493.0,7492.25,7493.0,63
2026-07-31 03:00:00+00:00,7492.75,7493.0,7491.25,7491.75,162
2026-07-31 03:01:00+00:00,7491.75,7491.75,7490.25,7491.5,181
2026-07-31 03:02:00+00:00,7491.5,7492.5,7491.25,7492.0,104
2026-07-31 03:03:00+00:00,7492.0,7492.75,7491.5,7492.75,139
2026-07-31 03:04:00+00:00,7493.0,7493.25,7492.5,7493.0,0
